,imodulon,GOs,pvalue,qvalue,precision,recall,f1score,TP,target_set_size,imodulon_size,source,kegg_id,pathway_name,module_name
0,15,ribonucleoprotein complex,1.1761324225048758e-63,1.3366744981767914e-60,0.2727272727272727,0.8936170212765957,0.417910447761194,42.0,47.0,154.0,GO,,,
1,15,ribosome,1.1761324225048758e-63,1.3366744981767914e-60,0.2727272727272727,0.8936170212765957,0.417910447761194,42.0,47.0,154.0,GO,,,
2,15,intracellular non-membrane-bounded organelle,3.889382780138988e-61,1.768113411851184e-58,0.2727272727272727,0.84,0.41176470588235287,42.0,50.0,154.0,GO,,,
3,15,ribosomal subunit,2.8101009476220212e-61,1.768113411851184e-58,0.2597402597402597,0.9090909090909091,0.40404040404040403,40.0,44.0,154.0,GO,,,
4,15,non-membrane-bounded organelle,3.889382780138988e-61,1.768113411851184e-58,0.2727272727272727,0.84,0.41176470588235287,42.0,50.0,154.0,GO,,,
5,15,obsolete intracellular organelle part,7.233112562783195e-58,2.3486949793151717e-55,0.2597402597402597,0.8333333333333334,0.39603960396039606,40.0,48.0,154.0,GO,,,
6,15,obsolete organelle part,7.233112562783195e-58,2.3486949793151717e-55,0.2597402597402597,0.8333333333333334,0.39603960396039606,40.0,48.0,154.0,GO,,,
7,15,structural molecule activity,9.595040315840958e-57,2.4232807375451665e-54,0.23376623376623376,0.9473684210526315,0.375,36.0,38.0,154.0,GO,,,
8,15,structural constituent of ribosome,9.595040315840958e-57,2.4232807375451665e-54,0.23376623376623376,0.9473684210526315,0.375,36.0,38.0,154.0,GO,,,
9,15,cytosolic ribosome,1.2228674918497536e-55,2.77957780897449e-53,0.23376623376623376,0.9230769230769231,0.37305699481865284,36.0,39.0,154.0,GO,,,
10,15,intracellular organelle,1.6954319289679054e-55,3.2114306454533742e-53,0.2727272727272727,0.711864406779661,0.39436619718309857,42.0,59.0,154.0,GO,,,
11,15,organelle,1.6954319289679054e-55,3.2114306454533742e-53,0.2727272727272727,0.711864406779661,0.39436619718309857,42.0,59.0,154.0,GO,,,
12,15,obsolete cytosolic part,6.613800716167284e-53,1.1563976175267874e-50,0.23376623376623376,0.8571428571428571,0.3673469387755102,36.0,42.0,154.0,GO,,,
13,15,protein-containing complex,3.7021568806659183e-50,6.010716135538309e-48,0.2987012987012987,0.4946236559139785,0.3724696356275303,46.0,93.0,154.0,GO,,,
14,15,obsolete cytoplasmic part,8.888726362104255e-40,1.3469383347375315e-37,0.35714285714285715,0.23706896551724138,0.2849740932642487,55.0,232.0,154.0,GO,,,
15,15,obsolete intracellular part,4.106625329952366e-38,5.8339746093635795e-36,0.38961038961038963,0.19292604501607716,0.2580645161290323,60.0,311.0,154.0,GO,,,
16,15,translation,4.489921760937204e-38,6.003289507417803e-36,0.19480519480519481,0.6666666666666666,0.3015075376884422,30.0,45.0,154.0,GO,,,
17,15,intracellular anatomical structure,6.083662239294432e-38,7.682313483286804e-36,0.38961038961038963,0.19169329073482427,0.2569593147751606,60.0,313.0,154.0,GO,,,
18,15,peptide biosynthetic process,1.264343635747496e-37,1.512554254765294e-35,0.19480519480519481,0.6521739130434783,0.3,30.0,46.0,154.0,GO,,,
19,15,cytoplasm,2.7171030868194257e-37,3.087987658170277e-35,0.37662337662337664,0.19727891156462585,0.25892857142857145,58.0,294.0,154.0,GO,,,
20,15,cytosol,8.24457158258445e-37,8.923767241530692e-35,0.33116883116883117,0.2383177570093458,0.2771739130434782,51.0,214.0,154.0,GO,,,
21,15,peptide metabolic process,8.942437000365619e-37,9.239163319014114e-35,0.19480519480519481,0.625,0.29702970297029707,30.0,48.0,154.0,GO,,,
22,15,cytosolic large ribosomal subunit,2.1533089401760703e-35,2.03936300875842e-33,0.14935064935064934,0.92,0.25698324022346375,23.0,25.0,154.0,GO,,,
23,15,large ribosomal subunit,2.1533089401760703e-35,2.03936300875842e-33,0.14935064935064934,0.92,0.25698324022346375,23.0,25.0,154.0,GO,,,
24,15,amide metabolic process,2.3689013569671646e-34,2.1538051137545461e-32,0.2012987012987013,0.5166666666666667,0.28971962616822433,31.0,60.0,154.0,GO,,,
25,15,amide biosynthetic process,3.264283453451994e-34,2.8537370344986087e-32,0.19480519480519481,0.5454545454545454,0.28708133971291866,30.0,55.0,154.0,GO,,,
26,15,cellular_component,4.393856981342013e-33,3.6989766365149614e-31,0.44805194805194803,0.13092979127134724,0.20264317180616742,69.0,527.0,154.0,GO,,,
27,15,gene expression,7.1910023768238e-33,5.837553000900178e-31,0.21428571428571427,0.4230769230769231,0.28448275862068967,33.0,78.0,154.0,GO,,,
28,15,obsolete cell,1.5160885828456045e-32,1.1486897829360197e-30,0.44155844155844154,0.13102119460500963,0.20208023774145614,68.0,519.0,154.0,GO,,,
29,15,obsolete cell part,1.5160885828456045e-32,1.1486897829360197e-30,0.44155844155844154,0.13102119460500963,0.20208023774145614,68.0,519.0,154.0,GO,,,
30,15,obsolete cellular macromolecule biosynthetic process,2.1356193550646237e-32,1.5169571231443404e-30,0.2012987012987013,0.4626865671641791,0.28054298642533937,31.0,67.0,154.0,GO,,,
31,15,macromolecule biosynthetic process,2.1356193550646237e-32,1.5169571231443404e-30,0.2012987012987013,0.4626865671641791,0.28054298642533937,31.0,67.0,154.0,GO,,,
32,15,growth,4.610971737621302e-32,3.175981442307036e-30,0.33116883116883117,0.19391634980988592,0.24460431654676254,51.0,263.0,154.0,GO,,,
33,15,RNA binding,1.1008099483174975e-30,7.359238272134328e-29,0.14285714285714285,0.7857142857142857,0.24175824175824173,22.0,28.0,154.0,GO,,,
34,15,biological_process,3.0191853476833114e-30,1.9607452272240476e-28,0.43506493506493504,0.12293577981651377,0.19170243204577972,67.0,545.0,154.0,GO,,,
35,15,protein metabolic process,3.1302328049821562e-27,1.9763942127012338e-25,0.19480519480519481,0.35714285714285715,0.25210084033613445,30.0,159.0,154.0,GO,,,
36,15,molecular_function,3.3808561986753666e-27,2.076942199888948e-25,0.37012987012987014,0.13411764705882354,0.1968911917098446,57.0,425.0,154.0,GO,,,
37,15,small ribosomal subunit,8.444416343232709e-26,5.05109430214946e-24,0.11038961038961038,0.8947368421052632,0.19653179190751444,17.0,19.0,154.0,GO,,,
38,15,cellular nitrogen compound biosynthetic process,1.3746522463272998e-25,8.011755271543468e-24,0.21428571428571427,0.2727272727272727,0.23999999999999996,33.0,121.0,154.0,GO,,,
39,15,cell periphery,3.360648054749284e-25,1.9096882571112804e-23,0.33766233766233766,0.13793103448275862,0.19585687382297554,52.0,377.0,154.0,GO,,,
40,15,membrane,9.112225390286333e-25,5.0517288566148373e-23,0.3181818181818182,0.14583333333333334,0.2,49.0,369.0,154.0,GO,,,
41,15,plasma membrane,2.6702706599616972e-24,1.445125050022128e-22,0.3116883116883117,0.14634146341463414,0.19917012448132776,48.0,359.0,154.0,GO,,,
42,15,nucleic acid binding,8.037803680518553e-24,4.248820410655505e-22,0.14935064935064934,0.45098039215686275,0.22439024390243906,23.0,51.0,154.0,GO,,,
43,15,obsolete cellular macromolecule metabolic process,2.7464290039885637e-23,1.418780255924092e-21,0.2077922077922078,0.24615384615384617,0.22535211267605634,32.0,130.0,154.0,GO,,,
44,15,organonitrogen compound biosynthetic process,3.706446702001765e-23,1.872167411922225e-21,0.22077922077922077,0.2222222222222222,0.2214983713355049,34.0,153.0,154.0,GO,,,
45,15,macromolecule metabolic process,1.1689593934193684e-21,5.77618413313527e-20,0.21428571428571427,0.21019108280254778,0.2122186495176849,33.0,157.0,154.0,GO,,,
46,15,cellular nitrogen compound metabolic process,3.406522615978035e-21,1.647452320450654e-19,0.23376623376623376,0.18,0.20338983050847456,36.0,200.0,154.0,GO,,,
47,15,organonitrogen compound metabolic process,4.910600639880387e-20,2.3253740113433583e-18,0.22727272727272727,0.17326732673267325,0.19662921348314605,35.0,202.0,154.0,GO,,,
48,15,organic substance biosynthetic process,6.874962710760471e-20,3.1891408656241937e-18,0.22727272727272727,0.1715686274509804,0.19553072625698326,35.0,204.0,154.0,GO,,,
49,15,cellular biosynthetic process,1.8419081142795785e-19,8.373314287514964e-18,0.22727272727272727,0.16666666666666666,0.1923076923076923,35.0,210.0,154.0,GO,,,
50,15,biosynthetic process,2.5385414640104266e-19,1.1313930877834704e-17,0.22727272727272727,0.1650943396226415,0.1912568306010929,35.0,212.0,154.0,GO,,,
51,15,cytosolic small ribosomal subunit,8.520810516052146e-19,3.7245773659589475e-17,0.07792207792207792,0.9230769230769231,0.1437125748502994,12.0,13.0,154.0,GO,,,
52,15,nitrogen compound metabolic process,8.995969816381126e-19,3.8580829042706224e-17,0.24675324675324675,0.14339622641509434,0.18138424821002389,38.0,265.0,154.0,GO,,,
53,15,primary metabolic process,1.2026240520940033e-16,5.062156426684573e-15,0.24025974025974026,0.1284722222222222,0.16742081447963797,37.0,288.0,154.0,GO,,,
54,15,organic cyclic compound binding,1.6868086936454018e-16,6.8466360011714256e-15,0.14935064935064934,0.23711340206185566,0.18326693227091634,23.0,97.0,154.0,GO,,,
55,15,heterocyclic compound binding,1.6868086936454018e-16,6.8466360011714256e-15,0.14935064935064934,0.23711340206185566,0.18326693227091634,23.0,97.0,154.0,GO,,,
56,15,cell wall,5.709959230025509e-16,2.2377133327324107e-14,0.18831168831168832,0.1638418079096045,0.17522658610271902,29.0,177.0,154.0,GO,,,
57,15,external encapsulating structure,5.709959230025509e-16,2.2377133327324107e-14,0.18831168831168832,0.1638418079096045,0.17522658610271902,29.0,177.0,154.0,GO,,,
58,15,organic substance metabolic process,8.618116884784312e-16,3.320166047307583e-14,0.24675324675324675,0.11764705882352941,0.15932914046121593,38.0,323.0,154.0,GO,,,
59,15,cellular metabolic process,3.580994852619324e-15,1.3566002166672872e-13,0.24675324675324675,0.11275964391691394,0.15478615071283097,38.0,337.0,154.0,GO,,,
60,15,rRNA binding,4.555303478045768e-15,1.6974106238685296e-13,0.05844155844155844,1.0,0.11042944785276072,9.0,9.0,154.0,GO,,,
61,15,cellular process,5.156609774824525e-15,1.890479680350991e-13,0.2597402597402597,0.10582010582010581,0.15037593984962405,40.0,378.0,154.0,GO,,,
62,15,binding,5.442630671150649e-14,1.9636665897659404e-12,0.17532467532467533,0.15083798882681565,0.16216216216216217,27.0,179.0,154.0,GO,,,
63,15,metabolic process,8.452848319850695e-14,3.0020819110969732e-12,0.24675324675324675,0.10242587601078167,0.14476190476190476,38.0,371.0,154.0,GO,,,
64,15,protein-RNA complex organization,1.614137466665889e-12,5.644514556510101e-11,0.05194805194805195,0.8888888888888888,0.09815950920245399,8.0,9.0,154.0,GO,,,
65,15,protein-containing complex organization,4.453415826986669e-11,1.5337294204152574e-09,0.05844155844155844,0.5625,0.10588235294117648,9.0,16.0,154.0,GO,,,
66,15,ribosome assembly,5.73935199442443e-11,1.918462806371578e-09,0.045454545454545456,0.875,0.08641975308641976,7.0,8.0,154.0,GO,,,
67,15,protein-RNA complex assembly,5.73935199442443e-11,1.918462806371578e-09,0.045454545454545456,0.875,0.08641975308641976,7.0,8.0,154.0,GO,,,
68,15,ribonucleoprotein complex biogenesis,9.594132188151998e-11,3.115351780524213e-09,0.06493506493506493,0.43478260869565216,0.11299435028248588,10.0,23.0,154.0,GO,,,
69,15,ribosome biogenesis,9.594132188151998e-11,3.115351780524213e-09,0.06493506493506493,0.43478260869565216,0.11299435028248588,10.0,23.0,154.0,GO,,,
70,15,organelle assembly,8.236553124635661e-10,2.6368570777882896e-08,0.045454545454545456,0.7,0.08536585365853659,7.0,10.0,154.0,GO,,,
71,15,organelle organization,3.6472154450457253e-09,1.1514056536929076e-07,0.05194805194805195,0.47058823529411764,0.0935672514619883,8.0,17.0,154.0,GO,,,
72,15,cellular component organization or biogenesis,5.608457377742588e-09,1.746304605425877e-07,0.07792207792207792,0.23076923076923078,0.11650485436893206,12.0,52.0,154.0,GO,,,
73,15,ribosomal large subunit biogenesis,1.1501664319383275e-08,3.53287608080516e-07,0.032467532467532464,1.0,0.06289308176100628,5.0,5.0,154.0,GO,,,
74,15,protein-containing complex assembly,2.1563468696386215e-08,6.535168579584782e-07,0.045454545454545456,0.5,0.08333333333333334,7.0,23.0,154.0,GO,,,
75,15,cellular component organization,4.068556630368688e-08,1.2168196343194773e-06,0.05844155844155844,0.3,0.09782608695652173,9.0,30.0,154.0,GO,,,
76,15,cellular component biogenesis,8.045649200641147e-08,2.3750338484490034e-06,0.06493506493506493,0.23809523809523808,0.10204081632653061,10.0,42.0,154.0,GO,,,
77,15,cellular component assembly,2.835007601055345e-07,8.261502919485641e-06,0.045454545454545456,0.3684210526315789,0.08092485549132948,7.0,19.0,154.0,GO,,,
78,15,cytoplasmic translation,4.510185968440828e-07,1.2656361365760497e-05,0.025974025974025976,1.0,0.05063291139240507,4.0,4.0,154.0,GO,,,
79,15,ribosomal large subunit assembly,4.510185968440828e-07,1.2656361365760497e-05,0.025974025974025976,1.0,0.05063291139240507,4.0,4.0,154.0,GO,,,
80,15,"translation factor activity, RNA binding",4.510185968440828e-07,1.2656361365760497e-05,0.025974025974025976,1.0,0.05063291139240507,4.0,4.0,154.0,GO,,,
81,15,ribosomal small subunit biogenesis,2.209086326942881e-06,6.123479537977035e-05,0.025974025974025976,0.8,0.050314465408805034,4.0,5.0,154.0,GO,,,
82,15,ribonucleoprotein complex binding,6.893416024214959e-05,0.0018653255503619762,0.01948051948051948,0.75,0.0379746835443038,3.0,4.0,154.0,GO,,,
83,15,ribosomal small subunit assembly,6.893416024214959e-05,0.0018653255503619762,0.01948051948051948,0.75,0.0379746835443038,3.0,4.0,154.0,GO,,,
84,15,mRNA binding,0.0003315513891791215,0.008866074207107567,0.01948051948051948,0.5,0.037500000000000006,3.0,6.0,154.0,GO,,,
85,15,RNA metabolic process,0.0004108391271434671,0.010858573674384892,0.045454545454545456,0.1320754716981132,0.06763285024154589,7.0,53.0,154.0,GO,,,
86,15,protein-containing complex binding,0.0005690851090489131,0.014868166124921605,0.01948051948051948,0.42857142857142855,0.037267080745341616,3.0,7.0,154.0,GO,,,
87,15,translation elongation factor activity,0.0006802137814741775,0.015939442528771188,0.012987012987012988,1.0,0.025641025641025647,2.0,2.0,154.0,GO,,,
88,15,small ribosomal subunit rRNA binding,0.0006802137814741775,0.015939442528771188,0.012987012987012988,1.0,0.025641025641025647,2.0,2.0,154.0,GO,,,
89,15,5S rRNA binding,0.0006802137814741775,0.015939442528771188,0.012987012987012988,1.0,0.025641025641025647,2.0,2.0,154.0,GO,,,
90,15,"maturation of SSU-rRNA from tricistronic rRNA transcript (SSU-rRNA, 5.8S rRNA, LSU-rRNA)",0.0006802137814741775,0.015939442528771188,0.012987012987012988,1.0,0.025641025641025647,2.0,2.0,154.0,GO,,,
91,15,maturation of SSU-rRNA,0.0006802137814741775,0.015939442528771188,0.012987012987012988,1.0,0.025641025641025647,2.0,2.0,154.0,GO,,,
92,15,cellular component disassembly,0.0006802137814741775,0.015939442528771188,0.012987012987012988,1.0,0.025641025641025647,2.0,2.0,154.0,GO,,,
93,15,RNA polymerase complex,0.0006802137814741775,0.015939442528771188,0.012987012987012988,1.0,0.025641025641025647,2.0,2.0,154.0,GO,,,
94,15,DNA-directed RNA polymerase complex,0.0006802137814741775,0.015939442528771188,0.012987012987012988,1.0,0.025641025641025647,2.0,2.0,154.0,GO,,,
95,15,protein-containing complex disassembly,0.0006802137814741775,0.015939442528771188,0.012987012987012988,1.0,0.025641025641025647,2.0,3.0,154.0,GO,,,
96,15,translational elongation,0.0006802137814741775,0.015939442528771188,0.012987012987012988,1.0,0.025641025641025647,2.0,2.0,154.0,GO,,,
97,15,ncRNA processing,0.0009644891676485375,0.022370243653725773,0.032467532467532464,0.16666666666666666,0.05434782608695652,5.0,30.0,154.0,GO,,,
98,15,ncRNA metabolic process,0.0010194894841404456,0.023407066640921542,0.03896103896103896,0.13333333333333333,0.06030150753768845,6.0,45.0,154.0,GO,,,
99,15,RNA processing,0.001125997468722254,0.025593922464056833,0.032467532467532464,0.16129032258064516,0.05405405405405406,5.0,31.0,154.0,GO,,,
100,15,ribosome binding,0.002005497736406192,0.04469114073383602,0.012987012987012988,0.6666666666666666,0.025477707006369428,2.0,3.0,154.0,GO,,,
101,15,"transferase complex, transferring phosphorus-containing groups",0.002005497736406192,0.04469114073383602,0.012987012987012988,0.6666666666666666,0.025477707006369428,2.0,3.0,154.0,GO,,,
102,15,cellular aromatic compound metabolic process,0.00396708006257071,0.08754536875944878,0.07142857142857142,0.06626506024096386,0.06874999999999999,11.0,166.0,154.0,GO,,,
103,29,cysteine biosynthetic process,7.776789183976625e-07,0.0010287713638384938,0.14285714285714285,0.5,0.22222222222222224,3.0,6.0,21.0,GO,,,
104,29,cysteine metabolic process,1.3578152624353195e-06,0.0010287713638384938,0.14285714285714285,0.42857142857142855,0.21428571428571427,3.0,7.0,21.0,GO,,,
105,29,serine family amino acid biosynthetic process,1.3578152624353195e-06,0.0010287713638384938,0.14285714285714285,0.42857142857142855,0.21428571428571427,3.0,7.0,21.0,GO,,,
106,29,serine family amino acid metabolic process,3.2438189299478724e-06,0.0018433001069428784,0.14285714285714285,0.3333333333333333,0.2,3.0,9.0,21.0,GO,,,
107,29,sulfur amino acid biosynthetic process,8.437371064647937e-06,0.003835628885988952,0.14285714285714285,0.25,0.18181818181818182,3.0,12.0,21.0,GO,,,
108,29,sulfur amino acid metabolic process,1.733018435890241e-05,0.006565251507964197,0.14285714285714285,0.2,0.16666666666666666,3.0,15.0,21.0,GO,,,
109,29,L-serine metabolic process,7.24372735519472e-05,0.01829443586484178,0.09523809523809523,0.5,0.16,2.0,4.0,21.0,GO,,,
110,29,cysteine biosynthetic process from serine,7.24372735519472e-05,0.01829443586484178,0.09523809523809523,0.5,0.16,2.0,4.0,21.0,GO,,,
111,29,sulfur compound biosynthetic process,5.772052246922297e-05,0.01829443586484178,0.14285714285714285,0.13636363636363635,0.1395348837209302,3.0,22.0,21.0,GO,,,
112,29,"oxidoreductase activity, acting on a sulfur group of donors",0.00012046896674090375,0.02738259614020742,0.09523809523809523,0.4,0.15384615384615385,2.0,5.0,21.0,GO,,,
113,29,sulfur compound metabolic process,0.00013477110948461482,0.02784861198713904,0.14285714285714285,0.10344827586206896,0.12000000000000001,3.0,29.0,21.0,GO,,,
114,29,alpha-amino acid biosynthetic process,0.0002813662154890053,0.05329545065054242,0.14285714285714285,0.08108108108108109,0.10344827586206896,3.0,37.0,21.0,GO,,,
115,29,amino acid biosynthetic process,0.000471944689431531,0.08251771377522076,0.14285714285714285,0.06818181818181818,0.0923076923076923,3.0,44.0,21.0,GO,,,
116,29,alpha-amino acid metabolic process,0.0006107030904362115,0.09915200889725062,0.14285714285714285,0.0625,0.08695652173913043,3.0,48.0,21.0,GO,,,
117,31,branched-chain amino acid biosynthetic process,1.1419211568334865e-05,0.025955867894825145,0.16666666666666666,0.6666666666666666,0.26666666666666666,2.0,3.0,12.0,GO,,,
118,31,branched-chain amino acid metabolic process,3.797783494995285e-05,0.043161809420621415,0.16666666666666666,0.4,0.23529411764705882,2.0,5.0,12.0,GO,,,
119,31,"oxidoreductase activity, acting on the CH-OH group of donors, NAD or NADP as acceptor",0.0001059769203753674,0.08029518000440336,0.16666666666666666,0.25,0.2,2.0,8.0,12.0,GO,,,
120,31,cellular_component,0.00028930366085261073,0.09394103158828346,0.5,0.011385199240986717,0.022263450834879406,6.0,527.0,12.0,GO,,,
121,31,obsolete cell,0.0002658025633889122,0.09394103158828346,0.5,0.011560693641618497,0.022598870056497175,6.0,519.0,12.0,GO,,,
122,31,obsolete cell part,0.0002658025633889122,0.09394103158828346,0.5,0.011560693641618497,0.022598870056497175,6.0,519.0,12.0,GO,,,
123,31,"oxidoreductase activity, acting on CH-OH group of donors",0.00016993435513671371,0.09394103158828346,0.16666666666666666,0.2,0.1818181818181818,2.0,10.0,12.0,GO,,,
124,53,potassium ion transport,2.5970416509200777e-06,0.001475768918135334,0.3333333333333333,0.6666666666666666,0.4444444444444444,2.0,6.0,6.0,GO,,,
125,53,potassium ion transmembrane transport,2.5970416509200777e-06,0.001475768918135334,0.3333333333333333,0.6666666666666666,0.4444444444444444,2.0,3.0,6.0,GO,,,
126,53,potassium ion transmembrane transporter activity,2.5970416509200777e-06,0.001475768918135334,0.3333333333333333,0.6666666666666666,0.4444444444444444,2.0,3.0,6.0,GO,,,
127,53,P-type potassium transmembrane transporter activity,2.5970416509200777e-06,0.001475768918135334,0.3333333333333333,0.6666666666666666,0.4444444444444444,2.0,3.0,6.0,GO,,,
128,53,metal ion transmembrane transporter activity,8.648959808523732e-06,0.002679569199395,0.3333333333333333,0.4,0.3636363636363636,2.0,5.0,6.0,GO,,,
129,53,inorganic cation transmembrane transporter activity,1.296755881801364e-05,0.002679569199395,0.3333333333333333,0.3333333333333333,0.3333333333333333,2.0,10.0,6.0,GO,,,
130,53,metal ion transport,8.648959808523732e-06,0.002679569199395,0.3333333333333333,0.4,0.3636363636363636,2.0,7.0,6.0,GO,,,
131,53,P-type ion transporter activity,8.648959808523732e-06,0.002679569199395,0.3333333333333333,0.4,0.3636363636363636,2.0,5.0,6.0,GO,,,
132,53,ATPase-coupled monoatomic cation transmembrane transporter activity,1.296755881801364e-05,0.002679569199395,0.3333333333333333,0.3333333333333333,0.3333333333333333,2.0,6.0,6.0,GO,,,
133,53,ATPase-coupled ion transmembrane transporter activity,1.296755881801364e-05,0.002679569199395,0.3333333333333333,0.3333333333333333,0.3333333333333333,2.0,6.0,6.0,GO,,,
134,53,active monoatomic ion transmembrane transporter activity,1.296755881801364e-05,0.002679569199395,0.3333333333333333,0.3333333333333333,0.3333333333333333,2.0,6.0,6.0,GO,,,
135,53,active transmembrane transporter activity,1.8146352242455007e-05,0.0027497772431400156,0.3333333333333333,0.2857142857142857,0.30769230769230765,2.0,7.0,6.0,GO,,,
136,53,primary active transmembrane transporter activity,1.8146352242455007e-05,0.0027497772431400156,0.3333333333333333,0.2857142857142857,0.30769230769230765,2.0,7.0,6.0,GO,,,
137,53,ATPase-coupled transmembrane transporter activity,1.8146352242455007e-05,0.0027497772431400156,0.3333333333333333,0.2857142857142857,0.30769230769230765,2.0,21.0,6.0,GO,,,
138,53,monoatomic cation transmembrane transporter activity,1.8146352242455007e-05,0.0027497772431400156,0.3333333333333333,0.2857142857142857,0.30769230769230765,2.0,7.0,6.0,GO,,,
139,53,inorganic molecular entity transmembrane transporter activity,3.107983111413985e-05,0.004155556242496463,0.3333333333333333,0.2222222222222222,0.26666666666666666,2.0,9.0,6.0,GO,,,
140,53,monoatomic ion transmembrane transporter activity,3.107983111413985e-05,0.004155556242496463,0.3333333333333333,0.2222222222222222,0.26666666666666666,2.0,9.0,6.0,GO,,,
141,53,inorganic cation transmembrane transport,3.88321731966249e-05,0.004903640537551578,0.3333333333333333,0.2,0.25,2.0,20.0,6.0,GO,,,
142,53,monoatomic cation transport,4.744002296372879e-05,0.005391558609827777,0.3333333333333333,0.18181818181818182,0.23529411764705885,2.0,11.0,6.0,GO,,,
143,53,monoatomic cation transmembrane transport,4.744002296372879e-05,0.005391558609827777,0.3333333333333333,0.18181818181818182,0.23529411764705885,2.0,17.0,6.0,GO,,,
144,53,inorganic ion transmembrane transport,5.690221097750472e-05,0.006158986931041344,0.3333333333333333,0.16666666666666666,0.2222222222222222,2.0,12.0,6.0,GO,,,
145,53,transmembrane transporter activity,6.721756869704503e-05,0.006366063902015973,0.3333333333333333,0.15384615384615385,0.21052631578947367,2.0,13.0,6.0,GO,,,
146,53,transporter activity,6.721756869704503e-05,0.006366063902015973,0.3333333333333333,0.15384615384615385,0.21052631578947367,2.0,13.0,6.0,GO,,,
147,53,monoatomic ion transmembrane transport,6.721756869704503e-05,0.006366063902015973,0.3333333333333333,0.15384615384615385,0.21052631578947367,2.0,19.0,6.0,GO,,,
148,53,monoatomic ion transport,7.838492847807356e-05,0.007126757697226448,0.3333333333333333,0.14285714285714285,0.2,2.0,14.0,6.0,GO,,,
149,53,transmembrane transport,0.0001315510666908347,0.011500599022625664,0.3333333333333333,0.1111111111111111,0.16666666666666666,2.0,24.0,6.0,GO,,,
150,53,ATP hydrolysis activity,0.00019825605919250732,0.016690223057206265,0.3333333333333333,0.09090909090909091,0.14285714285714288,2.0,39.0,6.0,GO,,,
151,53,transport,0.00021703904127707495,0.0170113703731997,0.3333333333333333,0.08695652173913043,0.13793103448275862,2.0,23.0,6.0,GO,,,
152,53,establishment of localization,0.00021703904127707495,0.0170113703731997,0.3333333333333333,0.08695652173913043,0.13793103448275862,2.0,23.0,6.0,GO,,,
153,53,localization,0.00023666239820550197,0.0179311210373702,0.3333333333333333,0.08333333333333333,0.13333333333333333,2.0,24.0,6.0,GO,,,
154,53,ribonucleoside triphosphate phosphatase activity,0.00030056314443023335,0.022038065396449043,0.3333333333333333,0.07407407407407407,0.12121212121212122,2.0,27.0,6.0,GO,,,
155,53,"hydrolase activity, acting on acid anhydrides, in phosphorus-containing anhydrides",0.0005076535680432084,0.03393813412241802,0.3333333333333333,0.05714285714285714,0.09756097560975609,2.0,35.0,6.0,GO,,,
156,53,"hydrolase activity, acting on acid anhydrides",0.0005076535680432084,0.03393813412241802,0.3333333333333333,0.05714285714285714,0.09756097560975609,2.0,35.0,6.0,GO,,,
157,53,pyrophosphatase activity,0.0004788623071904337,0.03393813412241802,0.3333333333333333,0.058823529411764705,0.1,2.0,34.0,6.0,GO,,,
158,53,potassium ion binding,0.0010193679918450561,0.06620066987039465,0.16666666666666666,1.0,0.2857142857142857,1.0,1.0,6.0,GO,,,
159,57,cellular respiration,3.672201618909055e-08,8.128637446942893e-05,0.03825136612021858,0.5384615384615384,0.07142857142857142,7.0,13.0,183.0,GO,,,
160,57,energy derivation by oxidation of organic compounds,7.152342672189084e-08,8.128637446942893e-05,0.03825136612021858,0.5,0.07106598984771573,7.0,14.0,183.0,GO,,,
161,57,NADH dehydrogenase activity,1.6107201510173493e-07,0.0001220388967754145,0.0273224043715847,0.8333333333333334,0.0529100529100529,5.0,6.0,183.0,GO,,,
162,57,generation of precursor metabolites and energy,1.3782808957745418e-06,0.0007832081190238834,0.03825136612021858,0.35,0.06896551724137931,7.0,20.0,183.0,GO,,,
163,57,obsolete membrane part,2.6518359879958524e-06,0.0012055246401429145,0.04918032786885246,0.225,0.08071748878923765,9.0,40.0,183.0,GO,,,
164,57,NADH dehydrogenase (quinone) activity,4.414702008388808e-06,0.00125432720813347,0.02185792349726776,0.8,0.0425531914893617,4.0,5.0,183.0,GO,,,
165,57,respiratory electron transport chain,4.414702008388808e-06,0.00125432720813347,0.02185792349726776,0.8,0.0425531914893617,4.0,5.0,183.0,GO,,,
166,57,NADH dehydrogenase (ubiquinone) activity,4.414702008388808e-06,0.00125432720813347,0.02185792349726776,0.8,0.0425531914893617,4.0,5.0,183.0,GO,,,
167,57,obsolete plasma membrane part,8.586322011360954e-06,0.0021685233257581612,0.04371584699453552,0.22857142857142856,0.07339449541284403,8.0,35.0,183.0,GO,,,
168,57,"oxidoreductase activity, acting on NAD(P)H",1.0917910107125278e-05,0.0024816409673495757,0.0273224043715847,0.45454545454545453,0.05154639175257732,5.0,11.0,183.0,GO,,,
169,57,obsolete oxidation-reduction process,1.742582289821247e-05,0.0036008086770579037,0.0546448087431694,0.16129032258064516,0.08163265306122448,10.0,62.0,183.0,GO,,,
170,57,"oxidoreductase activity, acting on NAD(P)H, quinone or similar compound as acceptor",2.9418522941717783e-05,0.005143715588194194,0.02185792349726776,0.5714285714285714,0.042105263157894736,4.0,7.0,183.0,GO,,,
171,57,electron transport chain,2.9418522941717783e-05,0.005143715588194194,0.02185792349726776,0.5714285714285714,0.042105263157894736,4.0,7.0,183.0,GO,,,
172,57,membrane protein complex,5.7408520465765995e-05,0.009320683358477579,0.02185792349726776,0.5,0.0418848167539267,4.0,8.0,183.0,GO,,,
173,57,NADH dehydrogenase complex,0.00011559513752181675,0.017516516505805966,0.01639344262295082,0.75,0.0320855614973262,3.0,4.0,183.0,GO,,,
174,57,obsolete intrinsic component of plasma membrane,0.00032035843655384854,0.04551092039293111,0.03278688524590164,0.1935483870967742,0.056074766355140186,6.0,31.0,183.0,GO,,,
175,57,obsolete intrinsic component of membrane,0.00045763323719504853,0.06118825577319678,0.03278688524590164,0.18181818181818182,0.05555555555555556,6.0,33.0,183.0,GO,,,
176,58,obsolete plasma membrane part,7.28062957111825e-11,1.654887101515178e-07,0.03501945525291829,0.5142857142857142,0.06557377049180328,18.0,35.0,514.0,GO,,,
177,58,obsolete intrinsic component of plasma membrane,7.963947721097423e-10,9.05102658502722e-07,0.0311284046692607,0.5161290322580645,0.05871559633027523,16.0,31.0,514.0,GO,,,
178,58,obsolete membrane part,1.199501878795433e-09,9.088225901673398e-07,0.03501945525291829,0.45,0.06498194945848375,18.0,40.0,514.0,GO,,,
179,58,obsolete intrinsic component of membrane,2.6189848699768856e-09,1.488238152364365e-06,0.0311284046692607,0.48484848484848486,0.05850091407678245,16.0,33.0,514.0,GO,,,
180,58,extracellular region,0.00016677022660489748,0.07581374501458639,0.023346303501945526,0.2857142857142857,0.043165467625899276,12.0,42.0,514.0,GO,,,
0,0,,3.2728543977959117e-26,7.953036186644065e-24,0.21649484536082475,0.44680851063829785,0.2916666666666667,21.0,47.0,97.0,,map01212,Fatty acid metabolism,
1,0,,9.216777415741217e-17,1.1198384560125577e-14,0.23711340206185566,0.15333333333333332,0.1862348178137652,23.0,150.0,97.0,,map01200,Carbon metabolism,
2,0,,1.505542374724841e-15,9.756987185837236e-14,0.14432989690721648,0.3333333333333333,0.2014388489208633,14.0,42.0,97.0,,map00071,Fatty acid degradation,
3,0,,1.60608842565222e-15,9.756987185837236e-14,0.15463917525773196,0.28846153846153844,0.20134228187919465,15.0,52.0,97.0,,map00280,"Valine, leucine and isoleucine degradation",
4,0,,9.103612659549152e-15,4.424355752540888e-13,0.14432989690721648,0.2978723404255319,0.19444444444444442,14.0,47.0,97.0,,map00640,Propanoate metabolism,
5,0,,3.939887923728648e-12,1.5956546091101026e-10,0.10309278350515463,0.38461538461538464,0.16260162601626013,10.0,26.0,97.0,,map00061,Fatty acid biosynthesis,
6,0,,1.552989219587267e-10,4.717204754496323e-09,0.08247422680412371,0.4444444444444444,0.13913043478260867,8.0,18.0,97.0,,map03320,PPAR signaling pathway,
7,0,,1.552989219587267e-10,4.717204754496323e-09,0.08247422680412371,0.4444444444444444,0.13913043478260867,8.0,18.0,97.0,,map01040,Biosynthesis of unsaturated fatty acids,
8,0,,2.377468631989155e-10,6.419165306370719e-09,0.1134020618556701,0.22448979591836735,0.1506849315068493,11.0,49.0,97.0,,map00650,Butanoate metabolism,
9,0,,3.2548508308611334e-10,7.909287518992554e-09,0.12371134020618557,0.1875,0.14906832298136646,12.0,64.0,97.0,,map00630,Glyoxylate and dicarboxylate metabolism,
10,0,,1.3510001807956282e-09,2.5875960371409293e-08,0.1134020618556701,0.19298245614035087,0.14285714285714285,11.0,57.0,97.0,,map00620,Pyruvate metabolism,
11,0,,1.3843106371535835e-09,2.5875960371409293e-08,0.061855670103092786,0.6666666666666666,0.11320754716981132,6.0,9.0,97.0,,map00072,,
12,0,,1.280865842801849e-09,2.5875960371409293e-08,0.23711340206185566,0.07120743034055728,0.10952380952380954,23.0,323.0,97.0,,map01120,Microbial metabolism in diverse environments,
13,0,,1.3124213150272918e-08,2.126122530344213e-07,0.08247422680412371,0.27586206896551724,0.12698412698412698,8.0,29.0,97.0,,map00362,Benzoate degradation,
14,0,,1.3124213150272918e-08,2.126122530344213e-07,0.08247422680412371,0.27586206896551724,0.12698412698412698,8.0,29.0,97.0,,map00310,Lysine degradation,
15,0,,2.6809403349276853e-08,4.0716781336714216e-07,0.061855670103092786,0.46153846153846156,0.1090909090909091,6.0,13.0,97.0,,map00281,,
16,0,,1.489787617421757e-07,2.1259667144085225e-06,0.3402061855670103,0.04177215189873418,0.07440811724915446,33.0,790.0,97.0,,map01100,Metabolic pathways,
17,0,,1.6622785009778573e-07,2.1259667144085225e-06,0.20618556701030927,0.0625,0.09592326139088729,20.0,320.0,97.0,,map01130,,
18,0,,1.6429690260708296e-07,2.1259667144085225e-06,0.08247422680412371,0.20512820512820512,0.11764705882352941,8.0,39.0,97.0,,map00720,Carbon fixation pathways in prokaryotes,
19,0,,1.0338718575880093e-06,1.2561543069694312e-05,0.061855670103092786,0.2727272727272727,0.10084033613445377,6.0,22.0,97.0,,map04146,Peroxisome,
20,0,,1.8244828000668067e-06,2.111187240077305e-05,0.07216494845360824,0.1891891891891892,0.10447761194029849,7.0,37.0,97.0,,map00380,Tryptophan metabolism,
21,0,,4.613750213667677e-06,5.096096826914752e-05,0.041237113402061855,0.5,0.0761904761904762,4.0,8.0,97.0,,map04920,Adipocytokine signaling pathway,
22,0,,8.199871677148838e-06,8.302370073113198e-05,0.041237113402061855,0.4444444444444444,0.07547169811320753,4.0,9.0,97.0,,map04714,Thermogenesis,
23,0,,8.199871677148838e-06,8.302370073113198e-05,0.041237113402061855,0.4444444444444444,0.07547169811320753,4.0,9.0,97.0,,map04216,Ferroptosis,
24,0,,3.634131367662098e-05,0.00035323756893675595,0.05154639175257732,0.20833333333333334,0.08264462809917354,5.0,24.0,97.0,,map00900,Terpenoid backbone biosynthesis,
25,0,,4.237004882277634e-05,0.00039599699476671737,0.030927835051546393,0.6,0.058823529411764705,3.0,5.0,97.0,,map00642,Ethylbenzene degradation,
26,0,,6.637327633592418e-05,0.0005973594870233176,0.05154639175257732,0.18518518518518517,0.08064516129032258,5.0,27.0,97.0,,map00410,beta-Alanine metabolism,
27,0,,7.89912914500997e-05,0.0006855315650847937,0.17525773195876287,0.04657534246575343,0.0735930735930736,17.0,365.0,97.0,,map01110,Biosynthesis of secondary metabolites,
28,0,,0.0001447681515590285,0.0012130572699601352,0.030927835051546393,0.42857142857142855,0.057692307692307696,3.0,7.0,97.0,,map00592,alpha-Linolenic acid metabolism,
29,0,,0.0006504653104727095,0.0052687690148289475,0.030927835051546393,0.2727272727272727,0.05555555555555555,3.0,11.0,97.0,,map00333,Prodigiosin biosynthesis,
30,0,,0.0011988659417938683,0.009397562059868064,0.061855670103092786,0.0821917808219178,0.07058823529411765,6.0,73.0,97.0,,map02020,Two-component system,
31,0,,0.002079358396326119,0.015790127822101464,0.030927835051546393,0.1875,0.05309734513274336,3.0,16.0,97.0,,map00780,Biotin metabolism,
32,0,,0.011098222685504006,0.08172327613871132,0.020618556701030927,0.2,0.037383177570093455,2.0,10.0,97.0,,map00930,Caprolactam degradation,
33,1,,1.327890208462563e-06,0.0003226773206564028,0.25,0.06521739130434782,0.10344827586206896,6.0,92.0,24.0,,map00230,Purine metabolism,
34,1,,4.768806692161491e-05,0.005794100130976212,0.08333333333333333,0.6666666666666666,0.14814814814814814,2.0,3.0,24.0,,map01524,Platinum drug resistance,
35,1,,0.00015816897049179406,0.01281168660983532,0.08333333333333333,0.4,0.13793103448275862,2.0,5.0,24.0,,map00981,Insect hormone biosynthesis,
36,1,,0.0005637568835198206,0.034248230673829094,0.08333333333333333,0.2222222222222222,0.12121212121212122,2.0,9.0,24.0,,map04016,MAPK signaling pathway - plant,
37,1,,0.001025856165363467,0.04154717469722041,0.08333333333333333,0.16666666666666666,0.1111111111111111,2.0,12.0,24.0,,map00053,Ascorbate and aldarate metabolism,
38,1,,0.001025856165363467,0.04154717469722041,0.08333333333333333,0.16666666666666666,0.1111111111111111,2.0,12.0,24.0,,map00903,Limonene degradation,
39,1,,0.001619894950205525,0.049204309112492815,0.08333333333333333,0.13333333333333333,0.10256410256410255,2.0,15.0,24.0,,map00625,Chloroalkane and chloroalkene degradation,
40,1,,0.0015109347135904806,0.049204309112492815,0.25,0.018575851393188854,0.0345821325648415,6.0,323.0,24.0,,map01120,Microbial metabolism in diverse environments,
41,1,,0.0028949891968311674,0.07816470831444153,0.08333333333333333,0.1,0.0909090909090909,2.0,20.0,24.0,,map00561,Glycerolipid metabolism,
42,1,,0.004077471967380225,0.09198062759625758,0.041666666666666664,1.0,0.07999999999999999,1.0,1.0,24.0,,map00232,Caffeine metabolism,
43,1,,0.004163732113410837,0.09198062759625758,0.08333333333333333,0.08333333333333333,0.08333333333333333,2.0,24.0,24.0,,map00340,Histidine metabolism,
44,3,,0.00012046896674090375,0.02927395891803961,0.09523809523809523,0.4,0.15384615384615385,2.0,5.0,21.0,,map01051,Biosynthesis of ansamycins,
45,5,,1.4429747518330732e-16,3.5064286469543676e-14,0.25,0.6666666666666666,0.36363636363636365,8.0,12.0,32.0,,map01052,Type I polyketide structures,
46,5,,2.236511616228995e-06,0.0002717361613718228,0.15625,0.12195121951219512,0.136986301369863,5.0,41.0,32.0,,map00360,Phenylalanine metabolism,
47,7,,1.0760276970988517e-07,2.6147473039502092e-05,0.21739130434782608,0.15625,0.18181818181818182,5.0,32.0,23.0,,map00220,Arginine biosynthesis,
48,7,,2.8825385141815883e-06,0.00035022842947306297,0.13043478260869565,0.375,0.19354838709677416,3.0,8.0,23.0,,map00791,Atrazine degradation,
49,7,,0.00016133970748527442,0.00980138722973042,0.17391304347826086,0.0547945205479452,0.08333333333333333,4.0,73.0,23.0,,map02020,Two-component system,
50,7,,0.00014503760995289902,0.00980138722973042,0.08695652173913043,0.4,0.14285714285714285,2.0,5.0,23.0,,map04724,Glutamatergic synapse,
51,7,,0.00021703904127707495,0.010548097406065842,0.08695652173913043,0.3333333333333333,0.13793103448275862,2.0,6.0,23.0,,map04217,Necroptosis,
52,7,,0.0003031321813032682,0.012276853342782362,0.08695652173913043,0.2857142857142857,0.13333333333333333,2.0,7.0,23.0,,map04727,GABAergic synapse,
53,7,,0.0007657130328565582,0.026581180997734804,0.21739130434782608,0.02577319587628866,0.04608294930875576,5.0,194.0,23.0,,map02010,ABC transporters,
54,7,,0.002398924600238054,0.07286733473223088,0.08695652173913043,0.10526315789473684,0.09523809523809525,2.0,19.0,23.0,,map00910,Nitrogen metabolism,
55,8,,3.2517078615204176e-08,7.901650103494615e-06,0.375,0.04639175257731959,0.08256880733944955,9.0,194.0,24.0,,map02010,ABC transporters,
56,12,,2.684826486592756e-05,0.006524128362420396,1.0,0.06451612903225806,0.12121212121212122,2.0,31.0,2.0,,map00030,Pentose phosphate pathway,
57,12,,0.0006452244298424527,0.07839476822585799,1.0,0.013333333333333334,0.02631578947368421,2.0,150.0,2.0,,map01200,Carbon metabolism,
58,14,,3.344095138684773e-12,8.126151187003998e-10,0.16216216216216217,0.6666666666666666,0.26086956521739135,6.0,9.0,37.0,,map00523,Polyketide sugar unit biosynthesis,
59,14,,1.831173564573005e-11,2.2248758809562006e-09,0.43243243243243246,0.05,0.0896358543417367,16.0,320.0,37.0,,map01130,,
60,14,,9.109747098108115e-07,7.378895149467574e-05,0.08108108108108109,0.75,0.14634146341463414,3.0,4.0,37.0,,map01055,Biosynthesis of vancomycin group antibiotics,
61,14,,3.845364387248979e-05,0.0023360588652537543,0.05405405405405406,1.0,0.10256410256410257,2.0,2.0,37.0,,map00522,"Biosynthesis of 12-, 14- and 16-membered macrolides; Including: Tylosin biosynthesis, Mycinamicin biosynthesis, Erythromycin biosynthesis, Oleandomycin biosynthesis, Pikromycin/methymycin biosynthesis, Avermectin biosynthesis",
62,14,,4.839351647222591e-05,0.002351924900550179,0.08108108108108109,0.25,0.12244897959183675,3.0,12.0,37.0,,map01052,Type I polyketide structures,
63,14,,9.87927591850583e-05,0.003988791586762312,0.08108108108108109,0.2,0.11538461538461539,3.0,15.0,37.0,,map00521,Streptomycin biosynthesis,
64,14,,0.00011490346134706248,0.003988791586762312,0.05405405405405406,0.6666666666666666,0.1,2.0,3.0,37.0,,map00525,Acarbose and validamycin biosynthesis,
65,14,,0.00022889594798431408,0.00695271442002354,0.05405405405405406,0.5,0.0975609756097561,2.0,4.0,37.0,,map01053,Biosynthesis of siderophore group nonribosomal peptides,
66,14,,0.001051359645789707,0.028386710436322092,0.05405405405405406,0.25,0.08888888888888889,2.0,8.0,37.0,,map00405,Phenazine biosynthesis,
67,14,,0.0020407629296190525,0.049590539189742974,0.05405405405405406,0.18181818181818182,0.08333333333333334,2.0,11.0,37.0,,map04066,HIF-1 signaling pathway,
68,14,,0.0033696218105542164,0.06298600768959035,0.10810810810810811,0.04,0.058394160583941604,4.0,100.0,37.0,,map02024,Quorum sensing,
69,14,,0.002871345457558635,0.06298600768959035,0.05405405405405406,0.15384615384615385,0.08,2.0,13.0,37.0,,map04922,Glucagon signaling pathway,
70,14,,0.0033366734206549172,0.06298600768959035,0.05405405405405406,0.14285714285714285,0.0784313725490196,2.0,14.0,37.0,,map05230,Central carbon metabolism in cancer,
71,15,,2.0859528672393734e-71,5.068865467391677e-69,0.3246753246753247,0.8064516129032258,0.46296296296296297,50.0,62.0,154.0,,map03010,Ribosome,
72,15,,7.811104572047089e-09,9.490492055037212e-07,0.03896103896103896,0.75,0.07407407407407407,6.0,8.0,154.0,,map00195,Photosynthesis,
73,15,,8.83641479210834e-06,0.0007157495981607756,0.05844155844155844,0.16666666666666666,0.08653846153846154,9.0,54.0,154.0,,map00240,Pyrimidine metabolism,
74,15,,6.893416024214959e-05,0.004187750234710587,0.01948051948051948,0.75,0.0379746835443038,3.0,4.0,154.0,,map03020,RNA polymerase,
75,15,,0.00016619089974377672,0.008076877727547548,0.05194805194805195,0.13114754098360656,0.0744186046511628,8.0,61.0,154.0,,map00190,Oxidative phosphorylation,
76,15,,0.0006186035332276047,0.02505344309571799,0.05844155844155844,0.09782608695652174,0.07317073170731707,9.0,92.0,154.0,,map00230,Purine metabolism,
77,16,,7.330477170894376e-17,1.7813059525273333e-14,0.6,0.21951219512195122,0.32142857142857145,9.0,41.0,15.0,,map00360,Phenylalanine metabolism,
78,16,,1.2911137590616863e-11,1.5687032172599488e-09,0.7333333333333333,0.034055727554179564,0.0650887573964497,11.0,323.0,15.0,,map01120,Microbial metabolism in diverse environments,
79,16,,9.96737734881934e-06,0.0008073575652543665,0.26666666666666666,0.07017543859649122,0.11111111111111112,4.0,57.0,15.0,,map00620,Pyruvate metabolism,
80,16,,2.457138435773447e-05,0.001492711599732369,0.3333333333333333,0.03333333333333333,0.0606060606060606,5.0,150.0,15.0,,map01200,Carbon metabolism,
81,16,,0.0001070964367234491,0.005204886824759627,0.2,0.07894736842105263,0.11320754716981134,3.0,38.0,15.0,,map00020,Citrate cycle (TCA cycle),
82,16,,0.00022998467406408816,0.009314379299595572,0.2,0.061224489795918366,0.09375,3.0,49.0,15.0,,map00650,Butanoate metabolism,
83,16,,0.00032904493036908816,0.011422559725669775,0.13333333333333333,0.18181818181818182,0.15384615384615383,2.0,11.0,15.0,,map04066,HIF-1 signaling pathway,
84,16,,0.00048517836747250296,0.01309981592175758,0.2,0.047619047619047616,0.07692307692307693,3.0,63.0,15.0,,map00010,Glycolysis / Gluconeogenesis,
85,16,,0.00046527263665177847,0.01309981592175758,0.13333333333333333,0.15384615384615385,0.14285714285714288,2.0,13.0,15.0,,map04922,Glucagon signaling pathway,
86,16,,0.0005420190550939248,0.013171063038782372,0.13333333333333333,0.14285714285714285,0.1379310344827586,2.0,14.0,15.0,,map05230,Central carbon metabolism in cancer,
87,16,,0.0023654160413489307,0.05225419073161729,0.13333333333333333,0.06896551724137931,0.09090909090909091,2.0,29.0,15.0,,map00362,Benzoate degradation,
88,18,,2.0736335020430884e-05,0.005038929409964705,0.4,0.2222222222222222,0.2857142857142857,2.0,9.0,5.0,,map02060,Phosphotransferase system (PTS),
89,18,,0.00015816897049179406,0.019217529914752975,0.4,0.08333333333333333,0.13793103448275862,2.0,24.0,5.0,,map00051,Fructose and mannose metabolism,
90,19,,4.670400033350149e-05,0.004290668979691463,0.16666666666666666,0.125,0.14285714285714288,3.0,24.0,18.0,,map00340,Histidine metabolism,
91,19,,5.2971221971499536e-05,0.004290668979691463,0.16666666666666666,0.12,0.13953488372093023,3.0,25.0,18.0,,map00790,Folate biosynthesis,
92,19,,2.8348500572821133e-05,0.004290668979691463,0.5555555555555556,0.012658227848101266,0.024752475247524754,10.0,790.0,18.0,,map01100,Metabolic pathways,
93,19,,0.001624561597712702,0.09869211706104665,0.1111111111111111,0.1,0.10526315789473685,2.0,20.0,18.0,,map04122,Sulfur relay system,
94,21,,1.0695344249885673e-07,2.598968652722218e-05,0.3333333333333333,0.04639175257731959,0.08144796380090498,9.0,194.0,27.0,,map02010,ABC transporters,
95,26,,1.910411645713919e-06,0.00046423002990848226,0.5,0.10714285714285714,0.17647058823529413,3.0,28.0,6.0,,map00564,Glycerophospholipid metabolism,
96,27,,4.776811675161114e-07,0.00010778869115672073,0.16666666666666666,0.5,0.25,3.0,6.0,18.0,,map00940,Phenylpropanoid biosynthesis,
97,27,,8.871497214544917e-07,0.00010778869115672073,0.3888888888888889,0.03608247422680412,0.0660377358490566,7.0,194.0,18.0,,map02010,ABC transporters,
98,27,,3.903331558329251e-06,0.00031616985622466933,0.16666666666666666,0.2727272727272727,0.20689655172413793,3.0,11.0,18.0,,map00460,Cyanoamino acid metabolism,
99,27,,7.70350436173311e-06,0.0004679878899752864,0.2222222222222222,0.09090909090909091,0.1290322580645161,4.0,44.0,18.0,,map00500,Starch and sucrose metabolism,
100,28,,7.512153628360472e-21,1.8254533316915947e-18,0.5,0.10824742268041238,0.17796610169491525,21.0,194.0,42.0,,map02010,ABC transporters,
101,29,,2.7136684306523857e-13,6.594214286485297e-11,0.3333333333333333,0.3333333333333333,0.3333333333333333,7.0,21.0,21.0,,map00920,Sulfur metabolism,
102,29,,1.733018435890241e-05,0.0021056173996066426,0.14285714285714285,0.2,0.16666666666666666,3.0,15.0,21.0,,map00450,Selenocompound metabolism,
103,29,,4.2924892445976715e-05,0.003476916288124114,0.14285714285714285,0.15,0.14634146341463414,3.0,20.0,21.0,,map04122,Sulfur relay system,
104,29,,0.0007832010512252499,0.038063571089547145,0.09523809523809523,0.16666666666666666,0.12121212121212123,2.0,12.0,21.0,,map00261,Monobactam biosynthesis,
105,29,,0.0007005188162085519,0.038063571089547145,0.2857142857142857,0.018575851393188854,0.03488372093023256,6.0,323.0,21.0,,map01120,Microbial metabolism in diverse environments,
106,31,,4.4135271197369385e-18,1.0724870900960759e-15,0.6666666666666666,0.36363636363636365,0.4705882352941177,8.0,22.0,12.0,,map00290,"Valine, leucine and isoleucine biosynthesis",
107,31,,6.684520509313568e-16,8.121692418815984e-14,0.6666666666666666,0.21052631578947367,0.32,8.0,38.0,12.0,,map01210,2-Oxocarboxylic acid metabolism,
108,31,,6.188686126086509e-12,5.012835762130073e-10,0.4166666666666667,0.45454545454545453,0.43478260869565216,5.0,11.0,12.0,,map00660,C5-Branched dibasic acid metabolism,
109,31,,3.8340668378369736e-11,2.3291956039859613e-09,0.6666666666666666,0.05714285714285714,0.10526315789473684,8.0,140.0,12.0,,map01230,Biosynthesis of amino acids,
110,31,,8.064545151043246e-08,3.919368943407018e-06,0.6666666666666666,0.021917808219178082,0.042440318302387266,8.0,365.0,12.0,,map01110,Biosynthesis of secondary metabolites,
111,31,,1.1209230774925488e-05,0.0004539738463844823,0.25,0.13043478260869565,0.1714285714285714,3.0,23.0,12.0,,map00770,Pantothenate and CoA biosynthesis,
112,31,,3.059116320021495e-05,0.0010619503796646047,0.6666666666666666,0.010126582278481013,0.0199501246882793,8.0,790.0,12.0,,map01100,Metabolic pathways,
113,31,,0.0020387359836901123,0.06192660550458715,0.08333333333333333,1.0,0.15384615384615385,1.0,1.0,12.0,,map00966,Glucosinolate biosynthesis,
114,32,,4.074694174927482e-06,0.000990150684507378,0.031578947368421054,1.0,0.061224489795918366,3.0,3.0,95.0,,map03450,Non-homologous end-joining,
115,32,,7.586415550706299e-05,0.006611871116679999,0.042105263157894736,0.26666666666666666,0.07272727272727272,4.0,15.0,95.0,,map00625,Chloroalkane and chloroalkene degradation,
116,32,,0.00013604673079588476,0.006611871116679999,0.031578947368421054,0.42857142857142855,0.05882352941176471,3.0,7.0,95.0,,map00626,Naphthalene degradation,
117,32,,0.00013604673079588476,0.006611871116679999,0.031578947368421054,0.42857142857142855,0.05882352941176471,3.0,7.0,95.0,,map00830,Retinol metabolism,
118,32,,0.00013604673079588476,0.006611871116679999,0.031578947368421054,0.42857142857142855,0.05882352941176471,3.0,7.0,95.0,,map00980,Metabolism of xenobiotics by cytochrome P450,
119,32,,0.00021512846090045753,0.00871270266646853,0.031578947368421054,0.375,0.05825242718446602,3.0,8.0,95.0,,map00982,Drug metabolism - cytochrome P450,
120,32,,0.0027879743704381714,0.09678253885949652,0.031578947368421054,0.16666666666666666,0.05309734513274336,3.0,18.0,95.0,,map01220,Degradation of aromatic compounds,
121,33,,0.0003716426024635611,0.09030915239864534,0.0410958904109589,0.25,0.07058823529411765,3.0,12.0,73.0,,map03420,Nucleotide excision repair,
122,34,,1.955647486701466e-15,4.752223392684562e-13,0.23684210526315788,0.42857142857142855,0.30508474576271183,9.0,21.0,38.0,,map00920,Sulfur metabolism,
123,35,,1.529586082577968e-18,3.716894180664462e-16,0.1885245901639344,0.23,0.2072072072072072,23.0,100.0,122.0,,map02024,Quorum sensing,
124,35,,4.0431132335043733e-11,4.9123825787078135e-09,0.18032786885245902,0.1134020618556701,0.13924050632911392,22.0,194.0,122.0,,map02010,ABC transporters,
125,35,,7.199842753711596e-07,5.831872630506393e-05,0.04918032786885246,0.35294117647058826,0.08633093525179855,6.0,17.0,122.0,,map01501,beta-Lactam resistance,
126,39,,2.6048108532435286e-10,6.329690373381774e-08,0.21739130434782608,0.45454545454545453,0.29411764705882354,5.0,11.0,23.0,,map00040,Pentose and glucuronate interconversions,
127,39,,2.0914451666595275e-08,2.541105877491326e-06,0.391304347826087,0.04639175257731959,0.08294930875576037,9.0,194.0,23.0,,map02010,ABC transporters,
128,40,,0.00011490357352608502,0.027921568366838657,0.03248259860788863,0.22580645161290322,0.056795131845841784,14.0,62.0,431.0,,map03010,Ribosome,
129,42,,9.162900669943461e-10,2.226584862796261e-07,0.7142857142857143,0.09615384615384616,0.16949152542372883,5.0,52.0,7.0,,map00280,"Valine, leucine and isoleucine degradation",
130,42,,1.227748448496868e-07,1.4917143649236947e-05,0.5714285714285714,0.0851063829787234,0.14814814814814814,4.0,47.0,7.0,,map00640,Propanoate metabolism,
131,42,,2.9770285485157734e-06,0.00024113931242977766,0.42857142857142855,0.1111111111111111,0.17647058823529413,3.0,27.0,7.0,,map00410,beta-Alanine metabolism,
132,42,,3.5651228495260556e-05,0.0021658121310870787,0.8571428571428571,0.007594936708860759,0.015056461731493097,6.0,790.0,7.0,,map01100,Metabolic pathways,
133,42,,5.4315762553207276e-05,0.0026397460600858734,0.2857142857142857,0.2,0.23529411764705882,2.0,10.0,7.0,,map00930,Caprolactam degradation,
134,42,,7.957284103500053e-05,0.0032227000619175217,0.2857142857142857,0.16666666666666666,0.2105263157894737,2.0,12.0,7.0,,map00903,Limonene degradation,
135,42,,9.398732542928199e-05,0.003262702868473646,0.2857142857142857,0.15384615384615385,0.2,2.0,13.0,7.0,,map00281,,
136,42,,0.00010958972238049036,0.0033287878173073942,0.2857142857142857,0.14285714285714285,0.19047619047619047,2.0,14.0,7.0,,map00627,Aminobenzoate degradation,
137,42,,0.000484795961113933,0.011780541855068572,0.2857142857142857,0.06896551724137931,0.1111111111111111,2.0,29.0,7.0,,map00310,Lysine degradation,
138,42,,0.000484795961113933,0.011780541855068572,0.2857142857142857,0.06896551724137931,0.1111111111111111,2.0,29.0,7.0,,map00362,Benzoate degradation,
139,42,,0.0007916532443641949,0.017488339852772667,0.2857142857142857,0.05405405405405406,0.09090909090909091,2.0,37.0,7.0,,map00380,Tryptophan metabolism,
140,42,,0.001020541922131386,0.019076283621378986,0.2857142857142857,0.047619047619047616,0.08163265306122448,2.0,42.0,7.0,,map00071,Fatty acid degradation,
141,42,,0.0009724968241234326,0.019076283621378986,0.2857142857142857,0.04878048780487805,0.08333333333333334,2.0,41.0,7.0,,map00360,Phenylalanine metabolism,
142,42,,0.001277673770102311,0.02217676615249011,0.2857142857142857,0.0425531914893617,0.07407407407407407,2.0,47.0,7.0,,map01212,Fatty acid metabolism,
143,42,,0.001388379349503789,0.022491745461961386,0.2857142857142857,0.04081632653061224,0.07142857142857142,2.0,49.0,7.0,,map00650,Butanoate metabolism,
144,42,,0.004856666595609284,0.07376062392081599,0.42857142857142855,0.009287925696594427,0.01818181818181818,3.0,323.0,7.0,,map01120,Microbial metabolism in diverse environments,
145,42,,0.0068618739331147965,0.09808443327922915,0.42857142857142855,0.00821917808219178,0.016129032258064512,3.0,365.0,7.0,,map01110,Biosynthesis of secondary metabolites,
146,43,,1.9776226098567434e-06,0.00048056229419518863,0.9019607843137255,0.022035928143712576,0.04302080897825579,92.0,4175.0,102.0,,-,,
147,44,,1.3349580227963312e-07,3.243947995395084e-05,0.043859649122807015,0.625,0.08196721311475409,5.0,8.0,114.0,,map00195,Photosynthesis,
148,47,,7.975318732636599e-05,0.019380024520306932,0.047619047619047616,0.23529411764705882,0.0792079207920792,4.0,17.0,84.0,,map01501,beta-Lactam resistance,
149,48,,0.00023666239820550197,0.05750896276393697,0.08333333333333333,0.3333333333333333,0.13333333333333333,2.0,6.0,24.0,,map05152,Tuberculosis,
150,52,,9.073839470078891e-05,0.011024714956145851,0.06,0.2727272727272727,0.09836065573770492,3.0,11.0,50.0,,map00040,Pentose and glucuronate interconversions,
151,52,,6.0037475160319336e-05,0.011024714956145851,0.08,0.15384615384615385,0.10526315789473685,4.0,26.0,50.0,,map00052,Galactose metabolism,
152,52,,0.001137818590909036,0.09216330586363192,0.14,0.03608247422680412,0.05737704918032787,7.0,194.0,50.0,,map02010,ABC transporters,
153,53,,1.5186016647711778e-09,3.690202045393962e-07,0.8333333333333334,0.0684931506849315,0.12658227848101267,5.0,73.0,6.0,,map02020,Two-component system,
154,54,,0.0003246111569255761,0.07888051113291498,0.5,0.045454545454545456,0.08333333333333334,2.0,44.0,4.0,,map00500,Starch and sucrose metabolism,
155,57,,6.121603819854506e-27,1.487549728224645e-24,0.15300546448087432,0.45901639344262296,0.22950819672131148,28.0,61.0,183.0,,map00190,Oxidative phosphorylation,
156,57,,1.9971629210936367e-06,0.00024265529491287685,0.26229508196721313,0.060759493670886074,0.0986639260020555,48.0,790.0,183.0,,map01100,Metabolic pathways,
157,58,,1.418141097605624e-15,3.446082867181666e-13,0.05642023346303502,0.47540983606557374,0.1008695652173913,29.0,61.0,514.0,,map00190,Oxidative phosphorylation,
158,58,,5.2310663419057453e-08,6.35574560541548e-06,0.07976653696498054,0.211340206185567,0.11581920903954802,41.0,194.0,514.0,,map02010,ABC transporters,
159,58,,2.6242270755361276e-07,2.1256239311842635e-05,0.019455252918287938,0.5882352941176471,0.03766478342749529,10.0,17.0,514.0,,map03070,Bacterial secretion system,
160,58,,8.974287723832374e-07,5.042612182605045e-05,0.048638132295719845,0.25,0.08143322475570033,25.0,100.0,514.0,,map02024,Quorum sensing,
161,58,,1.0375745231697624e-06,5.042612182605045e-05,0.021400778210116732,0.4782608695652174,0.0409683426443203,11.0,23.0,514.0,,map03060,Protein export,
162,60,,2.474198390627265e-05,0.006012302089224254,0.7956204379562044,0.07832335329341317,0.14260793720017445,327.0,4175.0,411.0,,-,,
0,0,,6.40163815075057e-13,1.760450491456407e-10,0.09278350515463918,0.5625,0.1592920353982301,9.0,16.0,97.0,,M00373,,Ethylmalonyl pathway
1,0,,8.74540021346635e-11,1.202492529351623e-08,0.08247422680412371,0.47058823529411764,0.14035087719298245,8.0,17.0,97.0,,M00087,,beta-Oxidation
2,0,,1.3843106371535835e-09,1.2689514173907847e-07,0.061855670103092786,0.6666666666666666,0.11320754716981132,6.0,9.0,97.0,,M00088,,"Ketone body biosynthesis, acetyl-CoA => acetoacetate/3-hydroxybutyrate/acetone"
3,0,,3.4148865735964368e-09,2.3477345193475502e-07,0.061855670103092786,0.6,0.11214953271028037,6.0,10.0,97.0,,M00375,,Hydroxypropionate-hydroxybutylate cycle
4,0,,5.903501005007459e-08,3.2469255527541026e-06,0.05154639175257732,0.625,0.09523809523809522,5.0,8.0,97.0,,M00095,,"C5 isoprenoid biosynthesis, mevalonate pathway"
5,0,,2.336392611858876e-06,0.00010708466137686513,0.041237113402061855,0.5714285714285714,0.07692307692307693,4.0,7.0,97.0,,M00086,,"beta-Oxidation, acyl-CoA synthesis"
6,0,,2.8882970335588597e-06,0.00011346881203266949,0.05154639175257732,0.3333333333333333,0.08928571428571429,5.0,15.0,97.0,,M00036,,"Leucine degradation, leucine => acetoacetate + acetyl-CoA"
7,0,,7.923454839343825e-06,0.000272368760102444,0.05154639175257732,0.2777777777777778,0.08695652173913043,5.0,18.0,97.0,,M00374,,Dicarboxylate-hydroxybutyrate cycle
8,0,,4.237004882277634e-05,0.0012946403806959436,0.030927835051546393,0.6,0.058823529411764705,3.0,5.0,97.0,,M00013,,"Malonate semialdehyde pathway, propanoyl-CoA => acetyl-CoA"
9,0,,6.11373371669686e-05,0.0016812767720916367,0.041237113402061855,0.2857142857142857,0.07207207207207207,4.0,14.0,97.0,,M00083,,"Fatty acid biosynthesis, elongation"
10,0,,0.0001447681515590285,0.003619203788975712,0.030927835051546393,0.42857142857142855,0.057692307692307696,3.0,7.0,97.0,,M00113,,Jasmonic acid biosynthesis
11,0,,0.0004787758189266148,0.010971945850401588,0.030927835051546393,0.3,0.056074766355140186,3.0,10.0,97.0,,M00741,,"Propanoyl-CoA metabolism, propanoyl-CoA => succinyl-CoA"
12,0,,0.0006504653104727095,0.01375984310615347,0.030927835051546393,0.2727272727272727,0.05555555555555555,3.0,11.0,97.0,,M00572,,"Pimeloyl-ACP biosynthesis, BioC-BioH pathway, malonyl-ACP => pimeloyl-ACP"
13,1,,4.39403839387859e-08,1.2083605583166122e-05,0.16666666666666666,0.4,0.23529411764705882,4.0,10.0,24.0,,M00546,,"Purine degradation, xanthine => urea"
14,1,,0.0004395720473541538,0.06044115651119615,0.08333333333333333,0.25,0.125,2.0,8.0,24.0,,M00135,,"GABA biosynthesis, eukaryotes, putrescine => GABA"
15,2,,6.928584481529693e-06,0.0019053607324206656,0.125,1.0,0.2222222222222222,2.0,2.0,16.0,,M00153,,Cytochrome bd ubiquinol oxidase
16,3,,0.0001803146106521567,0.034635882711106236,0.09523809523809523,0.3333333333333333,0.14814814814814814,2.0,6.0,21.0,,M00007,,"Pentose phosphate pathway, non-oxidative phase, fructose 6P => ribose 5P"
17,3,,0.00025189732880804536,0.034635882711106236,0.09523809523809523,0.2857142857142857,0.14285714285714285,2.0,7.0,21.0,,M00167,,
18,3,,0.0006540737711984831,0.05995676235986095,0.09523809523809523,0.18181818181818182,0.125,2.0,11.0,21.0,,M00165,,Reductive pentose phosphate cycle (Calvin cycle)
19,3,,0.0010752307805123782,0.073922116160226,0.09523809523809523,0.14285714285714285,0.11428571428571427,2.0,14.0,21.0,,M00004,,Pentose phosphate pathway (Pentose phosphate cycle)
20,5,,0.00028347200118099546,0.07795480032477375,0.0625,0.4,0.10810810810810811,2.0,5.0,32.0,,M00038,,"Tryptophan metabolism, tryptophan => kynurenine => 2-aminomuconate"
21,7,,5.725193250785944e-13,1.5744281439661344e-10,0.21739130434782608,1.0,0.3571428571428571,5.0,5.0,23.0,,M00323,,
22,8,,1.5475541570513758e-33,4.255773931891283e-31,0.5416666666666666,1.0,0.7027027027027027,13.0,13.0,24.0,,M00670,,
23,8,,5.629648170120616e-23,5.160510822610564e-21,0.375,1.0,0.5454545454545454,9.0,9.0,24.0,,M00210,,
24,8,,5.629648170120616e-23,5.160510822610564e-21,0.375,1.0,0.5454545454545454,9.0,9.0,24.0,,M00669,,
25,12,,5.254176565160017e-06,0.0014448985554190046,1.0,0.14285714285714285,0.25,2.0,14.0,2.0,,M00004,,Pentose phosphate pathway (Pentose phosphate cycle)
26,14,,1.9651561392923237e-08,5.40417938305389e-06,0.10810810810810811,0.6666666666666666,0.18604651162790697,4.0,6.0,37.0,,M00799,,dTDP-L-oleandrose biosynthesis
27,14,,2.287351352034573e-07,3.145108109047538e-05,0.08108108108108109,1.0,0.15,3.0,3.0,37.0,,M00793,,dTDP-L-rhamnose biosynthesis
28,14,,2.267566696313296e-06,0.00020786028049538544,0.08108108108108109,0.6,0.14285714285714288,3.0,5.0,37.0,,M00798,,dTDP-L-mycarose biosynthesis
29,14,,3.845364387248979e-05,0.0021149504129869385,0.05405405405405406,1.0,0.10256410256410257,2.0,2.0,37.0,,M00774,,"Erythromycin biosynthesis, propanoyl-CoA + methylmalonyl-CoA => deoxyerythronolide B => erythromycin A/B"
30,14,,3.845364387248979e-05,0.0021149504129869385,0.05405405405405406,1.0,0.10256410256410257,2.0,2.0,37.0,,M00800,,dTDP-L-megosamine biosynthesis
31,14,,0.00011490346134706248,0.005266408645073696,0.05405405405405406,0.6666666666666666,0.1,2.0,3.0,37.0,,M00835,,"Pyocyanine biosynthesis, chorismate => pyocyanine"
32,15,,2.0859528672393734e-71,5.736370384908277e-69,0.3246753246753247,0.8064516129032258,0.46296296296296297,50.0,62.0,154.0,,M00178,,
33,15,,1.1793520362955553e-49,1.6216090499063884e-47,0.2012987012987013,0.96875,0.33333333333333337,31.0,32.0,154.0,,M00179,,
34,15,,7.811104572047089e-09,7.160179191043164e-07,0.03896103896103896,0.75,0.07407407407407407,6.0,8.0,154.0,,M00157,,"F-type ATPase, prokaryotes and chloroplasts"
35,15,,1.4839762686065937e-05,0.0010202336846670333,0.025974025974025976,0.5714285714285714,0.04968944099378882,4.0,7.0,154.0,,M00053,,"Deoxyribonucleotide biosynthesis, ADP/GDP/CDP/UDP => dATP/dGTP/dCTP/dUTP"
36,15,,6.893416024214959e-05,0.0037913788133182276,0.01948051948051948,0.75,0.0379746835443038,3.0,4.0,154.0,,M00183,,
37,15,,0.0015742419215257178,0.0721527547365954,0.025974025974025976,0.2,0.04597701149425288,4.0,20.0,154.0,,M00011,,"Citrate cycle, second carbon oxidation, 2-oxoglutarate => oxaloacetate"
38,16,,5.983486366445922e-06,0.0016454587507726283,0.2,0.2,0.20000000000000004,3.0,15.0,15.0,,M00307,,"Pyruvate oxidation, pyruvate => acetyl-CoA"
39,19,,2.4021604932563854e-08,6.60594135645506e-06,0.16666666666666666,1.0,0.2857142857142857,3.0,3.0,18.0,,M00045,,"Histidine degradation, histidine => N-formiminoglutamate => glutamate"
40,21,,8.610685591635941e-08,2.367938537699884e-05,0.1111111111111111,1.0,0.19999999999999998,3.0,3.0,27.0,,M00215,,
41,21,,8.558076406497979e-07,7.844903372623148e-05,0.1111111111111111,0.6,0.18750000000000003,3.0,5.0,27.0,,M00208,,
42,21,,8.558076406497979e-07,7.844903372623148e-05,0.1111111111111111,0.6,0.18750000000000003,3.0,5.0,27.0,,M00491,,
43,27,,2.2517869360050238e-15,6.192414074013816e-13,0.3333333333333333,0.8571428571428571,0.48,6.0,7.0,18.0,,M00206,,
44,27,,2.1984782580647404e-09,3.022907604839018e-07,0.2777777777777778,0.25,0.2631578947368421,5.0,20.0,18.0,,M00207,,
45,28,,2.4608446548944064e-34,6.767322800959618e-32,0.47619047619047616,0.47619047619047616,0.47619047619047616,20.0,42.0,42.0,,M00240,,
46,29,,3.4622710172737135e-13,9.521245297502712e-11,0.23809523809523808,1.0,0.3846153846153846,5.0,5.0,21.0,,M00176,,"Assimilatory sulfate reduction, sulfate => H2S"
47,29,,1.562520601914949e-07,2.148465827633055e-05,0.14285714285714285,0.75,0.24,3.0,4.0,21.0,,M00188,,
48,29,,1.2125022842676962e-05,0.001111460427245388,0.09523809523809523,1.0,0.17391304347826084,2.0,2.0,21.0,,M00596,,"Dissimilatory sulfate reduction, sulfate => H2S"
49,31,,1.347544668377208e-14,3.705747838037322e-12,0.4166666666666667,1.0,0.5882352941176471,5.0,5.0,12.0,,M00432,,"Leucine biosynthesis, 2-oxoisovalerate => 2-oxoisocaproate"
50,31,,6.476413094563785e-09,8.905068005025205e-07,0.25,1.0,0.4,3.0,3.0,12.0,,M00535,,"Isoleucine biosynthesis, pyruvate => 2-oxobutanoate"
51,31,,5.402837171348669e-07,4.9526007404029456e-05,0.25,0.3333333333333333,0.28571428571428575,3.0,9.0,12.0,,M00019,,"Valine/isoleucine biosynthesis, pyruvate => valine / 2-oxobutanoate => isoleucine"
52,31,,1.831105649064372e-06,0.00012588851337317557,0.25,0.23076923076923078,0.24000000000000002,3.0,13.0,12.0,,M00570,,"Isoleucine biosynthesis, threonine => 2-oxobutanoate => isoleucine"
53,32,,1.1341610931364742e-05,0.003118943006125304,0.9473684210526315,0.01944684528954192,0.038111369892017785,90.0,4628.0,95.0,,-,,
54,34,,1.058680681215476e-08,2.911371873342559e-06,0.13157894736842105,0.38461538461538464,0.196078431372549,5.0,13.0,38.0,,M00236,,
55,34,,2.4834100393518223e-07,2.2764592027391704e-05,0.07894736842105263,1.0,0.14634146341463414,3.0,3.0,38.0,,M00435,,
56,34,,2.4834100393518223e-07,2.2764592027391704e-05,0.07894736842105263,1.0,0.14634146341463414,3.0,3.0,38.0,,M00436,,
57,34,,0.00013869176047703,0.009535058532795813,0.10526315789473684,0.09523809523809523,0.1,4.0,42.0,38.0,,M00239,,
58,35,,4.1116704132218395e-14,1.1307093636360058e-11,0.11475409836065574,0.3333333333333333,0.17073170731707318,14.0,42.0,122.0,,M00239,,
59,35,,1.176820856055103e-12,1.6181286770757664e-10,0.06557377049180328,0.8,0.12121212121212123,8.0,10.0,122.0,,M00237,,
60,35,,2.141671021519982e-09,1.9631984363933167e-07,0.05737704918032787,0.5384615384615384,0.10370370370370371,7.0,13.0,122.0,,M00236,,
61,35,,2.9768149019830795e-08,2.046560245113367e-06,0.04918032786885246,0.5454545454545454,0.09022556390977443,6.0,11.0,122.0,,M00439,,
62,35,,8.691346372904597e-06,0.00047802405050975286,0.02459016393442623,1.0,0.048,3.0,3.0,122.0,,M00205,,
63,35,,3.423796569642429e-05,0.0015692400944194466,0.02459016393442623,0.75,0.047619047619047616,3.0,4.0,122.0,,M00201,,
64,37,,8.776818719536262e-06,0.002413625147872472,0.025380710659898477,0.5,0.04830917874396135,5.0,10.0,197.0,,M00237,,
65,39,,2.0800878185493615e-07,5.720241501010744e-05,0.13043478260869565,0.75,0.22222222222222218,3.0,4.0,23.0,,M00200,,
66,39,,4.371902659485283e-05,0.0030056830783961323,0.08695652173913043,0.6666666666666666,0.15384615384615383,2.0,3.0,23.0,,M00215,,
67,39,,4.371902659485283e-05,0.0030056830783961323,0.08695652173913043,0.6666666666666666,0.15384615384615383,2.0,3.0,23.0,,M00216,,
68,39,,4.371902659485283e-05,0.0030056830783961323,0.08695652173913043,0.6666666666666666,0.15384615384615383,2.0,3.0,23.0,,M00619,,
69,40,,0.00011490357352608502,0.03159848271967338,0.03248259860788863,0.22580645161290322,0.056795131845841784,14.0,62.0,431.0,,M00178,,
70,41,,2.551603244519114e-05,0.007016908922427564,0.026845637583892617,0.5,0.050955414012738856,4.0,8.0,149.0,,M00233,,
71,41,,0.00015318487072438498,0.021062919724602936,0.020134228187919462,0.6,0.03896103896103896,3.0,5.0,149.0,,M00208,,
72,41,,0.0006366214374445533,0.05835696509908405,0.013422818791946308,1.0,0.026490066225165563,2.0,2.0,149.0,,M00153,,Cytochrome bd ubiquinol oxidase
73,42,,5.4315762553207276e-05,0.014936834702132001,0.2857142857142857,0.2,0.23529411764705882,2.0,10.0,7.0,,M00032,,"Lysine degradation, lysine => saccharopine => acetoacetyl-CoA"
74,42,,0.0001635040434852268,0.022481805979218686,0.2857142857142857,0.11764705882352941,0.16666666666666666,2.0,17.0,7.0,,M00087,,beta-Oxidation
75,43,,0.00018702366443072222,0.05143150771844861,0.9215686274509803,0.02031114952463267,0.03974630021141649,94.0,4628.0,102.0,,-,,
76,44,,1.3349580227963312e-07,3.671134562689911e-05,0.043859649122807015,0.625,0.08196721311475409,5.0,8.0,114.0,,M00157,,"F-type ATPase, prokaryotes and chloroplasts"
77,44,,0.00037189177204610625,0.05113511865633961,0.017543859649122806,1.0,0.034482758620689655,2.0,2.0,114.0,,M00460,,
78,44,,0.0007689967394531369,0.07049136778320421,0.02631578947368421,0.3,0.04838709677419354,3.0,10.0,114.0,,M00237,,
79,47,,1.1806056730109166e-05,0.003246665600780021,0.047619047619047616,0.36363636363636365,0.08421052631578947,4.0,11.0,84.0,,M00439,,
80,47,,0.00029503196121968817,0.02869605231581069,0.05952380952380952,0.11904761904761904,0.07936507936507937,5.0,42.0,84.0,,M00239,,
81,47,,0.00031304784344520756,0.02869605231581069,0.03571428571428571,0.3,0.06382978723404255,3.0,10.0,84.0,,M00546,,"Purine degradation, xanthine => urea"
82,48,,7.231823053624351e-13,1.9887513397466965e-10,0.20833333333333334,1.0,0.3448275862068966,5.0,5.0,24.0,,M00222,,
83,51,,3.3003927559396956e-11,9.076080078834162e-09,0.23076923076923078,0.16981132075471697,0.19565217391304346,9.0,53.0,39.0,,M00254,,
84,52,,5.769895302429554e-07,7.933606040840636e-05,0.06,1.0,0.11320754716981131,3.0,3.0,50.0,,M00216,,
85,52,,3.1467655874317016e-07,7.933606040840636e-05,0.08,0.5,0.13793103448275865,4.0,8.0,50.0,,M00632,,"Galactose degradation, Leloir pathway, galactose => alpha-D-glucose-1P"
86,52,,3.114972337730515e-06,0.0002855391309586305,0.08,0.3076923076923077,0.126984126984127,4.0,13.0,50.0,,M00212,,
87,52,,7.072929991561561e-05,0.004862639369198573,0.04,1.0,0.07692307692307693,2.0,2.0,50.0,,M00554,,"Nucleotide sugar biosynthesis, galactose => UDP-galactose"
88,53,,8.648959808523732e-06,0.002378463947344026,0.3333333333333333,0.4,0.3636363636363636,2.0,5.0,6.0,,M00454,,
89,57,,3.349770550629163e-15,9.2118690142302e-13,0.07650273224043716,0.5384615384615384,0.1339712918660287,14.0,26.0,183.0,,M00144,,"NADH:quinone oxidoreductase, prokaryotes"
90,57,,4.414702008388808e-06,0.0006070215261534612,0.02185792349726776,0.8,0.0425531914893617,4.0,5.0,183.0,,M00155,,"Cytochrome c oxidase, prokaryotes"
91,57,,2.9577513658700757e-05,0.0027112720853809027,0.01639344262295082,1.0,0.03225806451612903,3.0,3.0,183.0,,M00151,,Cytochrome bc1 complex respiratory unit
92,57,,0.0009615143114242833,0.052883287128335586,0.01092896174863388,1.0,0.021621621621621623,2.0,2.0,183.0,,M00153,,Cytochrome bd ubiquinol oxidase
93,57,,0.0009615143114242833,0.052883287128335586,0.01092896174863388,1.0,0.021621621621621623,2.0,2.0,183.0,,M00154,,Cytochrome c oxidase
94,58,,5.323288374697496e-08,1.4639043030418114e-05,0.02529182879377432,0.5,0.04814814814814815,13.0,26.0,514.0,,M00144,,"NADH:quinone oxidoreductase, prokaryotes"
95,58,,1.0366410708001739e-05,0.001425381472350239,0.011673151750972763,0.75,0.02298850574712644,6.0,8.0,514.0,,M00221,,
96,58,,1.9975590636558807e-05,0.0018310958083512239,0.013618677042801557,0.5833333333333334,0.026615969581749055,7.0,12.0,514.0,,M00335,,
97,58,,6.670060742345754e-05,0.004585666760362706,0.011673151750972763,0.6,0.02290076335877863,6.0,10.0,514.0,,M00237,,
98,58,,0.0001233991913873592,0.006786955526304756,0.027237354085603113,0.2641509433962264,0.04938271604938271,14.0,53.0,514.0,,M00254,,
99,58,,0.00022327822815619206,0.010233585457158802,0.009727626459143969,0.625,0.019157088122605366,5.0,8.0,514.0,,M00606,,
100,58,,0.00026772127527338526,0.010517621528597278,0.007782101167315175,0.8,0.015414258188824664,4.0,5.0,514.0,,M00155,,"Cytochrome c oxidase, prokaryotes"
101,58,,0.0006623858647663586,0.022769514101343577,0.005836575875486381,1.0,0.01160541586073501,3.0,3.0,514.0,,M00151,,Cytochrome bc1 complex respiratory unit
102,58,,0.002677865734406084,0.08182367521796367,0.019455252918287938,0.23809523809523808,0.03597122302158274,10.0,42.0,514.0,,M00239,,
103,59,,1.1594863964355386e-05,0.003188587590197731,0.07142857142857142,0.42857142857142855,0.12244897959183672,3.0,7.0,42.0,,M00479,,
104,59,,0.0005091814769294169,0.07001245307779483,0.09523809523809523,0.07547169811320754,0.08421052631578949,4.0,53.0,42.0,,M00254,,
105,60,,0.0001990733217839843,0.05474516349059568,0.8540145985401459,0.07584269662921349,0.13931335582456839,351.0,4628.0,411.0,,-,,
106,61,,6.668374470018633e-07,0.0001833802979255124,0.5,0.15,0.23076923076923075,3.0,20.0,6.0,,M00207,,
107,62,,6.062511421338481e-06,0.0016671906408680822,1.0,0.13333333333333333,0.23529411764705882,2.0,15.0,2.0,,M00258,,
