,BGC-19-20 deletion,Glutamine,Prophages,Surugamide repressor,ArsR,Paulomycin-1,UC-1,Cyclofaulknamycin-1,Leucine,UC-2,ABC transporter,Histidine,UC-3,Cysteine,UC-4,UC-5,Minimycin deletion,RpoH,Isorenieratene/streptamidine,Mannitol/xylose,WhiH,WblA,Sucrose,Sulfate,Phosphate,Ribosomal,Phospholipid,Glycerol,RpoE,Carbohydrate metabolism-1,Phenylacetate,WhiB3,Potassium,Mce transporters,Nitrogen/Ammonia/Urea,Stress,Cyclofaulknamycin-2,Cytochrome,Transketolase,Carbohydrate metabolism-2,Fructose,BGC-1 related,UC-6,zwf,UC-7,NRPS BGC-14 related,Paulomycin-2,Surugamide F,Minimycin/dudomycin,SigK,Mms,NDH,SAL-2242,araBAD,LAP/Thiopeptide BGC-11,Cell membrane,Candicidin/antimycin,DNA damage,SigE,Glycosyltransferase,Lipid metabolism,Large genome deletion,SGR PTMs,Iron acquisition,RpoS,UC-8,Cellobiose,Paulomycin-3,Fatty Acid,Nitrate,Nucleotide,Translation,Cell motility,Quorum sensing,Serine protease,Surugamide,Amino acid transport,UC-9
XNR_RS03030,0.0979812891485401,0.03519629503783024,0.020774092068200134,0.3038986373246096,1.3286032736421394e-08,0.9883259735343048,1.7964213265483553e-13,4.144460107829411e-05,1.2439255393654065e-11,4.9104958870306163e-05,0.48334724749878444,0.0018352306757465303,0.07842529375446843,6.823047787757731e-13,0.9976054205601627,3.2408474956513055e-05,0.0002274629700208157,0.0017270485278821305,2.1450054585842492e-05,0.060849135589867355,1.9489741433910221e-16,2.9732919542897947e-12,2.7429179000521538e-11,0.4053757947065636,1.0888191602209649e-07,0.032968477400534144,0.5053908512373808,5.7425801868596755e-06,0.04788491353378036,0.215935389001158,0.0008839676989632278,2.148832853839764e-09,0.0012647737541050014,0.00042643592832401485,0.01432653128896623,0.00038679878978794283,1.7345072332845077e-07,0.14107789705848184,0.0005229790616568511,0.013071602540227588,0.02494035708589714,0.0005215312712649686,0.06027314100896451,0.01440336833175509,0.06494906019694859,0.0002234506148955192,4.1145805119844487e-07,0.01324917123584142,0.010738831966088484,0.006770257120873478,0.07683532976902567,0.0005945182127747559,8.795178569676281e-06,0.03102703198533072,0.6553259941867908,6.86766133682707e-15,0.08182061264025244,0.25881467539853553,4.831999864972816e-12,4.835283514099497e-06,0.05955946745630272,0.9879054415496278,2.5708537607292434e-11,0.24460007443870915,0.0431270644162993,0.00013462034380971982,0.0945361531466134,0.9930605446177936,0.6391254085005671,8.319964869148253e-12,0.011282267562954916,2.378012033148332e-10,0.6773820587552208,0.009918426742257104,0.25159547426829176,3.916837487311846e-15,7.506682571001606e-11,0.09765424361311634
XNR_RS03370,3.6749456232549673e-06,0.22864498183231524,0.09226909526806334,0.40222757353412697,0.00735836649055895,0.12343071941882168,0.08112325214373879,0.8206576260700111,0.00018870381402275816,0.00045396885668249785,0.13516792278038003,5.598466715173124e-15,0.029731683274992052,0.2971735893436189,2.723456670419347e-10,0.007982904557530092,1.238277954100708e-21,7.80298464130939e-12,0.003654156190850132,0.00023232092768064996,1.5760341061732536e-12,4.901146222230492e-07,1.570122821956909e-05,2.1567890955638542e-13,1.814456045826646e-06,0.002742107603514649,0.9780851796857002,0.20804221505926895,3.954815403989913e-06,0.15297437801365346,0.37346375072753935,0.010174096896474503,2.314000408366003e-09,1.3919516331369317e-06,2.8856578169522802e-06,0.07533078991237141,0.3004599239938884,0.34344872035133933,0.9204183290661601,0.0004892712204135027,1.1025005725933495e-19,0.00017407372590187744,0.5418552541253183,0.00045315208645054677,0.0006250656072604853,6.30209184449331e-07,0.8861854547933815,4.956280248464675e-10,0.0012097597444308188,1.0661590556391651e-24,1.3537192163589776e-23,0.014672679121375879,0.25294011168740216,2.9041327618615523e-11,6.295715101220579e-15,4.3355485982627814e-12,1.032132877934498e-15,0.8874345601241216,0.6288816734388281,0.8740721000003723,0.1009104439962624,0.0005709829677740281,0.4409507029089802,0.00022105015644235398,4.807370847145424e-05,0.0073178387333795985,1.47615378691076e-09,0.25049516389192894,0.0021301329952225553,0.40098384324930125,0.0006507771537643647,0.029820139665099835,0.541674815753398,6.704907631163703e-08,0.007829690213992468,4.765353056394805e-12,0.029075374443639983,1.8619388848194074e-05
XNR_RS05170,0.0022873917208418694,0.036662764144193206,0.009523383285705593,0.011198569480351046,0.10870868691343606,0.5112756484674368,0.613810058416139,0.6235152620363651,0.29360511581221027,0.019673867929713106,0.015138819287511766,0.004490142652190809,0.707493958643113,0.005841920313429809,0.0709304056984665,0.13693237684642068,0.0001049273233596334,0.018488656052286393,0.3036659109583241,0.3400276064547294,0.7945099766443442,0.5485750301871152,0.0528574974230679,2.702538351346335e-10,0.3819914767087298,0.003951076741184585,0.3583402068690993,0.3874922191583857,0.0005986506815282645,0.014402674498198464,0.020307171081070694,0.9676310749881981,0.6077855466573638,0.0018943110789319617,0.521490180364657,0.22242311037770726,0.18010428309711238,0.06360056908066389,0.05806857997099092,0.12958414510555524,0.8508022723499001,0.4201745445500231,0.0006951659858766044,0.0005772287875098927,0.021853277652102678,0.0006738759794108663,0.062000271318712066,0.6525510329607909,0.6610010663151606,0.04495303312687359,0.00473070032920314,2.1465680803870163e-06,4.248173114402737e-06,0.0007950779747443364,0.008795507520211533,0.6106096326109364,0.06930421510773496,0.038406081704478505,0.005872557656128665,0.10461103135264799,0.06275247074738109,0.8225758144931241,0.0036455745648045555,1.5008744894719274e-05,0.03936708848725783,0.04085421597756883,0.016026106889879144,0.7925298680342835,0.31304217628273473,0.06327440074966907,0.7679918731794797,0.8757204333025324,0.021556852322152573,0.06356862726673455,0.4586348318781256,0.10502995586537112,0.0010309733477668454,0.035859914888309086
XNR_RS05970,0.10882218256526549,0.12369819052407167,0.25309612709776624,0.03623639486150289,0.1214719459646228,0.04392535007053474,6.508674448471253e-06,0.00013974540455280538,1.2248858964271099e-08,3.1392667839557026e-08,0.01678716540280988,5.85079336755741e-07,0.046228601550766066,0.0014243841450846855,8.874632762683599e-05,1.9661658099388604e-09,0.34548566725144325,0.42569787652877455,0.335248956050763,0.04436647293715543,1.1025291149451684e-47,8.74658190485034e-17,5.993403902191578e-21,4.380236315904249e-08,2.3371919172279987e-05,2.3524703851922035e-05,0.7566737772194662,0.7418821599517127,4.1071691210862026e-05,0.06002665963236521,0.6706968234129087,8.092612481791055e-22,1.6262202468383774e-08,0.004458473467565702,2.2673066054918853e-05,2.8084034819314e-06,2.814574520112944e-05,0.07850110902273955,1.2087207822487043e-06,0.0034865321349162497,7.30972320083372e-09,0.44209315421277184,0.08237711856910719,0.014830676992354559,0.3943452800326145,0.3665998088915553,4.476260391714315e-06,1.5906638830703137e-06,1.054069443755612e-14,0.019635656921602882,0.051819704183720006,0.8276872700674125,2.1007077598668723e-05,8.665658948573612e-20,6.317218221481158e-08,1.5075020942408475e-35,4.5258977558478823e-08,0.6023800625196007,0.00031716337355478696,0.36168744105921025,0.0045871213000946666,2.314403844216409e-06,1.588815096481105e-05,0.003420063889192843,0.052861716731830787,0.786859212836533,8.836267839342776e-20,0.09566567894791003,1.463837510106739e-05,1.560706755784909e-15,0.008034565259899063,6.353655727492667e-05,0.003652111293674243,0.07587691397046614,0.1630685692766561,1.6825294172576596e-27,0.6587951917790043,0.024989571493645616
XNR_RS07195,0.0001540415085310339,0.15301867519234413,0.7199808787050836,0.20299794876002802,0.17641868598271362,5.3639095451890884e-05,0.6572688251073814,0.21296877944122525,5.61296196760543e-09,0.003445581351962167,0.26351140747747,2.170451330452765e-08,0.18732467986343723,0.025598114106838588,0.003110068511183229,0.009180990422766091,0.634728446111601,0.7892282789477438,0.8530424407194216,0.000754349175569452,2.6343133884192625e-06,0.002577376268732088,0.0003278315150251294,0.0023992325242292844,2.033732906727027e-08,0.3877919291341041,0.8502690744255998,0.007234736193197823,0.04110148075048912,0.3479768699733866,0.9773392814840192,0.0010590085397936323,1.5419242603575323e-06,0.0013247513651090058,0.42389819387186,0.0003607676952531387,0.004105162474968786,0.14478911569041947,1.5804506706331132e-06,0.0005088689578064887,0.010175629942378634,6.171312080769433e-05,0.23592642723668852,0.014207492099721967,0.9455770821788254,0.23066624774219227,8.490577957924173e-07,1.0771063161823003e-07,8.312744297922563e-13,0.0012088629774819062,0.007189182716730039,0.018728980577736056,0.5127551223353493,2.7371536350157067e-05,0.0011928250894827118,1.4826605683211285e-06,0.7148576291021573,0.03432670555762288,0.0020160359757452986,0.07328285649169951,4.087889642041978e-08,8.292264788036801e-05,0.044189943700835,0.7660436096339499,0.17516270135837625,0.0015057052238789533,4.615913991902762e-08,0.0005456135231212924,0.025411275728830493,0.0006022195295524883,1.9438320485100456e-05,3.410322681673398e-07,0.3805265097479493,0.05716686038974929,0.5869268092385695,2.557818983100038e-10,0.06554886485679126,3.0815893922147116e-11
XNR_RS07380,0.008977264410839287,0.046747996504282845,0.5722836580982769,6.865840373894697e-05,0.00853751875673434,0.019887021382876128,0.8651298299718466,0.3927290548212029,0.009378338631354666,9.401054015999425e-07,0.01650450280034699,1.2972955614300297e-05,0.517812878277595,0.023294858110933653,0.6309974259631191,0.002352704864968839,0.06865289250763697,0.8681934966335366,2.630454084259366e-05,0.4434196918405181,2.316493940166337e-24,6.03200266685472e-20,0.0030013316455143307,0.0004977102132456903,0.008568627569564299,0.6222278515441929,0.0031602883033395274,1.4075130347957784e-05,0.00021052779943223342,1.3615672563018838e-05,0.003539829257306171,0.5382858791828066,0.0004838475047475786,0.1137911329253622,0.06651695937180341,0.00018148956252913467,0.1510446266525642,0.5861419759291748,0.07831168182171613,0.41063904942627094,0.0011267484593192512,0.00014059679171304684,0.4048949405224769,5.978381012378189e-05,6.070682393509245e-07,3.491086478222133e-11,0.5003750783275136,4.498570889132499e-05,0.6068811590889555,0.4318518222988884,7.302971510812045e-12,0.002343936032732681,7.115887184872539e-10,5.162258952905067e-12,0.0005572491811443959,2.7014781371277907e-25,1.365780688971438e-08,1.7141843007376805e-08,0.22699757128230735,0.001208564190696282,1.549852829489187e-05,0.43438174789110906,4.833595137819263e-06,0.13525304053359127,2.6531048946180218e-61,1.7545618363035315e-05,0.009504603458547188,0.057521172840250635,0.006192516790411847,0.07931251571116434,0.22404042480165717,0.08922131047696732,0.24461392855550051,0.015654389555108738,1.8134558559502355e-15,8.711201227039642e-20,0.7245170482179852,0.33740088092449994
XNR_RS07515,0.7903121071757194,0.06014093512704785,0.019491384304795436,0.13463894803795956,0.5425491904547276,2.3475570109429784e-06,0.658186934365169,0.06335366854747343,0.7600262935965397,2.0918797809586737e-09,0.0029563958121135753,0.19836226659973447,1.240646127366599e-08,0.1944520879642711,0.8726446388089205,0.013600397300577436,0.8147967969111628,0.005271231633710785,0.0003379412780880182,0.09362387358060595,6.766286886229534e-10,7.702747709676404e-07,0.0032686470472224325,0.04419061119594558,0.4332143771425735,0.12283641754493956,0.7014810541815653,0.00016463182743008996,6.885762166543567e-08,6.121017713767178e-08,0.22821988503684826,0.22839149300586295,0.002109047074851154,0.3133442683844537,0.08187229816684492,0.0007016400346903651,0.029374686756930023,7.917168981155116e-08,0.10095067010020993,0.03161509041433812,0.1630756694041378,0.631824705097102,2.913176751281685e-07,1.340193701310777e-05,0.0007210877417430258,1.6592615875902984e-07,0.27866885927073926,0.001281746369501352,0.5910048701891237,0.41438766303901664,4.962773498985976e-06,4.478965806710403e-09,0.1147257418924324,1.1012970877957382e-06,0.05232356068491429,6.877142765161499e-11,0.6132863486649365,3.527858212670325e-10,0.0014319422651471075,0.8070618222738475,0.024558834544669114,0.00011054776205418118,0.005487030600688736,0.032574744550809595,6.79018536716057e-06,0.000608118450617617,0.0646594001258856,0.002644354933161628,0.2724207755556338,0.10708451156111791,0.8972171900332389,0.2955484671215852,0.02810074920701271,0.9110182007036274,3.9753509613356833e-10,2.602546109364415e-09,0.005069665678693343,0.747801868852302
XNR_RS07520,0.965392468753419,0.6745280159792175,0.638437090458563,0.6749879987415237,0.39511325693123256,3.395306074300462e-07,0.279901124524934,0.6004218028611468,0.8693035875695959,0.005575740573826264,0.06290012957855194,0.5457638611772868,2.8227155727674214e-08,0.24138021038386256,0.3347206218676285,0.8870250928978328,0.10669102177809486,0.008830897465223028,0.0008477331768524896,0.37845088820682726,0.04393650479635039,0.027010459785455684,0.31326378697371593,0.6574594203941364,0.6347937311283471,0.00033890097144480876,0.22495259279152877,0.015156428355127424,0.010882447913984458,3.6242162803138446e-05,0.15844392678505265,0.7035912189068114,0.1604980788946938,0.7258415652950128,0.935994253740746,0.0020259080370613586,0.061929709388480005,5.901254739301403e-08,0.13371345571460638,0.04151022061735845,0.2554952685548088,0.4701169524486253,2.3336005162355743e-07,0.00024997770016280785,0.039561245302759014,0.01365739541366447,0.020211100274799932,0.0820534245208054,0.7811612916796082,0.03791702095956878,0.08528238726086344,0.00013571482622878748,0.0020763623800351275,0.12562666988711116,0.9235330070235661,0.017872700462465845,0.019662128815442936,7.858656437268938e-08,0.0225557051149261,0.9151367227702755,0.13554198173795376,1.971627309816754e-05,0.056872697098579054,0.3955824311999837,0.0006535304716070161,0.0006077477188309605,0.9358049131958446,0.21197656170963733,0.001949801324539498,0.018748222823615702,0.17132117883764658,0.20115739385712578,0.22459684523720305,0.3563924250581193,2.430287949930925e-08,0.0070724938127015415,0.43616526876452333,0.7479502634731255
XNR_RS07755,0.0018718998716837814,0.41364099127982956,0.2867317143476964,3.6729952033362487e-06,2.389631557037468e-19,0.91345546353037,1.352032848801188e-31,2.17163892321066e-08,1.000717386811706e-24,7.70002116282936e-09,0.7441201187471189,5.6996846468762367e-11,0.0187560442013756,1.0213517275365995e-09,0.00013843728250546584,3.342544473388727e-07,0.22770163121355683,0.6390645906532089,0.2714460690277928,5.225831840999578e-11,1.646723443639007e-13,1.9239758457902053e-17,2.363055798097099e-13,0.04632302009324475,1.728155190276922e-09,0.005577343341605708,0.16261463906327553,5.476671885851809e-06,0.010946390206044248,0.02397450760903111,0.006662498415820732,0.013789969694570713,8.901405694010937e-10,1.915448245829711e-06,0.36599368561370516,2.9074307462399672e-06,5.71100169772075e-09,0.0004496284605238379,5.2076327761053643e-05,1.5777631411472659e-07,0.09063671085038114,0.2559086433608781,0.6277706031039849,0.10856883703450042,0.6565553659187033,0.4838789172952175,5.593321249616871e-06,2.0678023082230013e-05,0.15440165467011482,0.04007973345385684,0.08423153541989928,0.00015683247773236976,0.0655740597997199,0.0356380458201595,0.03705732343810931,8.343232942699645e-12,0.04824159811011481,0.00010577291749367603,4.092339892163028e-13,0.0033223201518428436,0.001066775136049209,0.002945150379588379,3.752871004096195e-07,3.1259152139682044e-13,0.2789120618829057,3.1937875855764254e-07,0.2826812956013465,0.6303926177255798,0.7262525154344706,0.41838850386941306,1.7702821680416483e-07,6.505154876661696e-16,0.007677505140236212,0.0002940254120826148,0.9861012629922836,1.1546728417661123e-17,5.5621438262491265e-12,0.0552951003278429
XNR_RS07760,0.015794489597217742,0.13821713366889268,0.11627348446078326,0.0002870638718486191,9.387749572336086e-20,0.7915206542002303,5.47561147447375e-25,5.3456709002506395e-09,8.654763616414394e-20,1.788134769788328e-13,0.7864536569452655,2.118547206103753e-12,0.3266114691200167,9.756418866653446e-12,0.005446487494728162,1.13178676736516e-08,0.9753593579754833,0.6005198770914077,0.0023373789229020965,5.988262175463686e-08,7.846199874130334e-24,3.999323863602963e-23,2.2415972236922976e-18,0.04224642500862769,3.4469012225632956e-09,0.00040692070575033785,0.649584900196897,1.7962164264716895e-07,0.0003173153377160498,0.0011995578458855998,0.004713435071500183,9.89775062766159e-06,1.81038465537913e-09,0.0001378074750183816,0.2708660134820925,0.0004706560940756266,1.9677500780860882e-07,9.550247055513682e-05,5.439249615080203e-06,0.00013476681302278156,0.11661668868032762,0.2826201074111388,0.6171376409123304,0.067200530743267,0.3094462481333935,0.5510741640826758,2.233169404175974e-07,2.3328922605480528e-06,0.09053525326571653,0.3400276064547294,0.7924249985487138,0.002779401999958279,0.004762024958203129,0.0001313495917450038,0.001122623336631425,1.6463565956608377e-20,0.12412959485905341,5.9647220598724204e-05,3.748693446543183e-11,0.0013127769066693547,0.004106980298735555,0.014111795116087287,1.9442489319636833e-08,5.2864121189977066e-09,0.021546013659818994,7.066242345889651e-07,0.03647995925825494,0.45934783268532775,0.4931157307115045,0.04188904290153946,0.0030847040378260185,1.189341840316402e-15,0.0263854532937018,0.00145985931564187,0.3674240457363055,2.14667674589489e-25,8.190710034701427e-09,0.6327285315361549
XNR_RS07865,0.0006187054030148773,0.5499375050641269,0.01905422198111012,0.691919542287664,4.874261554942187e-05,7.208258725386655e-16,0.1522767485610314,0.007997339697157704,0.1851820165028004,3.838599362788502e-05,0.0005204994072767388,0.006692374556196241,1.1238136693976105e-17,0.00019710279608591239,6.684932660366273e-15,0.7030331707036925,0.0006554396369637056,0.6404761846200013,1.1069137634483563e-14,0.18362634618378104,0.00022810092347620709,3.375264823337569e-05,0.305796922177812,0.14226644437711256,0.0011477972761880777,1.0422522988984575e-08,0.03163702516218038,6.273899677297146e-14,0.003728881193244181,5.0545700643913484e-12,0.37742255137082237,0.1620434188499391,0.5044660663269577,0.0005548382229152802,0.042509544004539025,4.547288891112272e-13,0.16833071299442887,4.65683220156144e-22,0.0002989176187937444,3.225437712256131e-07,0.003042325934596695,3.9716458444975893e-07,2.5983404623293937e-15,0.0006202393067983881,0.00034070654543733107,4.3325686818274225e-06,0.14795894670741405,0.6888850252028107,3.5659224766250676e-07,2.8750469083121653e-12,0.0013357612069768209,1.8607979693659843e-11,0.4679308787564509,0.00018210989279353652,0.28128384620728186,1.021423188076754e-05,0.0027752532963343825,5.5277001935792065e-12,0.41021263619140647,0.510454676174807,0.4959135745413683,1.7798737286734897e-15,0.0028457350001109645,0.8394468898977855,0.00012341861331653312,9.834915812718322e-13,0.00026447370631668725,0.025028778924402785,3.774400567240755e-06,0.0008995004540029172,0.0018644463727921657,0.0005599638973295935,0.44854432397606725,8.318793889426954e-08,3.694061019612001e-05,0.019974502326471494,0.2377481973752251,0.12023547519110306
XNR_RS08220,0.43779500124031534,0.016788751872502387,3.165667657135229e-06,0.08037418421516304,0.15415400483091946,4.447921485363068e-05,0.006430122304734134,0.4828796386992793,1.717934371598362e-05,0.5826103839494747,0.1735885281678562,1.0074724545912795e-11,2.8789106336587347e-05,0.16115102096811515,7.430183428863522e-11,0.03561834685683181,0.0005776448906052553,1.0261950862792244e-06,0.0003770241014489994,0.0007096718459513217,0.17037032157916443,0.052273726898547354,0.0008003794680114128,0.7206428594529919,9.457965032348824e-06,0.783224355959122,0.0004268646791723224,0.7798682470475397,1.8303534714206955e-14,0.5789489560015312,4.267871033953208e-05,0.1618584815849876,0.0009041232196552639,0.46068248647762366,1.4074882389066239e-09,1.2233099592360376e-05,0.09203683957221755,0.6589060315162194,0.000726651826375202,0.1764953518951017,3.2622070941198433e-07,0.5343361840843655,3.901552040504378e-05,0.6977766899705693,0.16657677334471502,0.6540484308777333,0.35686965724455866,0.39396685801895404,0.08495651518487625,1.2309120168697063e-09,0.006787713447213867,0.10272406848388617,0.6389429621887961,0.6712550153859708,0.05285327839379016,0.293401172659073,0.003933990612080946,0.4865953269108326,0.015250062894394747,0.8752915467995246,0.0002834062343381041,0.12757578288628937,0.1579406669825297,0.05937807636318572,0.9882852767480077,0.04633625154624144,0.0002448750003449656,0.6106096326109364,0.5719478724749876,0.16021644716419334,0.3395184729801778,9.990667334190109e-15,0.24807364600884244,0.00024072807211364663,0.0009696533071860706,0.0389093768780344,0.20185352817167138,0.515038936817152
XNR_RS09750,1.5320993125734864e-05,0.8351820926217468,0.24096170322254618,0.4682547112857801,0.3201661420743867,1.889220790244005e-11,0.9204048291059994,0.2050073800019066,8.141105501318015e-05,0.6778427601734238,0.569900440841114,0.0002745458596873621,2.0124073128700316e-05,0.0013880029922607824,2.3493809336633606e-20,0.00325353142855508,1.5132014069138674e-10,0.19715023265501141,2.3579877003176095e-16,1.3108205497370648e-08,0.6216506939218107,0.9061084412372027,0.0017732694773362398,0.0010595379300238168,0.0039666876490879865,3.814962931411425e-06,0.12710523205462335,3.041032838866003e-12,0.017462628279087573,0.027300790759100576,0.41665579483467274,0.11132344591273628,5.6819663518294195e-05,6.081077664176123e-08,9.281036150809055e-10,2.163175586887435e-12,0.23879557365761003,4.3685751987656375e-11,0.48140402440655194,3.241319854305508e-10,2.0107523427836864e-11,1.1679297287420249e-20,1.8616620816908853e-06,0.0074601739810409035,0.13468487614602254,0.31962656233780645,0.27085858235337873,0.5736972910294238,2.693568528541525e-07,9.824302185760754e-28,0.009177258520270496,5.255834234472421e-08,0.043226848288479405,0.7768942474726415,1.123091717256605e-15,0.09331668504436573,8.524383179731738e-07,0.021339018483618574,0.18922013860484735,0.02610755292009253,0.0010241521325412464,8.754015804083356e-10,1.5169729654981163e-06,0.008968120915310076,0.021015837805630544,3.553668517982999e-13,1.6177946775265705e-07,8.322677763861621e-07,8.160965085978691e-08,0.14261609369771672,0.004988462148326578,0.005581533737175464,0.3178460098123658,0.0004935721489206284,0.0008338868801072777,0.627384340006008,0.6963421566174022,4.231114742564253e-09
XNR_RS09755,1.3734442196786921e-15,0.9875391744712412,0.42268443144478685,6.27856028384566e-06,3.127116342579273e-17,7.773861578344296e-05,3.4204592751439295e-13,0.033220410806631455,9.580366519307069e-10,0.0029815331847724428,0.6471377043103035,2.3686047952903448e-05,0.23514386518703148,4.3413897900476113e-26,0.21438529855066848,0.21732774948714245,0.003929183510080308,0.0697827497399086,5.382248155712688e-14,0.041139106563808,3.740167121560753e-11,8.448214034986725e-13,0.06257038999926187,0.0021190008058241862,3.2511182768761185e-09,2.177348092902125e-08,0.006899447207966787,2.2644848372492873e-25,0.0007592537476191433,0.00026451036749981717,3.5997309054701177e-13,0.4656883371642281,0.002381409965444501,3.9820581286678414e-23,9.512813363635151e-05,0.3770816962730549,0.012780713252305185,1.8775418654719428e-06,0.09159353689066099,1.3497793492783893e-20,0.1417733885953625,3.5881130224181735e-23,0.13072396766555086,1.4436768264819646e-05,0.00507384493720695,0.032389737116041525,0.13401172828337826,9.482748031164559e-06,0.0002921497833965518,3.653633515217342e-09,0.1494812454522971,0.06920408997380577,9.946840908652265e-10,0.2511648267754083,0.002330022115986509,9.887346416817001e-13,0.0035162489805779453,2.8056621529247548e-12,2.4124841878244693e-09,2.1125669739839577e-13,0.00011254816991412801,8.494106082467517e-05,1.486578459131645e-16,0.003792696211551569,5.100344297305724e-10,1.94618520863366e-20,0.0007868339792784735,3.1821526745664625e-07,0.00015094904160121365,0.23203187078333598,2.9072745659853243e-09,4.7472896666724705e-07,0.003569155032874786,5.848543487962391e-07,1.4537606438063997e-11,4.491117265279742e-23,1.9192962928849716e-06,4.881000396164181e-11
XNR_RS10635,0.022697749704343323,0.00033050505995649147,0.0004297044742408924,0.004614307927646939,0.02350856147584595,0.004007180948681507,0.13579157669954015,0.001438338252007137,0.3522157999751162,1.305379060983477e-10,0.0029549254397615845,0.06179118026934613,1.4296738539144457e-05,0.7362198306335072,9.917893484443669e-14,0.8288403436181381,0.5474522358184681,2.1234342583564768e-05,5.256920979026619e-10,0.0007990510493026125,1.913248377496463e-10,2.3462034577091023e-09,0.11876141060801797,1.0109954787102273e-05,0.02952443397911584,0.3997710319746792,0.21712390050908673,0.3526927145433377,0.4736525004723042,1.4229491938355973e-09,1.7307303105157576e-06,0.2213366106036511,0.7218910035196489,0.39363591788424446,0.06925940768974183,1.0538255443447722e-11,0.0012803567455329464,0.07555960294185088,1.0817458203032174e-09,0.02048944137740635,0.2959414743442265,0.17489054015594852,8.441011939395521e-05,0.00018662710079192578,0.13334116746334146,1.664984952874299e-09,0.005311226651138001,0.16510215451884167,0.8167584026215068,0.00019833273893914036,0.03347110402585446,7.411663993065588e-11,0.003899150516138945,3.072186187535052e-14,0.12452432021133793,1.549441990977416e-13,0.1695182611049764,0.013352699925349149,0.0031441815291517647,0.8635786937243007,1.66926654580583e-11,0.0736727117485647,0.001197778797290347,0.09122103288857633,1.4193667581102028e-09,0.11298594772782193,0.03059044846092334,0.18829363796336612,0.06745028683425801,0.8908609419389777,0.06451024380142,5.37770219313646e-09,1.9877383546061464e-05,0.001537803821099399,0.08374176413704679,1.287049143560158e-06,0.007809460550997863,0.909032848881677
XNR_RS11170,0.0014465064683838488,0.0052584822133262535,0.0046548507902553875,0.0017905302612851678,0.0002042445566592943,0.9959095544652397,5.557550616417982e-06,6.293037466047355e-07,0.2889227790636254,2.9806244230095937e-05,0.6256474119038085,0.030362222644870724,0.5135231282271489,0.0003046372026867563,0.11293528501694809,0.03413043894574078,0.11573235210795756,0.0465104444993033,0.00977841924647993,0.3067651396258206,0.0003378412840291797,0.015036209206446724,0.6028425461890177,0.2544320646695803,0.00767591310388434,0.16328038323063654,0.20932967144918121,1.399910126313419e-08,1.1428304635615023e-06,0.11343098289230076,0.14024214142899416,0.9305629589847405,0.7227829855874686,2.3773727330424075e-07,0.014265870832645935,0.044884881802033184,0.002600882446314443,0.00032967162703260197,0.7734156636444399,9.616580306054827e-08,0.6285675905490381,5.337691922246488e-09,0.879005287698699,0.001042261012067634,0.047619330269278864,0.5766689327322694,0.006314164087157441,0.04837470020626001,0.00041453613332669866,0.000551058709784284,0.010135327783788632,0.010343442704347327,8.529039699257489e-05,0.08418214632220312,0.0011076392106400728,6.40585835986187e-06,0.4975531252035412,5.6910969397074805e-06,1.1638849805981733e-05,0.4307246002383144,0.47893598908622015,0.009815978545258288,6.325195221145823e-08,0.022695688906208145,0.00206132993843226,0.000175819246068334,0.04371067187165417,7.2424785098294125e-06,0.125354716852568,0.04707077808758531,3.886330953907187e-05,0.5993245620091034,0.19982455045103825,0.6484464850009188,0.0033564476563234407,4.4728317720741226e-05,0.5183090313779428,4.797743682426675e-07
XNR_RS12225,0.43226123365172875,0.01811411702551896,1.546551635285024e-08,0.8250511700741697,0.4075727820679327,0.0004387104549768575,0.004106753031101707,0.19057846802158965,0.8370548298563388,3.244444702595236e-06,0.1989620943428948,0.1918332504937273,0.4631816687522502,0.3583669791220049,0.9495572328624446,0.0008188266903078778,0.19617185729540354,0.6622346741661089,0.00012977524593369314,0.03726774991787305,3.272954181395934e-17,1.387834422496426e-06,0.006562154236107608,1.0369366962475489e-06,0.7775461641249218,0.0009724634848181374,0.80489065454218,6.750990506220702e-05,8.068915475489267e-05,0.4154249062753752,0.49749914706632037,3.701045620610766e-06,0.016447536072984072,0.09186460886880973,0.8228140081717452,0.24653800989633967,0.6547853640977762,0.01636434686480365,0.0031558067244649214,0.4886246271829756,0.00200984381333702,0.055582593735993994,0.04985512496266002,0.11000042830304256,0.291538695681886,2.0279721183671152e-05,0.5248810487107209,0.061642526816237796,0.1395156830983658,0.22230651864008028,2.1948219808060324e-07,7.878350695599535e-05,0.0037652872491149157,3.556901038419064e-13,0.2712228708320285,5.627787889628824e-16,0.0016894251372608538,0.014135666253524129,0.07585988783870215,0.17388085192560035,0.29130449098993433,0.3649908786899069,1.3389641236780446e-05,0.2944296930121534,0.5142038582628046,0.6241052056924299,0.049782827141103346,0.06513679740176395,0.3851275778849218,2.3056159898202545e-05,0.003949979472430321,0.14361736098982306,0.45168216867891653,0.46216449950894356,0.8634851073167797,9.295636713961061e-11,0.00010985522360475756,0.40048699403437704
XNR_RS12230,0.6082379641612095,0.01094039562518519,2.1806851202722096e-08,0.2545815936619447,0.5269365069738403,0.4491974516516676,2.0232087274546838e-05,0.002327982298859473,0.6232625024164642,6.836047187989281e-07,0.1674335960745209,0.007155839797687096,0.09737658988383464,0.5555409002480594,0.05573451813773559,4.689243612440621e-06,0.0007837189639678161,0.2516943835158133,0.4180945282454196,0.5651136241044246,3.262306720129798e-21,1.8542300824587551e-09,1.1887264129798508e-05,2.804037317216476e-07,0.07658051464007601,3.6749727620776204e-07,0.385949066542577,0.00012954909622251006,9.305057584584715e-09,0.8428514639666366,0.613642690270793,2.2095751272129433e-06,7.505310888077935e-05,0.018540483301900654,0.05923653664390874,0.9751017075249708,0.14881499075531102,0.03752666054348649,0.0003131501645420361,0.3935319426621342,7.079761573106637e-08,0.9368364557666573,0.11751432563573636,0.2519842012205503,0.1096954108302074,2.9220328898920688e-06,0.007142391977814164,0.003925036185854197,0.00623668793734037,0.1374669539984443,1.972012870710627e-09,9.994101490764044e-05,0.013639089070809365,4.80841757357877e-13,0.004138452150144654,1.281371251334295e-18,1.9748887580395926e-07,9.709988116122443e-05,0.08333690341631349,0.5121411458741552,0.3491784216222096,0.15997198793274492,0.0005344142180242322,0.00866255866346526,0.3916349413997272,0.45126239608713214,0.00029566814389516636,0.07758655628369149,0.6760131140066585,0.00010683692549484673,0.003047702691524767,0.7793462599289609,0.13371831753399815,0.77272569306738,0.23305479927847217,1.488629082876097e-14,7.378793864804815e-06,0.10064326787316208
XNR_RS12235,0.764148709678438,0.03185133746567634,9.21015236012478e-10,0.6042903136483591,0.028502840667722334,0.04022221577781837,0.02054515432659488,0.19541531192428738,0.1283099458585448,1.0265889088343227e-05,0.24263145241035794,0.1712630543805954,0.34909062870928287,0.824600976151047,0.633334285583798,0.011457560863166738,0.031757767797931866,0.09522552895939125,0.15497735818434735,0.2794657843133826,5.083265883557453e-14,9.770003065262301e-08,0.022276620014814452,2.506648769826301e-06,0.7854204038679232,6.789810606818575e-10,0.5099842942912376,0.0008552695854203377,8.844103437667804e-10,0.8604512720578648,0.32860097547884637,0.0005329371538909504,0.00457583611921667,0.00901759407777907,0.3190958613557791,0.04496777993621427,0.8103180824258482,0.07534771973998795,0.0016747677817424568,0.21802313573259471,4.212114252549281e-06,0.8611727937196869,0.4117839022702252,0.5742075287543524,0.02332121540945533,9.182386588212925e-06,0.2320986320243446,0.004645446888784315,0.0790452088219138,0.47916872874969474,2.950326158139954e-11,6.44879682705752e-10,0.01716764200150025,6.51472168720982e-13,0.09975318841043837,2.4145988415878394e-14,3.3965956784485144e-07,0.003188202904670711,0.7361685361566704,0.393692638603642,0.046266349639862904,0.17854151737411494,0.00022585953066240892,0.15475383304411805,0.38353431399211535,0.13571967701625226,0.017127241169157408,0.09251180247354177,0.13881038759364675,0.00023988983937456792,0.00014631344831811654,0.0146079266759733,0.7100637620722671,0.5435370152058263,0.41915340579647364,3.6231420891681106e-09,4.3476611370387104e-08,0.19304725196899705
XNR_RS12240,0.22111073271340279,0.12023956680458375,1.9992270934577112e-08,0.0752208211854229,0.613810058416139,7.459163544582422e-05,1.3305364951331052e-06,0.004128850834210978,0.24968617697580447,1.2093965330441804e-06,0.05776368433753011,0.0856489407936213,0.3880355467639639,0.00456507583902977,0.9690409437531549,0.0019577899663941103,0.776281588042325,0.002500892419027967,0.000270718318710487,0.7390299793547037,1.6340556162220882e-13,2.323588712550068e-09,0.014285147434208294,0.007935227885129167,0.05302860312969199,0.07683246286997014,0.03639193183508181,5.238619197221751e-09,2.69477943856411e-11,0.23633191783229954,0.7744444403200982,0.0006761920000958887,0.0009737488803061966,0.827183744299415,0.5973386899046711,0.2601930243990793,0.013081802049141717,1.5349478759755825e-08,1.7690412800965996e-06,0.0009461262327081959,0.004736123516788828,0.01611238541433307,0.01775701944959125,0.2526495332602339,0.11026404005345364,0.13505598836291405,0.08104240598327801,0.0004008626672491236,0.15807682708716173,0.1570000524761672,2.527212244157945e-07,8.137874546826425e-10,0.35684295497178176,3.802771308697462e-09,0.37497627571576075,8.076647557001014e-16,0.5034769855222601,4.170363648509954e-05,0.0009907884850698086,0.9759424710127911,0.015167833855774242,0.011235328934631292,1.1377186822667958e-06,0.014356946155884693,0.3583937526242259,0.024350780274155073,0.6565553659187033,0.0001705093644018668,0.2925237275960279,0.00016211495450262376,0.8330581247754459,0.4690596024541016,0.38752031100989015,0.25185693573795326,0.09628941485745038,5.559003975466545e-12,0.07143157257646583,0.4591927800851908
XNR_RS13405,3.06953933736804e-08,0.004688795510209453,0.7004850866857381,0.11176721253230144,0.24764719159110424,0.006506305709551769,0.28114664411627077,0.16874882585771553,0.0039666876490879865,0.0001611076678426512,0.0010925665723946823,0.9974019159116041,0.9353217920922032,0.19520291677504692,0.25082631590551197,0.8830974816966505,0.6098941277199905,0.00020359721777692312,0.5337763284587587,0.2585122580949176,0.15435210070344055,0.2724669285011505,0.5853693295221328,0.0022732513523730956,0.09492959415968961,0.08986660593503627,0.8649559699478007,0.009126081034849597,0.008103212435565327,0.0420369161646108,1.9707215131415078e-07,0.011742677438252512,0.5490176529239342,0.00010292063698964577,0.47349480443330916,0.03225859443952857,0.007048886362387195,0.3792960020506131,8.004446750926306e-22,0.00045862304758055795,0.5299994396743417,0.014238372361684761,0.20018470627272436,0.5332391440621483,0.015951608121985712,0.07044813514008899,3.346936925561983e-11,0.3489940725849635,9.557467178819915e-06,0.3500483225466049,0.02632686118954399,0.4580772612919456,0.1580465616594418,4.117745460283178e-05,0.1584807827387308,0.02017278752434208,0.11128492286407392,2.3536058696671977e-05,0.0008211272134076715,0.195126259854189,3.270897969711562e-07,0.41775170940553563,0.9529427021420783,0.033174742748802284,0.001217181388204897,2.0841611098363642e-07,6.10124807648486e-05,0.019493389987769397,0.001197778797290347,0.0013964206693068797,0.12401220468475276,0.8469914109001291,4.0263509577491736e-07,0.11757462709760569,1.476866266918646e-08,0.094019204011254,0.1024386661648797,0.0024481599197849835
XNR_RS13410,0.16514385274642973,0.005802739723789469,0.049867183095266304,0.004044682827920442,2.225045840807103e-06,0.6783035812448659,2.474206991062252e-21,7.994078580042459e-07,2.511767147555651e-13,2.2691345535806094e-05,0.03964654174210402,0.05567502859784191,0.1475227520637438,2.6031247535300665e-08,0.06785354680725965,0.00234845374376074,0.0640367806952806,0.19729878024437872,0.6405979343473738,0.0023172660364525538,1.857754633450119e-06,4.007094853470923e-06,0.002795411026934179,0.6788766605516137,3.6534297228289086e-05,0.026075024530665333,0.126316877143973,9.043234375949788e-05,0.03313340216718778,0.0002467584485981285,0.48269903703775063,0.37612462703997296,0.0005065183147832728,0.04536376320004535,0.3826973662384492,0.005098085428395702,4.902570899185059e-07,0.004550099528288601,7.586434222817987e-08,5.220456937960126e-05,0.056261185457912005,0.02777408873537817,0.9673328462454736,0.19323451780847578,0.5112318459987542,0.23077262841166488,7.027926921524286e-07,0.4087802561948223,0.1546992305690526,0.5133804536132367,0.2173787330821614,0.827183744299415,0.6056207745239566,0.006381352104073531,0.4300172137253778,3.177441772214213e-08,0.42685715021264636,0.006582600239755591,2.7706610437056376e-10,0.07988481566256214,4.920732386907801e-05,0.021518445594618935,0.007012084522736295,1.3620240731503e-10,0.0999476903947474,0.0737558765679424,0.3381918371445508,0.04680897255440942,0.6664109940720782,0.9482032948807104,1.2584181674266908e-08,0.010949661198950094,3.4254501125578734e-07,0.3139433601455272,0.42460962732649143,1.4563100596028756e-07,9.723328091007006e-06,0.09270833485323832
XNR_RS13665,0.11484536331539093,8.512508858380522e-05,5.2619367721647185e-05,0.30320081109169916,0.18977994935354278,0.09739739215304186,0.005802739723789469,1.0760396392023253e-06,0.041701787750595846,4.650298455167704e-09,0.00314257494574054,0.7179326081276154,0.08945111491650967,0.2569966519877557,0.5759950390304276,0.006860461175316534,0.3435443032913754,0.4691955681187575,0.04608162997567767,0.34409205783510566,0.00013734930962135095,0.26612375806915284,0.1667132245928368,5.5768726992574795e-05,0.39114507365606876,0.09197056653415395,0.05014519107719175,0.5288734651111087,0.078766929020489,0.009234785356247067,0.006610414493289639,2.5236912317968864e-07,0.06930421510773496,0.03783329949929134,0.3094543713836259,0.14591589147126402,2.0751850597844802e-07,0.0005014154356608575,7.304717660656745e-15,0.8183043411296207,0.3768238772103797,0.9041281064698268,0.00020348233586555501,0.6364395651012337,0.1417083655933838,0.3793329743118511,0.0003985488210793996,0.8350758657378378,0.00036460283695768117,0.4925893867624167,0.5740567544928745,0.0005104866593364852,0.006418577183654195,8.722511316645058e-07,0.5733495240513125,8.692125494907268e-05,0.011835201981306102,0.4983847794010118,9.094234902579926e-07,0.37700802266446576,0.0220153489436925,0.28486694276057206,0.027055357384836727,0.0003376111927997444,2.9097728212815225e-06,0.5975631335271285,0.01047850496253895,0.36768695533815066,0.10524728635393774,0.00014075950974113899,0.5107063682242863,0.12122880631422679,1.472655147711411e-16,0.021602228723654776,0.02521545524907454,4.271191190493761e-05,0.18145899755365788,0.8391411552146761
XNR_RS14315,5.120980639692922e-16,0.8851111800933782,0.04210491056238371,0.00036586482097963137,6.217010202632875e-08,3.670680219275894e-09,0.11338798122170712,0.5105969289843748,0.3134188290205303,0.0161913815959916,0.19499068977922387,0.4966574892083584,4.242205100824047e-06,0.015847968784251206,0.005952000818644426,0.5646302468387644,0.6495236743764328,0.19045679610033808,0.0022139727364492937,0.11562515568441467,0.6029255728753707,0.0002711494726110876,0.043226848288479405,0.2246466183403377,0.5107501473289251,4.495029114038061e-09,0.08448192519932315,4.0329234575104694e-14,0.0073163132856204375,0.0002414848138521471,0.023430078810177134,8.079557588342106e-21,0.09653705778435318,2.9634836560990504e-11,0.09650263270800485,6.174611678806866e-13,0.9640119785685635,6.962959093551573e-12,0.0005438214794507432,6.863896305506389e-19,0.6462698584218645,2.7529140558201044e-05,1.1520811324642123e-07,3.7222596601202994e-08,4.0267355603170805e-13,2.622402464196282e-10,0.001085304082648188,0.6911040009697875,4.116522853570745e-17,0.0020614516273135207,0.004884943698926864,0.0002616468105227308,0.4670018509712236,0.9919887950489746,0.07524900587949346,0.23647395509649996,0.10759759325614,3.6295589314126957e-20,0.860958997500427,0.3925119724296606,0.8492295342378433,2.5132547652797573e-21,0.078766929020489,0.031252730258681485,5.785300070873501e-08,1.5881203994015056e-14,1.1581339994638788e-07,7.561290295734397e-07,0.004583607675499056,9.278627530662596e-26,1.4776855604927238e-08,0.661395721551181,0.8772218207090365,0.8685816131245178,8.253595444235821e-07,0.17763179147705113,0.9985144096935296,2.147347421630848e-06
XNR_RS14320,0.05076012787578314,0.00023712636704830773,0.25664556467606575,0.0011997062093003505,2.8501976841186655e-05,0.7157212111372102,4.875135764519957e-16,5.246167436520865e-06,1.033341391620256e-05,2.0266973902652355e-18,0.0001260814194009592,1.4210715898722703e-09,0.2413938275165153,0.0012542242993740338,0.09486166671566314,1.8719035213489276e-08,0.00018108998162941515,0.12171959486057288,0.02762978079975252,0.2262229203323953,7.708485652683397e-54,2.1195357264161093e-45,1.1240690464873201e-13,2.8622584943434847e-13,0.05308785756706506,0.4041935019231676,0.00576872697503911,3.0497045044388116e-08,9.433477594203063e-13,2.4913039357595755e-10,0.7432581207297518,0.0001573737229061666,7.545846509768463e-06,0.15236014063776585,0.009983564289958868,0.9226866426495847,0.0006210075756022513,0.15682447110474348,0.003055175021980999,0.06053697222581511,5.009104678589105e-07,0.005903338738508494,0.5809066017356813,0.031109311101289325,2.9692885914693475e-05,3.099859529486586e-08,1.0006687847578379e-05,0.0004751841763432694,0.9463757148975361,0.05447675711788479,3.062501349669846e-10,2.7483084378953637e-05,1.6678971096474686e-05,5.484140527718117e-26,1.7500061958051447e-07,5.220237710445193e-53,6.467081638943093e-12,1.0163676076122968e-05,0.0005626539081592453,0.05398757916624731,0.0002619009826192718,0.39752313020123264,6.766487628151669e-10,2.81403578072669e-10,5.704420457293855e-06,0.3299203474783957,2.1690270454846622e-08,0.020865900348443038,0.0001534337578226834,0.15652882580420127,0.3617053928595434,0.006460772526097736,0.0006524266999398576,0.013614633937292935,0.000379631957959343,4.448169638691214e-34,0.35859905764503386,0.17425490795550963
XNR_RS14400,0.0008228040596152917,2.4137058358609093e-58,6.336005142353398e-07,0.22518207630474132,0.004279714167721587,0.01407367477199558,0.3177054978454465,0.0001518750033180367,0.015177274054851704,0.110896425497733,0.005303785376559771,0.000741952990712615,0.36138234530799374,0.0010831407516383594,0.009209490436491885,0.32833919776862464,0.03815810765914609,0.00017645916565778728,0.0441173197736849,6.772345906668964e-07,0.40597252430370667,0.9352812239160585,0.0014006042650216257,8.88388488914139e-05,3.527955694261797e-07,1.4741989691538732e-06,0.07881959485398622,0.03320756126882167,0.930346705665884,0.3732898223021801,1.3490377944262828e-13,0.3744716835278459,0.0035890285309457936,0.00810947886646067,0.8874614256655446,0.03907291236474449,1.0245575125801065e-07,0.010047058406256412,6.934046114276986e-06,0.18302365403850523,0.3775147067335036,0.24386658880116882,0.7457806826228297,0.0028838090868911195,0.01389584997392602,0.5736972910294238,0.00017668553841934797,0.14038040237347713,0.006482989898563576,0.8692776248388607,0.584784304269425,1.001645115789101e-07,0.1781882462046194,0.0011702212059898215,0.0638837050813135,0.21222858195989838,0.0011647944352129347,0.12315119123554374,0.0014487094543693731,1.3024766780147285e-05,0.09238207372115681,0.2439218926246192,0.9350783855405559,0.00017526890055770888,0.32148852844710796,0.010329969676470211,0.07147752152397677,0.00513436327546574,5.33394290802267e-05,0.00021021680315579883,0.8230786868310502,8.454665640048883e-14,8.788964747651603e-12,0.0016161228984575265,2.38209668822711e-06,0.5774362260442057,0.1826357749586545,0.12152969567690342
XNR_RS14455,0.14193604567505913,0.6396850457128628,0.9375803472730599,0.43562480949418503,0.48454926953294586,0.2754323892653252,4.687802439237984e-16,0.4094380092413854,0.001633850836604155,0.0006400862288824388,0.2647678174298589,0.8581271586501562,6.8313010314764935e-06,0.6724091827263758,1.1245858474323261e-08,0.04364050687391484,0.036401189406543785,0.6620372356257636,1.1682842193056062e-06,0.10864441400014362,0.025099485588019846,0.06070944472980485,0.14311606015183392,0.8551503405901758,0.7486798191902633,0.23396673190283399,0.5450403602848412,0.6545151164215477,0.7395179388476263,0.00046378443526350305,0.102934003916168,1.298373347863879e-05,0.6920199411523746,0.7471202865485689,0.12949745156126372,6.326584197239904e-19,0.33214386929697115,0.024893457466432657,0.8742998862719148,0.013608031048174088,0.7988944758958554,0.8949887178725303,0.11564500102352364,1.729920886156045e-05,4.290550222683466e-06,2.0818496587995573e-10,0.527136715080386,0.15116164556332395,0.07811100201359572,0.019037401735886004,1.4051871036515178e-05,7.545486945168549e-07,0.03798501141348908,0.002966762071858193,0.11807404326711946,0.003100182196092811,0.6188523621990162,0.0014945981699201693,0.34055450937526355,0.6058347200319683,0.0022836487739411513,0.026275392527266173,0.5048141166090461,0.10088548383854656,1.3498978229590735e-38,0.22704358409866687,0.5428030439261451,0.18670167299885287,0.037753656921776735,0.00013569791916515986,7.744164340102772e-05,0.003628262651176895,0.18667883931082707,0.5786695437025846,1.0521279788580057e-08,0.07070501261844182,0.030186743080728592,0.0070315681007209144
XNR_RS14850,0.0006289843530562861,0.020074359322179852,0.0008853133855217525,0.007715002693673157,0.0014996871494305916,1.8728563745472156e-09,0.19624289252997432,2.8629254594203165e-05,0.04238132134705461,1.0331169939654794e-11,0.0137446191585897,0.44929955122418763,4.345331765871729e-11,0.31825951466052665,0.0015587004775014911,0.41557132867112445,0.15601370555420419,0.4067239880857534,1.7934441611009624e-08,0.9815843637014106,1.3625014674736494e-13,6.147905952400261e-13,0.014680438052463952,0.0011909815112310488,0.025575265940032243,0.06552619618492533,0.6288575108477839,3.243227891054034e-08,1.065909173347791e-06,4.224089282775974e-10,0.07398636313426794,0.6106454175606759,0.07624372529171634,0.03971625046150928,0.10586436370338687,7.98112311422871e-14,0.0003066924341398918,6.547194282678549e-15,0.004665801150727832,0.00017513156576283095,0.6763863573349129,0.004224141455033524,1.148854984558726e-11,0.0009636912929838048,3.8468036473763734e-08,4.135629183467424e-12,0.7734026436838813,0.014100894366955819,0.062340377473549556,0.00011972829730564004,4.4290316768279895e-06,3.3327688791185356e-16,0.7859827610085881,6.500589377726125e-10,0.2726684271287334,2.7674649737852955e-15,0.4495854995569073,4.730929555494806e-13,0.0006878382544509813,0.6769837108929818,0.08007730937599195,1.2324359319378912e-07,0.00021008365023820655,0.04424811496400318,1.0102024049589432e-08,2.0507767409436838e-10,0.773142257774041,0.0002209881283861876,0.8102785292291739,0.11678858684821579,0.10520305485654341,1.6638015567222806e-05,0.00040283651841538164,0.1288098282081983,4.3721830848000203e-07,1.1237653963913822e-10,0.00994643975637277,0.14999453926066936
XNR_RS16255,0.22978329795459665,8.929547020978123e-06,0.001573853224796724,0.023950752993468518,0.8313067610631479,0.41329058800371665,0.10714070864373076,0.2539625114731581,0.18292240979194127,2.9080532834258647e-11,1.2510740288715552e-06,6.46950446607205e-05,0.023864543365963425,0.001751120474105549,0.006635886519106441,0.0034016131685676585,0.000525469644717721,0.25609452443912195,0.2991870024951822,0.5502215622481512,3.3329963429681035e-15,2.1138563380007932e-07,0.009260611971759987,7.586686153773726e-18,0.4261930691859106,0.34457070860943717,0.092815067830034,0.9209043427700911,0.0021212479767747584,6.844540304978686e-07,0.04023564781580666,0.04855133560013495,2.2357544712731075e-06,3.1470700632854765e-08,4.70692728571721e-07,0.020027150844332636,0.19295366871550104,0.5442940832196064,0.16038467548681742,0.0020036689877480263,1.4428488262457432e-08,0.10190208115956786,0.01730969940582937,0.0036602970872488642,4.3910301209243533e-10,1.1524955077681032e-16,0.5596813249108084,0.017560557976058683,0.016935267357671296,0.03760272619638936,9.50857383496006e-12,8.153505508322013e-14,0.7472877904838304,1.4999126406641107e-28,6.729993954796025e-10,2.2283857752754848e-18,2.0805353803297914e-12,0.0011926037219384727,0.6972732224749343,0.2282158440843,1.193166487369434e-06,0.06114358516991815,0.009046104546568949,0.009948443361440998,0.001113513690071048,0.002837101245651513,2.2079994871344513e-13,0.2434244730626847,0.002251794188300882,0.5351541015326944,1.391768325839292e-05,0.03099067262091358,0.00033070808271646815,0.11978605822722596,0.014013953702488847,4.741398198908558e-15,7.782540588641866e-11,0.024964953862006187
XNR_RS16370,0.6733281005889846,0.34132420062451185,0.28589078588394007,0.9196218705155954,0.03597128735981843,0.23194510140989436,0.0008219652425677387,0.4107650851745569,0.0005859487227151587,0.00010899509657964082,0.07974586067794769,8.132476943506608e-07,0.04725688273475897,9.946981147267593e-07,0.018161632434778835,3.832521866071679e-06,0.0029980806598320082,0.7345021025488672,0.5361184790019746,0.12540543753937772,6.3431283723724e-15,1.8743509273014798e-23,2.107368813910928e-06,0.0037103828013130857,0.0001680670084980117,0.9053135426523091,0.006861181348976339,0.051451422478423776,0.000300606400554457,0.8392209097664123,0.20233131441107716,0.11709289008294675,6.685466799291601e-10,0.6432300683253742,0.031153900211991496,0.1533881952442094,0.055389332398094585,0.22648530372568026,0.12949745156126372,0.6204730480406315,3.670379934719724e-05,0.2029372800757726,0.0011056414962535121,0.3329865521087694,0.027134554514063144,0.0007550272686715647,0.010735616628572446,0.004592396279004306,0.11729743993827273,0.0004861973609615782,0.045835672417589936,0.19536219736973415,0.005438876504743139,5.027799492954897e-09,0.00019342814484483688,1.5827091598757783e-09,4.0773963386884306e-07,0.5130293419015504,0.9519134274649738,0.0029581340014574907,0.24041375399306597,0.37444417231434934,0.0715451371979168,0.02501308961001026,0.000253704061516545,0.22714878104879185,5.5662087967200286e-05,0.07987594036096389,1.0181370806415077e-06,0.626732750960961,0.9114730397328283,3.1009198951078946e-07,0.7863620877658626,0.7822575918264324,0.9500853080932739,2.187079616544093e-09,0.3706595355809864,0.029791496866010556
XNR_RS17300,0.13024447920764137,0.0653325153509213,0.011166908079572855,2.7133504733622528e-09,0.08076741777969003,0.049925498308120334,0.00047781241125015094,0.05958275570553164,0.26362081524168207,0.07769063839944548,0.6191643515479348,0.09965075359708435,0.10842535460583513,0.0536812918988834,0.9930605446177936,0.6044565499885385,0.6909660214624593,0.5878997351831841,0.019211536798536457,0.000599237604450668,0.003487316400565845,5.306191322782694e-07,3.98488965810447e-14,0.31010468472197666,0.1360704638921633,0.11790067179881152,0.3001413580870712,0.021404559669931628,2.751335723801512e-08,0.3346503865785383,0.6337220963566048,0.0012319980658940738,0.005153285721423113,0.05606375879782542,0.15742205149288596,0.13624161167755008,0.9048150949394598,3.6149071934097174e-07,1.1418805108058422e-14,0.28447499535598225,0.09820794539204775,0.00914001338044109,0.0025020533062931087,0.047925732434770385,0.024948181071471055,0.009134902666069354,0.0032903667713181195,0.751492129859388,0.7714894000714285,0.9279006994271493,0.14007636562963013,0.018389672328207755,0.20914362779694637,0.6820194033078397,0.21583391465168955,0.19494355105498026,0.5398720716686931,0.004057253578028069,0.8952308260666665,0.3266282966256293,0.17837033708503078,0.508236016164595,0.5505170578164456,0.1222450779648678,0.13112603758723584,0.9664517425319525,0.013092646684925503,1.8257223085333672e-05,0.38789498683225987,0.9945393077085126,0.9723626412299364,0.16673947478014184,0.17968212215722643,0.0002722584004028801,0.0332675619340453,0.0073587497780721635,0.041418783274097475,0.00023682850261142616
XNR_RS17485,0.500126062249548,0.19813215037007584,0.15347698024464293,0.0005295053489917409,5.586102102365014e-07,0.8197980934206683,1.570254295397774e-07,7.402689733020198e-05,1.5977345260366862e-09,6.995729365560792e-24,0.0006656764524758154,5.357968755316904e-09,0.7728037940005463,1.0967732301118979e-05,0.0011307469589991843,7.218472777360607e-11,0.3395529751543648,0.9871186488242161,8.253921400004843e-05,0.003743907055015236,1.832165139766053e-109,5.3783357691515535e-31,1.2493668261666872e-20,7.193842892265506e-11,1.018335598255229e-05,0.580521821426021,0.12636364632116975,0.0001697925973094059,3.7707335063446217e-06,2.2131175898737828e-08,0.26023640489302424,5.7534886271314404e-11,4.1821511602569195e-10,0.8269585055976083,0.0037449525442349173,0.2266559685007878,0.0021594025225853135,0.04891215315396105,7.306338908876571e-05,0.5782389064008722,5.605610128200751e-10,0.8220068620203526,0.5282162774513068,0.6794125318979851,0.0008950127951897713,4.871577816744244e-09,6.482406053601401e-06,5.156124947566664e-06,3.705083956457462e-05,0.026186695484551707,0.0004368953806745405,0.2776934594926128,7.424431080696114e-07,1.770799855241915e-29,5.973914578919316e-13,9.698350329623229e-59,1.990741479918333e-06,4.612917742339864e-05,2.5000931173690446e-05,0.008739968158636244,5.6340166828728565e-08,0.3807951389737839,8.270031005291418e-07,6.181334759888545e-06,1.5773989335546035e-06,0.025580976338667304,4.7935241415196585e-11,0.5207492319115121,0.009625557873186818,0.003182241167173117,0.5270143611018401,0.0005719195889347549,0.004165995432419519,0.002665339916837334,0.0005862939018041022,1.4765214777863586e-48,0.7485380011947042,0.08630180292519375
XNR_RS18855,0.5953440001822408,0.6743220702785627,0.060348424587598294,0.22518861186201622,0.001352557427556305,0.8627097503757271,4.387662757648302e-06,0.05151746956510575,4.105337296818531e-13,1.041784266818271e-08,6.166617713845373e-05,5.647139953949781e-14,0.04500650958582385,3.581859544350438e-05,1.164355405756752e-13,2.667950711662317e-11,0.012920707362993973,0.5860131689109036,0.07834662516140949,0.000888179233111252,9.669259180670439e-49,2.1353027649967784e-23,1.368042049231525e-23,3.749908715331389e-08,2.9205777957461103e-07,0.13968095169850706,0.0009206210306408359,0.00699557966995186,5.6051178154927e-05,6.138819585537684e-06,0.0020845686805992763,5.411948527472779e-21,1.0348394476594294e-11,0.051144816843181465,3.845877262432299e-09,8.770834416378128e-08,0.02763222133683133,0.30296042680464313,0.16594284698035178,0.13931389117039364,1.1779285439852008e-10,0.9254958942487246,0.37843701763224535,0.6118029617053036,0.6476023811255094,0.0017287060577939324,0.17828755146466246,3.507748613216097e-05,1.3111126039395303e-08,0.00021033522737384666,0.0006212098976862317,0.12839602546851045,0.0006482469097866787,1.0011020787054339e-21,4.588866709543726e-18,2.7072609561587825e-32,1.0524036191508319e-09,0.06998448272020776,0.046330580536674826,8.371329395575186e-05,3.895152353299247e-05,0.0011875961558945902,0.00010678977327132078,0.006967418382255064,0.005321258537620777,0.7317999967121729,9.954549066426821e-17,0.17692842890537222,0.015203442963242454,0.007217764860329623,0.12641042888746035,2.02036713576087e-11,0.2801874926629887,3.970124769471518e-05,0.0010420654388854753,3.404821982992469e-38,0.5910697862664243,0.10181945091388453
XNR_RS19540,0.7804817078527981,0.04595381993216795,0.10980209134461712,0.6274688263988659,0.07682099613963034,0.0002490190656630364,0.0007517871926768389,0.004324740656655129,0.9402858586246747,6.776072671456089e-09,0.9814216026366412,0.42685715021264636,0.3266367105881799,0.0005719195889347549,0.0006268588906702079,0.8086572634939172,0.012263469073104591,0.18562501856635574,1.2884153651061937e-14,0.01220695016134342,2.1464978942801078e-14,1.5444138193166692e-15,0.0003826956140837873,0.1559338016194068,0.17556062012232274,0.5251696775367609,0.6981040147128665,1.0822698988891626e-09,4.754557253585751e-12,0.00016743162600051578,0.3753526975922664,0.001766280958055874,0.38015617642893085,0.047935455499407593,0.00016380685241668922,8.366454020768639e-06,0.020459278947545987,3.079908617796444e-06,2.9525955896506575e-05,0.033632389651703634,0.023855937121594083,1.0167951245956397e-05,0.04812636013202214,1.9700644699248957e-05,0.42765086676536235,0.01350473334772412,0.0014048850676730885,0.000499361186750564,0.1371813456676613,3.773943977544875e-05,7.808844882329077e-07,2.2342287878043148e-10,0.04399951928289892,4.443818836851429e-07,0.07581166394209632,4.070113584995748e-17,0.38315289986149925,0.00038591239578667955,1.1995215960382229e-06,0.030069800854676153,0.19914753338725036,0.08322370268150019,9.470096466343911e-09,0.12069030554825019,0.0003066293280628762,0.00667232679032733,0.8995365686437246,0.0009388750195951878,0.9849482529372724,0.00021993613088942745,0.44081937830833473,0.01910742327843663,0.9254148450525925,0.7195481578038463,0.001029360818836453,5.241481939658999e-16,0.4150833717365311,0.08653187646099333
XNR_RS19730,6.352523151612256e-08,0.10260116021271332,0.19956073501662738,0.0024505800751248395,2.6469025333912204e-05,1.7797853328131847e-07,0.0651819204056873,0.0051913184685086,0.6922458582488977,0.5318526752132187,0.8948004182135286,0.00212812778490373,1.0853484083042325e-07,0.07340985871246875,0.08444169894399574,0.8844801413616519,8.290405620670145e-05,0.19697801932959455,0.004405653668749141,0.027778991817968713,0.037240998204125825,9.351953672632011e-05,0.2639200218996381,1.4771939317567277e-08,0.7863097638378141,1.2602988814165838e-06,0.0002695779120556452,8.772934300260474e-07,0.19206627823812483,0.049718635725948895,0.0001022321148070489,0.09637190635170018,0.14121215528045342,1.8245200690730407e-08,0.0008710561312424963,0.07454415483067751,0.09750492674428511,8.87907798244145e-19,0.28369218812077707,3.6952868280908146e-13,0.0011312388998654928,0.0010756673569777223,7.09800363480621e-11,0.2745314642384919,0.1720624963222173,0.2257380790378984,0.0023711612872095176,0.9655300160424197,0.00035053241448521863,4.314213731047465e-09,0.00452275769565005,0.9158566643120611,0.562055576611924,2.280526672899067e-06,0.0004680954976076619,0.11567675909701394,1.003166781505466e-20,8.147673693685524e-15,2.521142469399391e-06,0.7738714021275974,0.6823065149110558,4.749616848742462e-10,0.06732917644032517,0.4738733230975887,0.37732119637746675,1.9245553544680485e-19,3.406217295861848e-10,0.00033938665734335684,8.804380510522225e-17,0.003316131942819982,3.6193605995782045e-11,0.14249014455673273,0.655707000424699,0.5434240646296808,0.01105149072396674,0.5701431748682757,0.0017451523417814933,0.0004048193826325316
XNR_RS19800,0.09165298574504978,0.0007811651378189996,4.258587525548683e-05,5.832145039402315e-12,5.128951218655062e-11,0.8674441196472615,4.1810932339151786e-05,2.3276810894609468e-11,0.0011903184632558904,1.221443164714069e-20,0.09268833331809953,0.01204825374782464,0.10759384208249287,0.007230961715580267,0.16827784242563398,0.00029560715005649574,0.4369302043218919,0.08941548045723943,0.007027152501738146,0.9089654522835915,0.0005605524689098906,0.008857685419010544,0.9403670346956832,0.604729696779797,0.003426234204151621,0.00013900942731085542,0.0035285167340393907,9.953753950663372e-06,0.8003924317159767,1.5787241952948833e-07,0.5222870235460852,0.7168266149280687,0.49433068397206115,1.8704511156545272e-05,0.00425290133391147,0.6746328016922374,1.9584733657514156e-09,1.2891320409774571e-05,7.500232868809322e-05,1.5047345876843451e-09,0.31343521194288004,0.011690010313290415,0.022220914923831277,0.005683561813555775,0.015334147222267927,0.8662667664484388,2.493688013195976e-05,0.000787790862717812,0.2707619903056889,0.10082845039279521,0.77698550642329,0.49835236355092083,0.7430909043599951,0.24395646195607426,0.17739527536907648,6.93929577127172e-07,2.8367509804538536e-07,6.3537536928424536e-09,1.1251916350327815e-46,0.7624885801566103,6.702613862595473e-05,2.7486511666312884e-09,2.5376315437180485e-05,0.003398355248123484,0.024672272212210324,3.567536878361989e-05,0.07915380612363315,2.348760499915034e-06,0.01980170407575884,0.9176513189624781,2.3535172308959912e-07,0.8265875550297511,0.0003667829150996267,0.02292438618313007,0.6855427854362341,7.549793813596948e-07,1.5480687522005447e-05,0.008691848960600834
XNR_RS22170,1.2723802617206476e-22,0.019791633800641258,0.0006550995099448209,0.2312917300038357,1.9668259815280774e-11,0.08434583690329317,4.667287379380242e-13,0.4032913439703151,0.00026773660131209053,7.858880097115128e-05,0.8342261583881331,0.3380283906829653,0.05107301614788903,5.182836036787398e-15,0.09476663327115972,0.5125358013088738,0.001683750532958185,0.008652814717318782,0.49986628901118624,0.3306576286187737,0.0003040523503046847,0.15196800816168773,0.013267237725050356,1.5464054055624892e-14,0.22282503689926275,2.4378801562645763e-10,0.017277139197882516,4.952216509288918e-13,0.5537840187709329,0.6282052701614187,5.361601723149823e-12,0.005806150854221602,0.03599267990035637,6.471816917475579e-46,3.291917536283692e-05,0.0016467922141883962,0.19860353615668533,0.0034869242478153084,1.642476953308368e-08,2.6496066335424548e-45,3.0834831420979956e-06,5.286493686836601e-27,0.09229566851444244,0.9059332860401917,0.9687426941226511,5.874292129961349e-10,0.38217716018181336,0.13654377414991098,2.993599497868772e-11,2.007926728377017e-09,0.00016180172030497356,2.8838287123888534e-11,0.0011666730949163489,1.585722214410488e-12,5.857770897281599e-19,0.00397771459754205,6.683079024862856e-14,0.18445106438145603,0.013041045905620724,7.749724554338935e-08,5.26759869054202e-05,3.7037619860560494e-10,4.709199370444002e-05,0.46600089354100993,0.4448195525437688,2.1670705756018024e-13,4.801283201879624e-14,4.915508649314711e-11,4.742226300335627e-07,0.38474520156268666,1.7464939896497756e-27,5.303406050242333e-14,0.008778005834323142,0.2939504654735551,0.8490829533170665,0.07918611503459858,2.2890764464615774e-15,2.0914593199513262e-22
XNR_RS25810,2.0263941749400817e-06,0.0026599647479736478,0.030657067026170413,0.15752265314294214,0.0007234310736218349,0.001259644047558349,0.3783816401569994,0.5687567830392286,0.005761329777594239,5.39410160268886e-06,0.0069604850649715175,1.0976773612341574e-11,0.003959864791283855,0.0020696197059203204,3.570088970206532e-16,7.613232021822825e-07,1.1117227856688128e-18,2.527255884757569e-08,8.733233907307428e-07,0.0003240248739287668,9.147244211884131e-15,2.051274961665068e-09,1.3128782855610398e-06,7.033891866137104e-21,0.0004458919707033741,1.330340689427197e-07,0.6899001602017035,0.00026366835608428353,2.083940538347659e-05,0.2042445488515323,0.1266189866726589,0.0037783368386550362,3.757741905028468e-11,1.5038578915397335e-13,1.2845020033788773e-12,0.0447543472555291,0.6569612615134033,0.0021642314168850325,0.5046074465972086,1.1315333520194592e-08,1.70550252981317e-30,3.965973990934401e-11,0.34476228698190214,0.11878167435357717,0.008651486751399875,5.544949774158737e-10,0.24465549418763208,1.9992255503164332e-05,5.169197966310761e-09,7.571105161864122e-47,1.8057301060783353e-12,0.0014804149739145382,0.17609586474868966,5.801676252626057e-18,6.543455614056356e-23,1.0657341116932137e-11,6.370519461740186e-32,0.9799839140142919,0.4477796217856428,0.08180854840290477,0.04299727931287844,1.2304165949609082e-07,0.1388698199368203,2.0816793344897325e-06,0.001030521605824862,9.335741916937763e-07,1.6293741697571584e-17,0.2156754292590048,5.577017781212319e-09,0.7002077739803481,4.58824844435169e-07,0.36466601036900537,0.07317256491103684,4.1507148848916175e-06,0.08271735066533296,8.929756732309383e-12,1.593520970518249e-05,3.950333205533592e-08
XNR_RS25815,0.00504642455370971,0.00672590701348863,0.27766322956520534,0.033818973639329564,0.2697454840888087,0.015485042182184364,0.05745559041166633,0.8855005805460251,1.8221523941503573e-05,1.3320096828703661e-08,0.0009405940215760791,4.1789500917882146e-17,0.0052949253094584665,0.06750445749576074,4.42979655511773e-19,3.080163785836391e-07,2.3962808212477842e-21,2.8589571525845987e-08,7.744164340102772e-05,1.3855236047948995e-06,1.2129752132771589e-20,2.5071334947752984e-15,1.5056363116406462e-09,6.3926121423432844e-24,7.216604815558439e-05,0.0025354919730820845,0.5074830357673545,0.09954487424834299,7.421023912786752e-08,0.0026396287143848804,0.5191585701804771,0.0019883074898031637,1.872821086096142e-12,1.7837889169367475e-08,1.5561662139774278e-13,0.011611112695493388,0.9548389372437018,0.09362205069116405,0.6556824166907369,0.0003592539009592858,2.3628781051268732e-33,7.533296910689032e-07,0.6675619104822361,0.030419142482938852,5.169337932099901e-05,6.407538370526986e-11,0.1596413959424733,5.188452106135768e-05,2.221822669819518e-06,5.4157250854575385e-43,1.3467368360248397e-13,0.013517853934817144,0.29189023832257704,1.686221086503072e-21,1.3974684277446528e-26,2.5088498159837744e-17,2.177291663460755e-28,0.3211388751166741,0.7142609532360842,0.7570101225160977,0.013625865299088056,0.0029498657098107274,0.6632592605541553,2.9588166943316974e-12,0.00032338339198084443,0.001720329726097432,1.7164395410964008e-17,0.9164098587370326,1.4195466806388517e-07,0.11126566525818131,0.0021107797135803776,0.005291213749949929,0.006287466399532162,8.515826399785473e-09,0.013437339128733091,6.664461447121552e-18,0.00037037643777488455,0.00019191372555219443
XNR_RS26190,3.5554330487283125e-09,2.1744992346054227e-05,0.17603572614298466,0.022579515778201352,9.330877649186573e-11,0.0001058663996214156,3.249935894435198e-06,0.058638666182025304,0.0012034951686909624,0.4356448755570903,0.013093923043338488,0.8623488530997417,0.041649897491374696,1.4258325574333897e-13,0.000561362689079429,0.3311836929235543,1.4742082774323795e-09,0.0722650680833098,2.6788075301765496e-05,0.1384131486851347,0.3117833632429639,0.8024697508074055,0.9712643918798325,4.354516820934108e-20,0.0006379261302619463,9.300496419327531e-13,0.7235478395573507,3.3532966594150146e-09,0.8435832984912324,0.8758276605968593,1.1548198024912639e-08,0.0037253413736097287,0.6749435882096606,9.93157117901957e-19,3.1935793004083186e-10,0.3266871972998959,0.05549467862022233,1.7227953368791395e-07,0.10185537059687239,3.0557100960201714e-19,2.1677463091232783e-09,4.169324696041462e-09,0.04982097343744736,0.6959270979213709,0.7908786077180323,0.0008677453108247825,0.8275150033261318,0.30919449677249106,1.9713163167107758e-07,1.7959129835545854e-10,4.683506564520011e-06,5.8235084499979775e-05,0.3190958613557791,1.3043520685317584e-09,1.051332306482466e-12,0.3855755309563561,1.1150321351281216e-25,6.330543036678239e-07,2.422396184302292e-07,0.0015419065259585612,0.2107973672448454,3.950207348634026e-10,0.00012913544597360118,0.40941865464479266,0.18496647654107534,2.0946065748696013e-18,9.044975972283726e-12,0.014035644704885913,2.318220454274444e-11,0.24270033902765004,3.7601705206261576e-13,8.13684230364673e-05,0.0437412862086252,0.4317719631797152,0.0574872431818326,0.38579028711148455,3.845888859163549e-12,1.3518002779109161e-06
XNR_RS27425,0.005779357243295094,0.013137894055946217,0.12780501285569523,0.4366051256000163,0.1273102421652402,0.29097114820496967,0.008619707449077701,0.041759724163855434,1.3142999620778924e-06,0.007176536132403638,0.37976895972808455,1.6233764071068865e-06,3.2139842962258565e-07,8.505758025161396e-05,2.793307591545796e-09,0.009102520449521838,0.29528195382559513,0.6449472145885439,0.044095678197211385,1.458722468539474e-07,0.07361500313471,0.04188637587987951,0.00354872182645425,0.011868598412615726,4.976004334052878e-10,0.42295100638960115,0.1993909011197,0.12949314519583005,0.48691604411383926,0.024683271474254257,5.378090736615674e-11,0.046749310268704325,2.296566697847287e-08,0.21117677136357996,0.02065469593557561,9.710522991924942e-09,0.7001396069220942,0.00828904926052917,0.0001450680202787748,0.4106868046941393,0.00868833767479081,0.38784555531861864,0.0005078270197215512,0.10526570761326805,0.01852181387493231,0.1883884034260734,0.5656335201066512,0.033456040091067216,0.011676208955405573,0.0166383921062198,0.7453543673312436,1.7662324682884917e-10,0.002823280211342621,0.0870316796620177,0.23909660996286053,0.284038883383885,0.10117425559656607,0.054599114601729865,0.5352934222163883,1.1893989608354168e-06,0.6913302165406252,0.0010037413351841103,0.03400650570979159,0.4150537523656287,0.04357500640576863,0.7790736894783297,0.42124650095685034,0.5677719120586049,0.4787878290464337,0.9375953878172394,0.9823627848701775,8.878277731413318e-13,2.146718468289785e-05,1.6068291934625837e-08,0.024663339082674592,9.862773283901784e-05,0.0060452597573530595,0.5364992882704142
XNR_RS27905,5.471114455998434e-31,0.0008932002133985948,0.0032118281466055137,0.9581053193796107,1.5069878024883756e-08,0.00043034546652454046,6.969236050494988e-09,0.543922145301786,0.02564235180629244,7.438947971327287e-07,0.36915838814911783,0.25371036469273234,0.16444649142297,1.7079480965065276e-16,0.005579305658419228,0.22281747696813148,5.455680762638937e-09,0.013901473021101169,0.000373027483433508,0.3643117690783815,0.016822629741740102,0.945755392141421,0.40340515224365747,3.80320501395336e-27,0.24758535627675676,1.1502220633280423e-10,7.894585119355575e-05,2.187398321036793e-15,0.9110025480723618,0.772264816555547,9.553476677690566e-17,0.219042972556632,0.010022514698099486,6.036116107973434e-28,2.7347065521542518e-05,0.3525924067118964,0.9240930435538617,0.0014699864229099798,1.2470190424298828e-05,1.1360850464596638e-27,3.7778087270685463e-10,4.2092115211928767e-23,0.07302366304102571,0.5395284635562491,0.07335630292840922,1.371141599151258e-06,0.28464509182749315,0.0018127202567620624,4.188003628120377e-08,9.572380724000925e-14,2.381981614854615e-05,2.253233935822349e-08,3.462095932362572e-05,5.252000143008113e-13,2.7950337905203955e-16,0.023264057883782805,1.0173765928940876e-09,0.005608452462664254,0.022056429611047215,2.1793993180588296e-12,0.0002963412458578995,4.115287426276772e-06,0.00024534039538180285,0.11958288436212597,0.8404677198811286,2.1056887085485745e-11,4.0599574712481754e-15,5.890678721606975e-07,2.3869829203296535e-12,0.33304264076595713,1.280412863474336e-20,1.2422768361453477e-06,1.8547731965938345e-05,0.7029580211740226,0.0028577451990434103,0.4350477889560912,4.9980613568631497e-08,3.901028206262764e-16
XNR_RS28030,1.921872625162532e-19,0.6719556932909649,0.6552235341712782,0.2902555508686501,0.01737363482073735,0.0007459155317356956,0.011790143500529333,0.5897349245893763,0.0168571166400523,0.27723212585021273,7.090864511202918e-06,7.477316592725418e-06,9.524997658354753e-05,0.0004748557693908343,1.222300906082131e-07,0.2143735505724718,1.2416290716096266e-06,0.00489734751146705,0.09796811115763528,0.00047647143461047626,0.004699064994973243,0.04119336484305413,0.0004827602782347611,2.0803416951965833e-10,1.40467078682965e-06,8.029025419349824e-06,0.00024255099274662074,1.1922778091595071e-08,0.5007442441714073,0.00093628958527437,0.11510124919934674,0.002360377542850318,3.400730499947521e-05,2.2793519466949303e-13,0.9085208395922977,0.03729575611823888,0.5878299882302209,5.141811168168246e-07,0.015187073035953723,3.1119586957538833e-19,8.419261058433326e-06,3.551085506270355e-15,0.2677371668053467,0.6839484131218245,0.2171241321686087,0.11569689226236822,0.13001480269800736,4.215456092287753e-12,4.704407349785489e-08,4.416428792136154e-11,0.035704265738892946,0.5900173775137182,0.3802885645300663,0.00991618952703409,3.271494822944129e-10,0.011527984894134813,9.79636102353402e-06,0.005122805194501219,0.4005132879914298,0.04733513523750371,6.596684503313929e-06,2.5293517940902987e-15,0.45664843236330177,0.3037539651478137,0.07928651978296715,8.201079507487502e-05,2.3908057106396696e-09,7.701309695991659e-07,3.456533302241051e-07,0.035304579065157805,1.1916880924017358e-16,0.5513302147595336,0.17043706908518008,2.7024208589003763e-09,0.9680937625428025,7.502872119503861e-07,0.1993995634830245,1.0538500888971087e-09
XNR_RS29215,0.034251084276771114,5.3761536704813326e-05,0.12419681209136203,0.6740618103045433,7.069253799081262e-08,0.05425895954232341,0.024783910399966302,0.18112107782394338,0.07210476282380499,0.9282675483100122,0.13156051696075183,0.029510985807910485,0.011157108903824044,3.11302553048274e-06,0.0002121500605730551,0.08807838735842183,7.024811944823136e-18,0.07671045004682785,6.936264842744147e-06,0.9128086765631553,3.5380494252613527e-06,5.6802607826740407e-08,0.002990422327410136,3.261649433952928e-12,0.09048064442506779,2.5645259018039913e-10,0.005809337095179722,0.004504100681050975,0.00019020783681391508,0.6789889825184527,0.07002938990118408,0.29812607153713155,0.01918328681579206,7.920317954539075e-09,7.644327506933841e-13,0.5109057721542447,0.2624786294331871,1.7303949309610777e-13,0.02160054196165947,2.2590005131699784e-09,8.348172225631102e-13,0.0005483175793302913,0.05540338490910998,0.023800108464190402,0.09015046173446227,9.539431735499811e-08,0.1478447076619349,0.3506090597822512,0.008077455055658616,6.777803139488861e-11,2.0621519258067643e-13,0.000251335854087206,0.7726945172025966,1.3746089849276208e-11,8.906327454477532e-13,4.911033020570661e-05,3.646201968823706e-103,0.9336807306363466,5.602718039000632e-06,0.05504897671175572,0.48859171001746393,5.861402277822743e-10,0.06664539358149174,0.03959216972732593,7.67141067299859e-05,2.207231145879817e-07,9.384399181966592e-10,0.8627958304253113,3.68636988678725e-12,0.1982809682743975,1.0872756678955344e-06,0.014901729711680314,0.5973066584998992,0.06295241406852267,0.02122391877599014,0.006001679529607417,2.8587093533963686e-09,0.06657989842014835
XNR_RS07675,0.00012444833496078994,9.720497032363052e-07,3.817330787376564e-05,0.24612730744141803,0.22061437904093392,0.42893253072393334,0.04880939915201007,0.0005376983497038194,0.00035165354677524954,4.2473287009798405e-10,0.00021424817983537267,0.023596858797946024,0.12776866833620942,0.099742587839624,0.0004266645457278992,1.783676673076636e-06,7.0332101632192635e-09,0.003134553170006907,0.2826277554473196,0.040370176088104365,1.4520285211820994e-12,0.0001611538513214381,2.0302464176545756e-07,7.51912955633104e-21,0.27081399849471416,0.8750503141171234,0.7166359859586615,0.09170254997561546,0.044611309797451495,0.00048269254816370107,0.014046501236714928,1.7428510809449288e-09,0.009447024915265863,5.796892450940093e-12,1.4172941057918084e-06,0.006918651439306301,0.000267458638290903,0.7312753248015993,3.6303954848921987e-13,0.0006181008801214559,4.266434900351975e-10,0.00015710288248535576,1.718637279653959e-05,0.7747049525908979,0.25664556467606575,0.0006571853488444249,0.004019200795602186,0.14252278989227085,9.65210724276627e-13,2.0032900230668075e-07,0.0010167986854278603,0.0015174396549578891,0.0003053697392346502,1.0250651213747716e-20,3.819115117005195e-12,4.3239385892324993e-11,2.4283424673189897e-06,0.17911668626024754,0.005589623181399918,0.051403994619076764,0.0005332533492655439,0.218182851641503,0.837466689782406,8.45577978620521e-08,0.24130461468142111,0.018499874592819203,2.9427196614709385e-12,0.9020406398255486,0.9332395101808441,0.1434860504533975,0.03007373642142109,0.38930197246508813,1.2386363529737787e-08,0.5010249927241279,0.8226419777761586,1.9169176397654188e-10,0.00185028207386542,0.0026867844703226756
