Orthogroup	Duplications (all)	Duplications (50% support)
OG0000000	86	86
OG0000001	44	28
OG0000002	59	59
OG0000003	55	55
OG0000004	22	13
OG0000005	21	16
OG0000006	27	22
OG0000007	21	14
OG0000008	20	12
OG0000009	17	12
OG0000010	14	11
OG0000011	27	21
OG0000012	24	20
OG0000013	17	11
OG0000014	27	25
OG0000015	18	11
OG0000016	14	12
OG0000017	12	7
OG0000018	15	14
OG0000019	18	15
OG0000020	12	10
OG0000021	24	24
OG0000022	25	25
OG0000023	12	9
OG0000024	16	13
OG0000025	13	12
OG0000026	19	15
OG0000027	9	6
OG0000028	10	9
OG0000029	8	8
OG0000030	13	8
OG0000031	13	12
OG0000032	14	13
OG0000033	9	6
OG0000034	17	13
OG0000035	10	8
OG0000036	12	6
OG0000037	8	7
OG0000038	9	7
OG0000039	20	20
OG0000040	15	11
OG0000041	8	3
OG0000042	8	4
OG0000043	9	8
OG0000044	19	19
OG0000045	6	4
OG0000046	10	7
OG0000047	9	7
OG0000048	6	5
OG0000049	7	4
OG0000050	18	18
OG0000051	7	7
OG0000052	8	6
OG0000053	9	7
OG0000054	13	13
OG0000055	10	9
OG0000056	9	4
OG0000057	8	6
OG0000058	11	11
OG0000059	14	12
OG0000060	16	16
OG0000061	7	4
OG0000062	9	9
OG0000063	10	9
OG0000064	10	8
OG0000065	10	8
OG0000066	11	10
OG0000067	4	4
OG0000068	5	5
OG0000069	15	15
OG0000070	5	4
OG0000071	5	5
OG0000072	6	6
OG0000073	8	7
OG0000074	4	4
OG0000075	10	10
OG0000076	9	4
OG0000077	9	8
OG0000078	6	6
OG0000079	8	7
OG0000080	5	3
OG0000081	4	2
OG0000082	7	6
OG0000083	6	5
OG0000084	5	4
OG0000085	11	11
OG0000086	8	4
OG0000087	8	7
OG0000088	13	13
OG0000089	14	14
OG0000090	10	8
OG0000091	6	6
OG0000092	10	10
OG0000093	3	2
OG0000094	5	4
OG0000095	4	3
OG0000096	5	5
OG0000097	8	8
OG0000098	6	6
OG0000099	8	7
OG0000100	3	2
OG0000101	12	12
OG0000102	13	13
OG0000103	8	7
OG0000104	6	3
OG0000105	8	5
OG0000106	4	3
OG0000107	5	0
OG0000108	7	6
OG0000109	5	4
OG0000110	5	4
OG0000111	8	8
OG0000112	10	10
OG0000113	5	3
OG0000114	5	4
OG0000115	4	3
OG0000116	4	3
OG0000117	4	3
OG0000118	4	2
OG0000119	4	3
OG0000120	5	3
OG0000121	8	6
OG0000122	12	12
OG0000123	10	10
OG0000124	10	9
OG0000125	6	2
OG0000126	11	11
OG0000127	3	2
OG0000128	3	2
OG0000129	6	6
OG0000130	11	11
OG0000131	4	4
OG0000132	8	8
OG0000133	3	2
OG0000134	2	2
OG0000135	6	5
OG0000136	4	3
OG0000137	6	3
OG0000138	5	3
OG0000139	3	3
OG0000140	5	2
OG0000141	6	5
OG0000142	4	4
OG0000143	6	4
OG0000144	4	3
OG0000145	8	8
OG0000146	8	8
OG0000147	11	11
OG0000148	4	1
OG0000149	10	10
OG0000150	6	5
OG0000151	3	1
OG0000152	5	3
OG0000153	6	6
OG0000154	4	4
OG0000155	4	4
OG0000156	4	4
OG0000157	5	3
OG0000158	4	4
OG0000159	3	3
OG0000160	2	1
OG0000161	4	1
OG0000162	2	2
OG0000163	3	2
OG0000164	7	7
OG0000165	5	3
OG0000166	3	2
OG0000167	5	5
OG0000168	4	4
OG0000169	5	5
OG0000170	3	2
OG0000171	4	3
OG0000172	4	4
OG0000173	6	6
OG0000174	4	3
OG0000175	2	1
OG0000176	3	3
OG0000177	3	2
OG0000178	3	3
OG0000179	3	2
OG0000180	4	3
OG0000181	5	5
OG0000182	4	3
OG0000183	6	6
OG0000184	10	10
OG0000185	4	3
OG0000186	4	3
OG0000187	9	9
OG0000188	9	9
OG0000189	9	9
OG0000190	3	3
OG0000191	2	2
OG0000192	4	4
OG0000193	2	1
OG0000194	5	5
OG0000195	5	5
OG0000196	5	3
OG0000197	3	3
OG0000198	3	3
OG0000199	4	4
OG0000200	3	2
OG0000201	4	4
OG0000202	2	1
OG0000203	3	1
OG0000204	3	3
OG0000205	3	3
OG0000206	3	2
OG0000207	1	1
OG0000208	4	3
OG0000209	3	3
OG0000210	4	2
OG0000211	4	4
OG0000212	5	2
OG0000213	4	1
OG0000214	2	1
OG0000215	4	4
OG0000216	1	1
OG0000217	5	5
OG0000218	6	6
OG0000219	3	2
OG0000220	2	1
OG0000221	2	1
OG0000222	6	6
OG0000223	3	1
OG0000224	5	5
OG0000225	3	3
OG0000226	5	5
OG0000227	3	3
OG0000228	4	4
OG0000229	3	1
OG0000230	2	2
OG0000231	4	4
OG0000232	6	6
OG0000233	5	3
OG0000234	8	8
OG0000235	9	9
OG0000236	9	9
OG0000237	5	5
OG0000238	7	7
OG0000239	5	2
OG0000240	7	6
OG0000241	8	8
OG0000242	8	8
OG0000243	6	3
OG0000244	6	2
OG0000245	9	9
OG0000246	9	9
OG0000247	3	3
OG0000248	2	2
OG0000249	6	6
OG0000250	2	2
OG0000251	5	5
OG0000252	2	1
OG0000253	3	1
OG0000254	3	2
OG0000255	3	3
OG0000256	2	2
OG0000257	4	3
OG0000258	2	1
OG0000259	2	2
OG0000260	1	1
OG0000261	3	3
OG0000262	3	3
OG0000263	4	4
OG0000264	4	1
OG0000265	6	6
OG0000266	3	2
OG0000267	4	4
OG0000268	3	1
OG0000269	3	3
OG0000270	3	3
OG0000271	1	1
OG0000272	3	3
OG0000273	6	6
OG0000274	2	2
OG0000275	4	4
OG0000276	4	4
OG0000277	1	1
OG0000278	2	1
OG0000279	2	2
OG0000280	3	2
OG0000281	3	2
OG0000282	3	3
OG0000283	3	1
OG0000284	5	5
OG0000285	3	3
OG0000286	6	6
OG0000287	3	3
OG0000288	3	3
OG0000289	2	0
OG0000290	4	4
OG0000291	2	2
OG0000292	2	1
OG0000293	3	3
OG0000294	3	3
OG0000295	2	2
OG0000296	3	2
OG0000297	3	3
OG0000298	2	1
OG0000299	6	6
OG0000300	3	3
OG0000301	5	5
OG0000302	7	7
OG0000303	5	5
OG0000304	4	2
OG0000305	4	4
OG0000306	3	1
OG0000307	4	3
OG0000308	6	6
OG0000309	6	6
OG0000310	4	2
OG0000311	5	2
OG0000312	8	8
OG0000313	8	8
OG0000314	8	8
OG0000315	1	1
OG0000316	7	7
OG0000317	1	1
OG0000318	2	2
OG0000319	1	1
OG0000320	1	1
OG0000321	1	1
OG0000322	2	2
OG0000323	4	4
OG0000324	4	4
OG0000325	4	2
OG0000326	4	4
OG0000327	2	2
OG0000328	4	4
OG0000329	1	0
OG0000330	3	3
OG0000331	2	2
OG0000332	2	2
OG0000333	2	2
OG0000334	2	2
OG0000335	6	6
OG0000336	6	6
OG0000337	4	4
OG0000338	2	2
OG0000339	1	1
OG0000340	2	2
OG0000341	4	4
OG0000342	1	1
OG0000343	3	3
OG0000344	2	2
OG0000345	3	3
OG0000346	4	4
OG0000347	2	1
OG0000348	2	2
OG0000349	1	1
OG0000350	2	0
OG0000351	1	1
OG0000352	4	4
OG0000353	3	3
OG0000354	3	3
OG0000355	3	3
OG0000356	1	1
OG0000357	2	2
OG0000358	2	2
OG0000359	5	5
OG0000360	3	2
OG0000361	2	1
OG0000362	2	2
OG0000363	1	1
OG0000364	2	2
OG0000365	1	1
OG0000366	2	1
OG0000367	3	3
OG0000368	1	0
OG0000369	1	0
OG0000370	2	2
OG0000371	1	1
OG0000372	1	1
OG0000373	1	1
OG0000374	1	1
OG0000375	2	2
OG0000376	2	2
OG0000377	3	3
OG0000378	2	1
OG0000379	3	3
OG0000380	3	3
OG0000381	2	0
OG0000382	2	2
OG0000383	3	3
OG0000384	3	3
OG0000385	2	1
OG0000386	2	2
OG0000387	2	2
OG0000388	2	1
OG0000389	1	0
OG0000390	2	2
OG0000391	2	2
OG0000392	1	1
OG0000393	3	3
OG0000394	2	2
OG0000395	2	2
OG0000396	1	0
OG0000397	2	2
OG0000398	3	3
OG0000399	3	3
OG0000400	2	1
OG0000401	2	2
OG0000402	4	4
OG0000403	4	4
OG0000404	2	2
OG0000405	3	2
OG0000406	4	4
OG0000407	3	1
OG0000408	7	7
OG0000409	4	4
OG0000410	6	6
OG0000411	4	4
OG0000412	5	5
OG0000413	4	4
OG0000414	6	6
OG0000415	1	1
OG0000416	4	4
OG0000417	4	4
OG0000418	7	7
OG0000419	6	6
OG0000420	5	3
OG0000421	7	7
OG0000422	7	7
OG0000423	7	7
OG0000424	7	7
OG0000425	7	7
OG0000426	2	2
OG0000427	1	1
OG0000428	1	1
OG0000429	6	6
OG0000430	1	1
OG0000431	2	2
OG0000432	1	1
OG0000433	1	1
OG0000434	1	1
OG0000435	2	0
OG0000436	2	2
OG0000437	2	2
OG0000438	1	1
OG0000439	1	1
OG0000440	1	1
OG0000441	1	1
OG0000442	1	0
OG0000443	3	3
OG0000444	3	3
OG0000445	3	3
OG0000446	3	2
OG0000447	4	4
OG0000448	1	1
OG0000449	3	1
OG0000450	1	0
OG0000451	1	1
OG0000452	1	1
OG0000453	1	1
OG0000454	1	1
OG0000455	1	0
OG0000456	1	1
OG0000457	1	1
OG0000458	3	3
OG0000459	1	1
OG0000460	1	1
OG0000461	1	1
OG0000462	2	2
OG0000463	1	1
OG0000464	3	3
OG0000465	2	2
OG0000466	1	1
OG0000467	2	2
OG0000468	2	2
OG0000469	1	1
OG0000470	1	1
OG0000471	2	2
OG0000472	1	1
OG0000473	4	4
OG0000474	1	1
OG0000475	4	4
OG0000476	3	2
OG0000477	4	4
OG0000478	2	2
OG0000479	2	2
OG0000480	2	2
OG0000481	1	1
OG0000482	1	1
OG0000483	1	1
OG0000484	1	1
OG0000485	1	1
OG0000486	1	1
OG0000487	1	1
OG0000488	1	1
OG0000489	1	1
OG0000490	1	1
OG0000491	3	1
OG0000492	3	3
OG0000493	2	1
OG0000494	1	1
OG0000495	1	1
OG0000496	4	4
OG0000497	2	2
OG0000498	1	1
OG0000499	2	2
OG0000500	1	1
OG0000501	3	3
OG0000502	2	2
OG0000503	4	4
OG0000504	2	1
OG0000505	2	2
OG0000506	3	3
OG0000507	1	1
OG0000508	2	2
OG0000509	1	1
OG0000510	2	2
OG0000511	2	2
OG0000512	3	3
OG0000513	1	1
OG0000514	1	1
OG0000515	1	1
OG0000516	2	2
OG0000517	1	1
OG0000518	1	0
OG0000519	3	3
OG0000520	1	1
OG0000521	1	1
OG0000522	1	1
OG0000523	2	2
OG0000524	1	1
OG0000525	2	2
OG0000526	1	1
OG0000527	1	1
OG0000528	1	1
OG0000529	1	1
OG0000530	1	1
OG0000531	1	1
OG0000532	1	1
OG0000533	2	2
OG0000534	2	1
OG0000535	2	2
OG0000536	1	1
OG0000537	1	1
OG0000538	1	0
OG0000539	1	0
OG0000540	2	0
OG0000541	1	1
OG0000542	1	1
OG0000543	2	2
OG0000544	1	1
OG0000545	2	0
OG0000546	3	3
OG0000547	2	2
OG0000548	1	1
OG0000549	1	1
OG0000550	3	3
OG0000551	2	2
OG0000552	1	1
OG0000553	2	2
OG0000554	3	3
OG0000555	1	1
OG0000556	2	2
OG0000557	1	0
OG0000558	1	1
OG0000559	2	1
OG0000560	1	1
OG0000561	1	1
OG0000562	2	2
OG0000563	1	1
OG0000564	1	1
OG0000565	3	3
OG0000566	2	1
OG0000567	4	4
OG0000568	1	1
OG0000569	1	1
OG0000570	2	2
OG0000571	1	1
OG0000572	4	4
OG0000573	1	1
OG0000574	2	2
OG0000575	6	6
OG0000576	3	3
OG0000577	3	3
OG0000578	5	5
OG0000579	2	1
OG0000580	5	5
OG0000581	2	1
OG0000582	3	2
OG0000583	3	1
OG0000584	4	4
OG0000585	6	6
OG0000586	3	3
OG0000587	3	3
OG0000588	4	4
OG0000589	5	5
OG0000590	3	2
OG0000591	6	6
OG0000592	5	5
OG0000593	6	6
OG0000594	5	5
OG0000595	6	6
OG0000596	6	6
OG0000597	6	6
OG0000598	6	6
OG0000599	6	6
OG0000600	0	0
OG0000601	1	1
OG0000602	0	0
OG0000603	0	0
OG0000604	2	2
OG0000605	0	0
OG0000606	2	2
OG0000607	0	0
OG0000608	1	1
OG0000609	1	1
OG0000610	0	0
OG0000611	0	0
OG0000612	0	0
OG0000613	0	0
OG0000614	1	1
OG0000615	1	1
OG0000616	1	1
OG0000617	4	4
OG0000618	2	2
OG0000619	1	1
OG0000620	1	1
OG0000621	1	1
OG0000622	0	0
OG0000623	5	5
OG0000624	5	5
OG0000625	0	0
OG0000626	1	0
OG0000627	1	1
OG0000628	0	0
OG0000629	0	0
OG0000630	0	0
OG0000631	1	1
OG0000632	1	1
OG0000633	1	1
OG0000634	0	0
OG0000635	0	0
OG0000636	4	4
OG0000637	0	0
OG0000638	0	0
OG0000639	0	0
OG0000640	2	2
OG0000641	1	1
OG0000642	3	3
OG0000643	0	0
OG0000644	2	2
OG0000645	1	1
OG0000646	0	0
OG0000647	1	1
OG0000648	1	1
OG0000649	1	1
OG0000650	1	1
OG0000651	2	2
OG0000652	0	0
OG0000653	0	0
OG0000654	0	0
OG0000655	2	2
OG0000656	2	2
OG0000657	1	1
OG0000658	2	2
OG0000659	1	1
OG0000660	0	0
OG0000661	0	0
OG0000662	1	1
OG0000663	0	0
OG0000664	1	1
OG0000665	0	0
OG0000666	0	0
OG0000667	2	2
OG0000668	1	1
OG0000669	1	1
OG0000670	1	1
OG0000671	2	2
OG0000672	2	2
OG0000673	2	2
OG0000674	3	3
OG0000675	1	0
OG0000676	0	0
OG0000677	0	0
OG0000678	4	4
OG0000679	1	1
OG0000680	1	0
OG0000681	0	0
OG0000682	0	0
OG0000683	0	0
OG0000684	0	0
OG0000685	2	2
OG0000686	2	2
OG0000687	2	2
OG0000688	1	1
OG0000689	3	3
OG0000690	1	1
OG0000691	1	1
OG0000692	1	1
OG0000693	2	2
OG0000694	0	0
OG0000695	0	0
OG0000696	0	0
OG0000697	0	0
OG0000698	1	1
OG0000699	0	0
OG0000700	3	3
OG0000701	3	3
OG0000702	1	1
OG0000703	1	0
OG0000704	0	0
OG0000705	2	2
OG0000706	3	3
OG0000707	3	3
OG0000708	3	3
OG0000709	2	2
OG0000710	2	2
OG0000711	0	0
OG0000712	0	0
OG0000713	0	0
OG0000714	0	0
OG0000715	0	0
OG0000716	0	0
OG0000717	3	3
OG0000718	3	3
OG0000719	0	0
OG0000720	0	0
OG0000721	1	1
OG0000722	1	1
OG0000723	3	3
OG0000724	1	1
OG0000725	1	1
OG0000726	1	1
OG0000727	1	1
OG0000728	3	3
OG0000729	0	0
OG0000730	3	3
OG0000731	1	1
OG0000732	0	0
OG0000733	1	1
OG0000734	2	2
OG0000735	3	3
OG0000736	1	1
OG0000737	1	0
OG0000738	4	4
OG0000739	1	1
OG0000740	0	0
OG0000741	2	1
OG0000742	2	2
OG0000743	0	0
OG0000744	0	0
OG0000745	0	0
OG0000746	0	0
OG0000747	0	0
OG0000748	1	0
OG0000749	1	1
OG0000750	0	0
OG0000751	1	1
OG0000752	1	1
OG0000753	0	0
OG0000754	0	0
OG0000755	3	3
OG0000756	2	2
OG0000757	0	0
OG0000758	0	0
OG0000759	0	0
OG0000760	1	1
OG0000761	1	1
OG0000762	0	0
OG0000763	1	0
OG0000764	1	1
OG0000765	0	0
OG0000766	0	0
OG0000767	1	1
OG0000768	1	1
OG0000769	2	2
OG0000770	0	0
OG0000771	0	0
OG0000772	0	0
OG0000773	0	0
OG0000774	0	0
OG0000775	0	0
OG0000776	0	0
OG0000777	0	0
OG0000778	0	0
OG0000779	0	0
OG0000780	0	0
OG0000781	0	0
OG0000782	0	0
OG0000783	0	0
OG0000784	0	0
OG0000785	0	0
OG0000786	0	0
OG0000787	0	0
OG0000788	0	0
OG0000789	0	0
OG0000790	0	0
OG0000791	0	0
OG0000792	4	4
OG0000793	0	0
OG0000794	1	1
OG0000795	0	0
OG0000796	0	0
OG0000797	1	1
OG0000798	1	1
OG0000799	2	2
OG0000800	0	0
OG0000801	2	2
OG0000802	1	1
OG0000803	1	0
OG0000804	1	1
OG0000805	1	1
OG0000806	1	1
OG0000807	0	0
OG0000808	0	0
OG0000809	3	3
OG0000810	0	0
OG0000811	1	1
OG0000812	1	1
OG0000813	1	1
OG0000814	1	1
OG0000815	2	2
OG0000816	0	0
OG0000817	0	0
OG0000818	0	0
OG0000819	1	1
OG0000820	0	0
OG0000821	1	1
OG0000822	0	0
OG0000823	2	2
OG0000824	0	0
OG0000825	1	1
OG0000826	2	2
OG0000827	1	1
OG0000828	1	1
OG0000829	0	0
OG0000830	0	0
OG0000831	0	0
OG0000832	2	2
OG0000833	0	0
OG0000834	0	0
OG0000835	0	0
OG0000836	0	0
OG0000837	0	0
OG0000838	0	0
OG0000839	0	0
OG0000840	2	2
OG0000841	0	0
OG0000842	1	1
OG0000843	1	1
OG0000844	2	2
OG0000845	2	2
OG0000846	1	1
OG0000847	0	0
OG0000848	0	0
OG0000849	0	0
OG0000850	1	1
OG0000851	0	0
OG0000852	0	0
OG0000853	0	0
OG0000854	0	0
OG0000855	1	1
OG0000856	1	1
OG0000857	0	0
OG0000858	1	1
OG0000859	0	0
OG0000860	1	1
OG0000861	0	0
OG0000862	5	5
OG0000863	3	3
OG0000864	2	1
OG0000865	5	5
OG0000866	3	3
OG0000867	5	5
OG0000868	5	5
OG0000869	4	4
OG0000870	4	4
OG0000871	5	5
OG0000872	5	5
OG0000873	2	0
OG0000874	3	3
OG0000875	4	4
OG0000876	1	1
OG0000877	3	3
OG0000878	3	3
OG0000879	2	2
OG0000880	3	3
OG0000881	3	3
OG0000882	2	2
OG0000883	3	3
OG0000884	4	4
OG0000885	2	2
OG0000886	3	3
OG0000887	3	3
OG0000888	3	3
OG0000889	5	5
OG0000890	2	2
OG0000891	5	5
OG0000892	5	5
OG0000893	4	4
OG0000894	2	2
OG0000895	5	5
OG0000896	4	4
OG0000897	3	3
OG0000898	3	3
OG0000899	5	5
OG0000900	5	5
OG0000901	5	5
OG0000902	5	5
OG0000903	5	5
OG0000904	5	5
OG0000905	5	5
OG0000906	5	5
OG0000907	5	5
OG0000908	5	5
OG0000909	5	5
OG0000910	5	5
OG0000911	5	5
OG0000912	0	0
OG0000913	0	0
OG0000914	4	4
OG0000915	0	0
OG0000916	0	0
OG0000917	0	0
OG0000918	0	0
OG0000919	1	1
OG0000920	0	0
OG0000921	0	0
OG0000922	0	0
OG0000923	0	0
OG0000924	0	0
OG0000925	0	0
OG0000926	0	0
OG0000927	0	0
OG0000928	0	0
OG0000929	0	0
OG0000930	0	0
OG0000931	0	0
OG0000932	1	1
OG0000933	0	0
OG0000934	1	1
OG0000935	1	1
OG0000936	0	0
OG0000937	0	0
OG0000938	0	0
OG0000939	0	0
OG0000940	0	0
OG0000941	0	0
OG0000942	0	0
OG0000943	0	0
OG0000944	0	0
OG0000945	0	0
OG0000946	0	0
OG0000947	1	1
OG0000948	0	0
OG0000949	0	0
OG0000950	2	2
OG0000951	1	1
OG0000952	1	0
OG0000953	2	2
OG0000954	0	0
OG0000955	0	0
OG0000956	1	1
OG0000957	0	0
OG0000958	0	0
OG0000959	0	0
OG0000960	0	0
OG0000961	0	0
OG0000962	0	0
OG0000963	1	1
OG0000964	1	1
OG0000965	0	0
OG0000966	0	0
OG0000967	0	0
OG0000968	0	0
OG0000969	1	1
OG0000970	0	0
OG0000971	0	0
OG0000972	0	0
OG0000973	0	0
OG0000974	1	1
OG0000975	1	1
OG0000976	0	0
OG0000977	1	1
OG0000978	0	0
OG0000979	3	3
OG0000980	0	0
OG0000981	1	1
OG0000982	1	1
OG0000983	2	2
OG0000984	0	0
OG0000985	0	0
OG0000986	0	0
OG0000987	0	0
OG0000988	1	1
OG0000989	2	2
OG0000990	2	2
OG0000991	0	0
OG0000992	0	0
OG0000993	0	0
OG0000994	0	0
OG0000995	0	0
OG0000996	1	1
OG0000997	0	0
OG0000998	2	2
OG0000999	0	0
OG0001000	0	0
OG0001001	0	0
OG0001002	0	0
OG0001003	2	2
OG0001004	1	1
OG0001005	1	1
OG0001006	1	1
OG0001007	1	1
OG0001008	0	0
OG0001009	0	0
OG0001010	0	0
OG0001011	0	0
OG0001012	0	0
OG0001013	1	1
OG0001014	1	1
OG0001015	1	1
OG0001016	0	0
OG0001017	2	2
OG0001018	0	0
OG0001019	0	0
OG0001020	2	2
OG0001021	0	0
OG0001022	0	0
OG0001023	2	2
OG0001024	2	2
OG0001025	0	0
OG0001026	0	0
OG0001027	0	0
OG0001028	0	0
OG0001029	1	1
OG0001030	0	0
OG0001031	2	2
OG0001032	1	1
OG0001033	2	2
OG0001034	0	0
OG0001035	0	0
OG0001036	0	0
OG0001037	2	2
OG0001038	0	0
OG0001039	1	1
OG0001040	1	1
OG0001041	0	0
OG0001042	1	1
OG0001043	4	4
OG0001044	1	1
OG0001045	1	1
OG0001046	0	0
OG0001047	0	0
OG0001048	0	0
OG0001049	0	0
OG0001050	0	0
OG0001051	0	0
OG0001052	0	0
OG0001053	0	0
OG0001054	2	2
OG0001055	3	3
OG0001056	1	1
OG0001057	2	2
OG0001058	2	2
OG0001059	1	0
OG0001060	2	2
OG0001061	1	1
OG0001062	1	1
OG0001063	2	2
OG0001064	0	0
OG0001065	1	1
OG0001066	2	2
OG0001067	1	1
OG0001068	0	0
OG0001069	2	2
OG0001070	0	0
OG0001071	0	0
OG0001072	0	0
OG0001073	0	0
OG0001074	1	1
OG0001075	1	1
OG0001076	0	0
OG0001077	0	0
OG0001078	0	0
OG0001079	1	0
OG0001080	1	1
OG0001081	0	0
OG0001082	1	1
OG0001083	0	0
OG0001084	0	0
OG0001085	2	2
OG0001086	0	0
OG0001087	0	0
OG0001088	0	0
OG0001089	1	1
OG0001090	0	0
OG0001091	0	0
OG0001092	0	0
OG0001093	0	0
OG0001094	2	2
OG0001095	0	0
OG0001096	2	2
OG0001097	1	1
OG0001098	1	1
OG0001099	0	0
OG0001100	0	0
OG0001101	1	1
OG0001102	0	0
OG0001103	0	0
OG0001104	0	0
OG0001105	0	0
OG0001106	1	1
OG0001107	0	0
OG0001108	0	0
OG0001109	2	2
OG0001110	0	0
OG0001111	2	2
OG0001112	0	0
OG0001113	1	1
OG0001114	1	1
OG0001115	1	1
OG0001116	1	1
OG0001117	1	1
OG0001118	2	2
OG0001119	1	1
OG0001120	0	0
OG0001121	2	2
OG0001122	2	2
OG0001123	1	1
OG0001124	0	0
OG0001125	0	0
OG0001126	0	0
OG0001127	0	0
OG0001128	0	0
OG0001129	0	0
OG0001130	0	0
OG0001131	2	2
OG0001132	0	0
OG0001133	0	0
OG0001134	0	0
OG0001135	1	1
OG0001136	0	0
OG0001137	2	2
OG0001138	0	0
OG0001139	0	0
OG0001140	0	0
OG0001141	1	1
OG0001142	0	0
OG0001143	1	1
OG0001144	0	0
OG0001145	0	0
OG0001146	0	0
OG0001147	0	0
OG0001148	0	0
OG0001149	0	0
OG0001150	0	0
OG0001151	1	1
OG0001152	0	0
OG0001153	0	0
OG0001154	2	2
OG0001155	1	1
OG0001156	0	0
OG0001157	0	0
OG0001158	0	0
OG0001159	0	0
OG0001160	0	0
OG0001161	0	0
OG0001162	0	0
OG0001163	0	0
OG0001164	0	0
OG0001165	3	3
OG0001166	1	1
OG0001167	1	1
OG0001168	1	1
OG0001169	0	0
OG0001170	0	0
OG0001171	1	1
OG0001172	0	0
OG0001173	0	0
OG0001174	0	0
OG0001175	0	0
OG0001176	3	3
OG0001177	0	0
OG0001178	0	0
OG0001179	2	2
OG0001180	1	1
OG0001181	0	0
OG0001182	0	0
OG0001183	0	0
OG0001184	1	1
OG0001185	0	0
OG0001186	0	0
OG0001187	0	0
OG0001188	0	0
OG0001189	0	0
OG0001190	0	0
OG0001191	0	0
OG0001192	2	2
OG0001193	2	2
OG0001194	1	1
OG0001195	0	0
OG0001196	0	0
OG0001197	0	0
OG0001198	0	0
OG0001199	0	0
OG0001200	0	0
OG0001201	0	0
OG0001202	1	1
OG0001203	2	2
OG0001204	0	0
OG0001205	0	0
OG0001206	0	0
OG0001207	0	0
OG0001208	0	0
OG0001209	0	0
OG0001210	0	0
OG0001211	0	0
OG0001212	0	0
OG0001213	0	0
OG0001214	0	0
OG0001215	0	0
OG0001216	0	0
OG0001217	0	0
OG0001218	0	0
OG0001219	1	1
OG0001220	0	0
OG0001221	0	0
OG0001222	0	0
OG0001223	0	0
OG0001224	0	0
OG0001225	0	0
OG0001226	0	0
OG0001227	0	0
OG0001228	0	0
OG0001229	0	0
OG0001230	0	0
OG0001231	0	0
OG0001232	0	0
OG0001233	0	0
OG0001234	0	0
OG0001235	0	0
OG0001236	0	0
OG0001237	3	3
OG0001238	0	0
OG0001239	0	0
OG0001240	0	0
OG0001241	2	2
OG0001242	0	0
OG0001243	0	0
OG0001244	0	0
OG0001245	0	0
OG0001246	0	0
OG0001247	1	1
OG0001248	1	1
OG0001249	1	1
OG0001250	0	0
OG0001251	0	0
OG0001252	0	0
OG0001253	1	1
OG0001254	2	2
OG0001255	1	1
OG0001256	1	1
OG0001257	0	0
OG0001258	0	0
OG0001259	0	0
OG0001260	0	0
OG0001261	0	0
OG0001262	1	1
OG0001263	0	0
OG0001264	1	1
OG0001265	0	0
OG0001266	0	0
OG0001267	0	0
OG0001268	0	0
OG0001269	0	0
OG0001270	0	0
OG0001271	0	0
OG0001272	0	0
OG0001273	0	0
OG0001274	0	0
OG0001275	0	0
OG0001276	0	0
OG0001277	0	0
OG0001278	0	0
OG0001279	0	0
OG0001280	2	2
OG0001281	0	0
OG0001282	0	0
OG0001283	1	1
OG0001284	0	0
OG0001285	0	0
OG0001286	1	1
OG0001287	0	0
OG0001288	0	0
OG0001289	1	1
OG0001290	0	0
OG0001291	0	0
OG0001292	1	1
OG0001293	1	1
OG0001294	0	0
OG0001295	0	0
OG0001296	0	0
OG0001297	0	0
OG0001298	0	0
OG0001299	0	0
OG0001300	0	0
OG0001301	0	0
OG0001302	0	0
OG0001303	0	0
OG0001304	0	0
OG0001305	0	0
OG0001306	1	1
OG0001307	0	0
OG0001308	0	0
OG0001309	0	0
OG0001310	1	1
OG0001311	1	1
OG0001312	1	1
OG0001313	0	0
OG0001314	0	0
OG0001315	0	0
OG0001316	0	0
OG0001317	0	0
OG0001318	0	0
OG0001319	0	0
OG0001320	0	0
OG0001321	0	0
OG0001322	0	0
OG0001323	0	0
OG0001324	1	1
OG0001325	1	1
OG0001326	0	0
OG0001327	1	1
OG0001328	3	3
OG0001329	1	1
OG0001330	0	0
OG0001331	1	1
OG0001332	0	0
OG0001333	0	0
OG0001334	0	0
OG0001335	0	0
OG0001336	0	0
OG0001337	0	0
OG0001338	0	0
OG0001339	1	1
OG0001340	1	1
OG0001341	0	0
OG0001342	0	0
OG0001343	0	0
OG0001344	0	0
OG0001345	0	0
OG0001346	2	2
OG0001347	2	2
OG0001348	4	4
OG0001349	1	0
OG0001350	3	3
OG0001351	3	3
OG0001352	3	3
OG0001353	3	3
OG0001354	3	3
OG0001355	2	2
OG0001356	4	4
OG0001357	4	4
OG0001358	4	4
OG0001359	2	2
OG0001360	3	3
OG0001361	4	4
OG0001362	3	3
OG0001363	2	2
OG0001364	1	1
OG0001365	2	2
OG0001366	2	2
OG0001367	4	4
OG0001368	4	4
OG0001369	1	0
OG0001370	1	1
OG0001371	3	3
OG0001372	3	3
OG0001373	4	4
OG0001374	3	3
OG0001375	1	1
OG0001376	4	4
OG0001377	3	3
OG0001378	4	4
OG0001379	2	2
OG0001380	4	4
OG0001381	4	4
OG0001382	1	1
OG0001383	2	2
OG0001384	0	0
OG0001385	0	0
OG0001386	1	0
OG0001387	2	2
OG0001388	0	0
OG0001389	1	0
OG0001390	2	2
OG0001391	2	2
OG0001392	1	1
OG0001393	3	3
OG0001394	1	1
OG0001395	0	0
OG0001396	2	2
OG0001397	1	1
OG0001398	1	1
OG0001399	2	2
OG0001400	2	2
OG0001401	3	3
OG0001402	1	1
OG0001403	1	1
OG0001404	3	3
OG0001405	0	0
OG0001406	0	0
OG0001407	0	0
OG0001408	4	4
OG0001409	3	3
OG0001410	4	4
OG0001411	3	3
OG0001412	3	3
OG0001413	2	2
OG0001414	4	4
OG0001415	1	1
OG0001416	4	4
OG0001417	2	2
OG0001418	4	4
OG0001419	3	3
OG0001420	3	3
OG0001421	3	3
OG0001422	3	3
OG0001423	3	3
OG0001424	2	2
OG0001425	3	3
OG0001426	4	4
OG0001427	4	4
OG0001428	4	4
OG0001429	4	4
OG0001430	3	3
OG0001431	4	4
OG0001432	4	4
OG0001433	4	4
OG0001434	4	4
OG0001435	4	4
OG0001436	4	4
OG0001437	4	4
OG0001438	4	4
OG0001439	4	4
OG0001440	0	0
OG0001441	0	0
OG0001442	0	0
OG0001443	0	0
OG0001444	1	1
OG0001445	1	1
OG0001446	0	0
OG0001447	2	2
OG0001448	0	0
OG0001449	1	1
OG0001450	1	1
OG0001451	3	3
OG0001452	1	1
OG0001453	0	0
OG0001454	0	0
OG0001455	0	0
OG0001456	1	1
OG0001457	1	1
OG0001458	0	0
OG0001459	0	0
OG0001460	0	0
OG0001461	0	0
OG0001462	0	0
OG0001463	1	1
OG0001464	3	3
OG0001465	2	2
OG0001466	0	0
OG0001467	0	0
OG0001468	1	1
OG0001469	0	0
OG0001470	1	1
OG0001471	2	2
OG0001472	0	0
OG0001473	1	1
OG0001474	0	0
OG0001475	0	0
OG0001476	0	0
OG0001477	0	0
OG0001478	0	0
OG0001479	0	0
OG0001480	1	1
OG0001481	1	1
OG0001482	2	2
OG0001483	2	2
OG0001484	0	0
OG0001485	0	0
OG0001486	0	0
OG0001487	0	0
OG0001488	0	0
OG0001489	1	1
OG0001490	0	0
OG0001491	1	1
OG0001492	1	1
OG0001493	1	1
OG0001494	0	0
OG0001495	0	0
OG0001496	3	3
OG0001497	1	1
OG0001498	2	2
OG0001499	1	1
OG0001500	1	1
OG0001501	0	0
OG0001502	0	0
OG0001503	0	0
OG0001504	0	0
OG0001505	0	0
OG0001506	0	0
OG0001507	1	1
OG0001508	1	1
OG0001509	0	0
OG0001510	1	1
OG0001511	0	0
OG0001512	0	0
OG0001513	0	0
OG0001514	0	0
OG0001515	1	1
OG0001516	1	1
OG0001517	1	1
OG0001518	0	0
OG0001519	1	1
OG0001520	0	0
OG0001521	0	0
OG0001522	0	0
OG0001523	1	1
OG0001524	1	1
OG0001525	0	0
OG0001526	0	0
OG0001527	2	2
OG0001528	0	0
OG0001529	1	1
OG0001530	0	0
OG0001531	1	1
OG0001532	1	1
OG0001533	2	2
OG0001534	1	1
OG0001535	0	0
OG0001536	0	0
OG0001537	0	0
OG0001538	0	0
OG0001539	0	0
OG0001540	0	0
OG0001541	0	0
OG0001542	0	0
OG0001543	0	0
OG0001544	1	1
OG0001545	1	1
OG0001546	0	0
OG0001547	1	1
OG0001548	1	1
OG0001549	1	1
OG0001550	2	2
OG0001551	1	1
OG0001552	0	0
OG0001553	1	1
OG0001554	0	0
OG0001555	0	0
OG0001556	0	0
OG0001557	1	1
OG0001558	0	0
OG0001559	0	0
OG0001560	0	0
OG0001561	1	1
OG0001562	0	0
OG0001563	0	0
OG0001564	1	1
OG0001565	2	2
OG0001566	0	0
OG0001567	1	1
OG0001568	0	0
OG0001569	2	2
OG0001570	0	0
OG0001571	1	1
OG0001572	1	1
OG0001573	1	1
OG0001574	1	1
OG0001575	1	1
OG0001576	1	1
OG0001577	1	1
OG0001578	1	1
OG0001579	1	1
OG0001580	0	0
OG0001581	0	0
OG0001582	0	0
OG0001583	1	1
OG0001584	0	0
OG0001585	0	0
OG0001586	0	0
OG0001587	0	0
OG0001588	1	1
OG0001589	0	0
OG0001590	1	1
OG0001591	1	1
OG0001592	1	1
OG0001593	1	1
OG0001594	0	0
OG0001595	1	1
OG0001596	0	0
OG0001597	1	1
OG0001598	1	1
OG0001599	0	0
OG0001600	0	0
OG0001601	0	0
OG0001602	1	1
OG0001603	0	0
OG0001604	1	1
OG0001605	1	1
OG0001606	1	1
OG0001607	0	0
OG0001608	0	0
OG0001609	2	2
OG0001610	1	1
OG0001611	1	1
OG0001612	1	1
OG0001613	1	1
OG0001614	1	1
OG0001615	1	1
OG0001616	1	1
OG0001617	1	1
OG0001618	0	0
OG0001619	0	0
OG0001620	1	1
OG0001621	1	1
OG0001622	0	0
OG0001623	1	1
OG0001624	0	0
OG0001625	0	0
OG0001626	0	0
OG0001627	1	1
OG0001628	0	0
OG0001629	0	0
OG0001630	1	1
OG0001631	1	1
OG0001632	2	2
OG0001633	1	1
OG0001634	0	0
OG0001635	0	0
OG0001636	0	0
OG0001637	1	1
OG0001638	0	0
OG0001639	1	1
OG0001640	1	1
OG0001641	0	0
OG0001642	1	1
OG0001643	0	0
OG0001644	1	1
OG0001645	1	1
OG0001646	1	1
OG0001647	0	0
OG0001648	0	0
OG0001649	1	1
OG0001650	0	0
OG0001651	1	1
OG0001652	0	0
OG0001653	1	1
OG0001654	0	0
OG0001655	1	1
OG0001656	1	1
OG0001657	0	0
OG0001658	1	1
OG0001659	0	0
OG0001660	0	0
OG0001661	0	0
OG0001662	2	2
OG0001663	1	1
OG0001664	0	0
OG0001665	0	0
OG0001666	0	0
OG0001667	0	0
OG0001668	0	0
OG0001669	2	2
OG0001670	0	0
OG0001671	0	0
OG0001672	0	0
OG0001673	1	1
OG0001674	0	0
OG0001675	1	1
OG0001676	1	1
OG0001677	0	0
OG0001678	1	1
OG0001679	1	1
OG0001680	0	0
OG0001681	0	0
OG0001682	0	0
OG0001683	0	0
OG0001684	1	1
OG0001685	1	1
OG0001686	0	0
OG0001687	2	2
OG0001688	0	0
OG0001689	2	2
OG0001690	0	0
OG0001691	0	0
OG0001692	1	1
OG0001693	2	2
OG0001694	0	0
OG0001695	0	0
OG0001696	0	0
OG0001697	0	0
OG0001698	2	2
OG0001699	0	0
OG0001700	0	0
OG0001701	0	0
OG0001702	0	0
OG0001703	0	0
OG0001704	0	0
OG0001705	0	0
OG0001706	2	2
OG0001707	0	0
OG0001708	1	1
OG0001709	0	0
OG0001710	0	0
OG0001711	0	0
OG0001712	1	1
OG0001713	0	0
OG0001714	0	0
OG0001715	1	1
OG0001716	0	0
OG0001717	0	0
OG0001718	1	1
OG0001719	0	0
OG0001720	0	0
OG0001721	1	1
OG0001722	0	0
OG0001723	1	1
OG0001724	0	0
OG0001725	1	1
OG0001726	1	1
OG0001727	0	0
OG0001728	0	0
OG0001729	1	1
OG0001730	1	1
OG0001731	0	0
OG0001732	0	0
OG0001733	0	0
OG0001734	0	0
OG0001735	0	0
OG0001736	0	0
OG0001737	1	1
OG0001738	1	1
OG0001739	0	0
OG0001740	1	1
OG0001741	1	1
OG0001742	0	0
OG0001743	0	0
OG0001744	0	0
OG0001745	2	2
OG0001746	0	0
OG0001747	2	2
OG0001748	0	0
OG0001749	2	2
OG0001750	0	0
OG0001751	0	0
OG0001752	3	3
OG0001753	1	1
OG0001754	0	0
OG0001755	0	0
OG0001756	1	1
OG0001757	1	1
OG0001758	0	0
OG0001759	1	1
OG0001760	0	0
OG0001761	0	0
OG0001762	0	0
OG0001763	2	2
OG0001764	1	1
OG0001765	3	3
OG0001766	3	3
OG0001767	1	1
OG0001768	1	1
OG0001769	2	2
OG0001770	1	1
OG0001771	3	3
OG0001772	0	0
OG0001773	1	1
OG0001774	2	2
OG0001775	1	1
OG0001776	1	1
OG0001777	1	1
OG0001778	1	1
OG0001779	1	1
OG0001780	2	2
OG0001781	2	2
OG0001782	3	3
OG0001783	0	0
OG0001784	3	3
OG0001785	3	3
OG0001786	1	1
OG0001787	1	1
OG0001788	1	1
OG0001789	1	1
OG0001790	1	1
OG0001791	2	2
OG0001792	3	3
OG0001793	1	1
OG0001794	1	1
OG0001795	2	2
OG0001796	2	2
OG0001797	3	3
OG0001798	1	1
OG0001799	1	1
OG0001800	3	3
OG0001801	1	1
OG0001802	3	3
OG0001803	0	0
OG0001804	0	0
OG0001805	1	1
OG0001806	2	2
OG0001807	1	1
OG0001808	2	2
OG0001809	1	1
OG0001810	2	2
OG0001811	2	2
OG0001812	1	1
OG0001813	1	1
OG0001814	2	2
OG0001815	3	3
OG0001816	1	1
OG0001817	1	1
OG0001818	1	1
OG0001819	1	1
OG0001820	2	2
OG0001821	0	0
OG0001822	1	1
OG0001823	1	1
OG0001824	2	2
OG0001825	0	0
OG0001826	1	1
OG0001827	1	1
OG0001828	1	1
OG0001829	2	2
OG0001830	1	1
OG0001831	1	1
OG0001832	1	1
OG0001833	1	1
OG0001834	2	2
OG0001835	0	0
OG0001836	1	1
OG0001837	1	1
OG0001838	3	3
OG0001839	2	2
OG0001840	1	1
OG0001841	0	0
OG0001842	0	0
OG0001843	1	1
OG0001844	2	2
OG0001845	2	2
OG0001846	1	1
OG0001847	0	0
OG0001848	1	1
OG0001849	0	0
OG0001850	0	0
OG0001851	0	0
OG0001852	1	1
OG0001853	2	2
OG0001854	1	1
OG0001855	0	0
OG0001856	3	3
OG0001857	3	3
OG0001858	2	2
OG0001859	2	2
OG0001860	2	2
OG0001861	2	2
OG0001862	2	2
OG0001863	2	2
OG0001864	2	2
OG0001865	2	2
OG0001866	3	3
OG0001867	2	2
OG0001868	3	3
OG0001869	3	3
OG0001870	3	3
OG0001871	3	3
OG0001872	1	1
OG0001873	2	2
OG0001874	2	2
OG0001875	2	2
OG0001876	2	2
OG0001877	2	2
OG0001878	2	2
OG0001879	3	3
OG0001880	3	3
OG0001881	3	3
OG0001882	3	3
OG0001883	2	2
OG0001884	1	1
OG0001885	2	2
OG0001886	2	2
OG0001887	2	2
OG0001888	3	3
OG0001889	3	3
OG0001890	1	1
OG0001891	3	3
OG0001892	3	3
OG0001893	2	2
OG0001894	3	3
OG0001895	3	3
OG0001896	3	3
OG0001897	1	1
OG0001898	1	1
OG0001899	1	1
OG0001900	1	1
OG0001901	3	3
OG0001902	1	1
OG0001903	1	1
OG0001904	1	1
OG0001905	2	2
OG0001906	3	3
OG0001907	2	2
OG0001908	3	3
OG0001909	3	3
OG0001910	3	3
OG0001911	3	3
OG0001912	3	3
OG0001913	2	2
OG0001914	1	1
OG0001915	3	3
OG0001916	3	3
OG0001917	3	3
OG0001918	3	3
OG0001919	3	3
OG0001920	3	3
OG0001921	2	2
OG0001922	3	3
OG0001923	3	3
OG0001924	3	3
OG0001925	3	3
OG0001926	3	3
OG0001927	1	0
OG0001928	3	3
OG0001929	3	3
OG0001930	3	3
OG0001931	3	3
OG0001932	3	3
OG0001933	3	3
OG0001934	3	3
OG0001935	3	3
OG0001936	3	3
OG0001937	3	3
OG0001938	3	3
