__mclCluster,name,Function,AverageShortestPathLength,BetweennessCentrality,ClosenessCentrality,ClusteringCoefficient,Degree,Eccentricity,IsSingleNode,NeighborhoodConnectivity,NumberOfDirectedEdges,NumberOfUndirectedEdges,PartnerOfMultiEdgedNodePairs,Radiality,selected,SelfLoops,shared name,species,Stress,TopologicalCoefficient
1,ecol_Rhamnose,General,3.583941606,0.001846649,0.279022403,0,2,7,FALSE,43.5,0,2,0,0.96508187,FALSE,0,ecol_Rhamnose,Eco,3402,0.505952381
1,mtub_Unc_5,General,3.465328467,4.10E-04,0.288572933,0.666666667,4,7,FALSE,33.25,0,4,0,0.96668475,FALSE,0,mtub_Unc_5,Mtu,1050,0.319711538
1,mtub_SG_9,General,3.53649635,3.21E-04,0.282765738,0,2,6,FALSE,48,0,2,0,0.965723022,FALSE,0,mtub_SG_9,Mtu,1708,0.540229885
1,mtub_SG_10,General,3.651459854,0,0.273863068,0,1,7,FALSE,74,0,1,0,0.964169461,FALSE,0,mtub_SG_10,Mtu,0,0
1,ecol_UC-7,General,3.556569343,8.20E-04,0.281169831,0,2,7,FALSE,46,0,2,0,0.965451766,FALSE,0,ecol_UC-7,Eco,3406,0.529411765
1,sen_unchar-8,General,4.467153285,0,0.223856209,0,1,8,FALSE,18,0,1,0,0.953146577,FALSE,0,sen_unchar-8,Sen,0,0
1,pae_Singlet-1,General,3.534671533,0,0.282911719,1,2,6,FALSE,48,0,2,0,0.965747682,FALSE,0,pae_Singlet-1,Pae,0,0.551724138
1,ecol_Gluconate,General,3.22080292,0.022263064,0.310481586,0.241758242,14,6,FALSE,16.57142857,0,14,0,0.96998915,FALSE,0,ecol_Gluconate,Eco,38272,0.124597207
1,ecol_UC-9,General,3.538321168,0.002009523,0.282619907,0,3,7,FALSE,32.66666667,0,3,0,0.965698363,FALSE,0,ecol_UC-9,Eco,5868,0.359848485
1,sen_ula-Ascorbate,General,4.222627737,5.43E-04,0.23681936,0,2,7,FALSE,11.5,0,2,0,0.956450977,FALSE,0,sen_ula-Ascorbate,Sen,850,0.5
1,mtub_VirS,General,3.450729927,0.001692139,0.28979376,0.238095238,7,7,FALSE,23.14285714,0,7,0,0.966882028,FALSE,0,mtub_VirS,Mtu,4410,0.213618158
1,mtub_SG_3,General,3.52189781,0.008639609,0.283937824,0.166666667,4,7,FALSE,23.5,0,4,0,0.9659203,FALSE,0,mtub_SG_3,Mtu,9322,0.264367816
1,mtub_Rv3095,General,3.651459854,0,0.273863068,0,1,7,FALSE,74,0,1,0,0.964169461,FALSE,0,mtub_Rv3095,Mtu,0,0
1,salb_Transketolase,General,3.412408759,0.004725011,0.293048128,0.25,9,6,FALSE,16.33333333,0,9,0,0.967399882,FALSE,0,salb_Transketolase,Sal,6840,0.158415842
1,pae_MdcR,General,3.301094891,0.003665841,0.302929795,0.285714286,7,6,FALSE,24.71428571,0,7,0,0.968904123,FALSE,0,pae_MdcR,Pae,10080,0.196571429
1,salb_Thiopeptide,General,3.399635036,0.001425648,0.294149222,0.5,5,7,FALSE,33.6,0,5,0,0.9675725,FALSE,0,salb_Thiopeptide,Sal,5986,0.282352941
1,pae_AntR,General,4.224452555,0,0.236717063,1,3,8,FALSE,12.66666667,0,3,0,0.956426317,FALSE,0,pae_AntR,Pae,0,0.436781609
1,salb_UC-4,General,3.53649635,3.21E-04,0.282765738,0,2,6,FALSE,48,0,2,0,0.965723022,FALSE,0,salb_UC-4,Sal,1708,0.540229885
1,pae_AcoR,General,3.270072993,0.013439474,0.305803571,0.272727273,11,6,FALSE,19.09090909,0,11,0,0.969323338,FALSE,0,pae_AcoR,Pae,20780,0.144344205
1,ecol_ypjJ,General,4.467153285,0,0.223856209,0,1,8,FALSE,18,0,1,0,0.953146577,FALSE,0,ecol_ypjJ,Eco,0,0
1,salb_UC-9,General,3.304744526,0.005964945,0.302595251,0.222222222,9,6,FALSE,18.77777778,0,9,0,0.968854804,FALSE,0,salb_UC-9,Sal,10080,0.158594492
1,ecol_PAL 10 Del,General,3.498175182,5.04E-05,0.285863328,0.666666667,3,7,FALSE,35,0,3,0,0.966240876,FALSE,0,ecol_PAL 10 Del,Eco,126,0.380434783
1,pae_SouR,General,3.788321168,0.002325214,0.263969171,0.166666667,4,7,FALSE,14.25,0,4,0,0.962319984,FALSE,0,pae_SouR,Pae,3422,0.275
1,sac_FadR,General,2.653284672,0.276448988,0.376891334,0.034431692,74,6,FALSE,7.837837838,0,74,0,0.977658315,FALSE,0,sac_FadR,sac,425886,0.035416934
1,sac_aromatic-degradation,General,3.468978102,0.03686506,0.288269332,0.058823529,18,7,FALSE,7.611111111,0,18,0,0.966635431,FALSE,0,sac_aromatic-degradation,sac,66802,0.097597598
2,ecol_Fatty Acid,Carbon Metabolism,3.410583942,0.002484022,0.293204922,0.4,5,7,FALSE,28.2,0,5,0,0.967424541,FALSE,0,ecol_Fatty Acid,Eco,4220,0.261682243
2,pae_Translational-2,Carbon Metabolism,5.144160584,0.004628154,0.194395176,0.3,5,9,FALSE,4.2,0,5,0,0.94399783,FALSE,0,pae_Translational-2,Pae,4506,0.292307692
2,pae_PhhR-1,Carbon Metabolism,4.074817518,4.13E-06,0.245409763,0.833333333,4,7,FALSE,12.5,0,4,0,0.958448412,FALSE,0,pae_PhhR-1,Pae,16,0.446428571
2,pae_DhcR,Carbon Metabolism,3.516423358,6.97E-04,0.284379865,0.523809524,7,7,FALSE,22.71428571,0,7,0,0.965994279,FALSE,0,pae_DhcR,Pae,2352,0.231778426
2,ecol_ythA,Carbon Metabolism,4.054744526,0,0.246624662,0,1,7,FALSE,26,0,1,0,0.958719669,FALSE,0,ecol_ythA,Eco,0,0
2,ecol_Cold Shock,Carbon Metabolism,4.959854015,0.002525852,0.201618837,0.5,4,8,FALSE,4.25,0,4,0,0.946488459,FALSE,0,ecol_Cold Shock,Eco,2744,0.4
2,sen_csp-1,Carbon Metabolism,4.899635036,0.003106146,0.204096834,0.5,4,8,FALSE,3.5,0,4,0,0.947302229,FALSE,0,sen_csp-1,Sen,3830,0.464285714
2,mtub_BkaR,Carbon Metabolism,3.421532847,0.00404314,0.292266667,0.342857143,15,6,FALSE,14.66666667,0,15,0,0.967276583,FALSE,0,mtub_BkaR,Mtu,8272,0.157706093
2,mtub_FasR,Carbon Metabolism,3.113138686,0.03531435,0.321219226,0.263157895,19,6,FALSE,18.73684211,0,19,0,0.971444072,FALSE,0,mtub_FasR,Mtu,60606,0.112238427
2,sen_dpiA,Carbon Metabolism,3.901459854,3.09E-05,0.256314312,0.333333333,3,7,FALSE,16,0,3,0,0.960791083,FALSE,0,sen_dpiA,Sen,60,0.460784314
2,mtub_KstR2,Carbon Metabolism,3.191605839,0.014686514,0.313321898,0.268421053,20,6,FALSE,17.2,0,20,0,0.970383705,FALSE,0,mtub_KstR2,Mtu,35018,0.112418301
2,salb_Phospholipid,Carbon Metabolism,4.074817518,0.005833188,0.245409763,0,2,7,FALSE,11.5,0,2,0,0.958448412,FALSE,0,salb_Phospholipid,Sal,6696,0.5
2,ecol_SCFA,Carbon Metabolism,4.02919708,3.44E-05,0.248188406,0.733333333,6,7,FALSE,12.5,0,6,0,0.959064904,FALSE,0,ecol_SCFA,Eco,102,0.378787879
2,sen_csp-2,Carbon Metabolism,5.538321168,0,0.180560132,1,3,9,FALSE,4.333333333,0,3,0,0.938671336,FALSE,0,sen_csp-2,Sen,0,0.619047619
2,pae_LiuR,Carbon Metabolism,3.160583942,0.014690973,0.316397229,0.331578947,20,6,FALSE,18.7,0,20,0,0.97080292,FALSE,0,pae_LiuR,Pae,36394,0.11835443
2,pae_AtuR,Carbon Metabolism,3.346715328,0.015200945,0.298800436,0.409090909,12,6,FALSE,18.33333333,0,12,0,0.968287631,FALSE,0,pae_AtuR,Pae,24316,0.164414414
2,salb_Fatty Acid,Carbon Metabolism,3.056569343,0.031302641,0.327164179,0.147692308,26,6,FALSE,14.53846154,0,26,0,0.972208522,FALSE,0,salb_Fatty Acid,Sal,53336,0.08311229
3,mtub_Rv1828/SigH,Secondary Metabolism,4.350364964,0,0.229865772,0,1,8,FALSE,24,0,1,0,0.954724798,FALSE,0,mtub_Rv1828/SigH,Mtu,0,0
3,mtub_Unc_6,Secondary Metabolism,3.704379562,0.001491724,0.269950739,0.333333333,9,7,FALSE,11.88888889,0,9,0,0.96345433,FALSE,0,mtub_Unc_6,Mtu,3236,0.199623352
3,mtub_PhoP,Secondary Metabolism,3.366788321,0.017364244,0.29701897,0.133333333,6,6,FALSE,23.83333333,0,6,0,0.968016374,FALSE,0,mtub_PhoP,Mtu,23758,0.201149425
3,mtub_Rv2488c,Secondary Metabolism,3.629562044,0.011049939,0.275515334,0.2,10,7,FALSE,9.5,0,10,0,0.964465378,FALSE,0,mtub_Rv2488c,Mtu,14132,0.137313433
3,ecol_yqhI,Secondary Metabolism,4.350364964,0,0.229865772,0,1,8,FALSE,24,0,1,0,0.954724798,FALSE,0,ecol_yqhI,Eco,0,0
3,pae_Singlet-3,Secondary Metabolism,3.487226277,0.004485121,0.286760858,0,3,7,FALSE,33.66666667,0,3,0,0.966388834,FALSE,0,pae_Singlet-3,Pae,7446,0.367041199
3,sen_SG2_STM2329,Secondary Metabolism,4.350364964,0,0.229865772,0,1,8,FALSE,24,0,1,0,0.954724798,FALSE,0,sen_SG2_STM2329,Sen,0,0
3,mtub_Rv0078+Rv2034,Secondary Metabolism,3.383211679,0.026635966,0.295577131,0.2,5,7,FALSE,26.2,0,5,0,0.967794437,FALSE,0,mtub_Rv0078+Rv2034,Mtu,47132,0.232432432
3,mtub_SG_4,Secondary Metabolism,4.186131387,0.004430926,0.238884045,0,3,7,FALSE,6.333333333,0,3,0,0.95694417,FALSE,0,mtub_SG_4,Mtu,3910,0.333333333
3,pae_LasR,Secondary Metabolism,3.808394161,0.002813443,0.262577863,0,3,7,FALSE,17.33333333,0,3,0,0.962048728,FALSE,0,pae_LasR,Pae,3968,0.340277778
3,salb_Antimycin,Secondary Metabolism,3.658759124,0.022600659,0.273316708,0.2,10,7,FALSE,9.5,0,10,0,0.964070823,FALSE,0,salb_Antimycin,Sal,29384,0.143076923
3,pae_Singlet-4,Secondary Metabolism,4.350364964,0,0.229865772,0,1,8,FALSE,24,0,1,0,0.954724798,FALSE,0,pae_Singlet-4,Pae,0,0
3,sac_FadR-KO,Secondary Metabolism,3.352189781,0.058559334,0.298312466,0.032608696,24,7,FALSE,6.25,0,24,0,0.968213652,FALSE,0,sac_FadR-KO,sac,100540,0.064922481
3,pae_MexZ,Secondary Metabolism,3.363138686,0.006307496,0.297341291,0.476190476,7,7,FALSE,21.71428571,0,7,0,0.968065693,FALSE,0,pae_MexZ,Pae,14054,0.19921363
4,mtub_Unc_9,Nitrogen,6.237226277,0,0.160327677,0,1,10,FALSE,2,0,1,0,0.929226672,FALSE,0,mtub_Unc_9,Mtu,0,0
4,mtub_SG_13,Nitrogen,4.594890511,0.001132844,0.217633042,0,2,8,FALSE,6.5,0,2,0,0.951420399,FALSE,0,mtub_SG_13,Mtu,1292,0.5
4,pae_RpoS-2,Nitrogen,3.72080292,0.017993192,0.268759196,0.095238095,7,7,FALSE,11.28571429,0,7,0,0.963232393,FALSE,0,pae_RpoS-2,Pae,28016,0.178571429
4,sen_fnr-2,Nitrogen,3.545620438,0.017656428,0.282038085,0,6,7,FALSE,15.16666667,0,6,0,0.965599724,FALSE,0,sen_fnr-2,Sen,19132,0.166666667
4,sen_narP,Nitrogen,4.167883212,0.002644872,0.239929947,0.333333333,6,8,FALSE,7.166666667,0,6,0,0.957190767,FALSE,0,sen_narP,Sen,3646,0.231182796
4,ecol_Fnr-3,Nitrogen,4.54379562,0,0.220080321,0,1,8,FALSE,6,0,1,0,0.95211087,FALSE,0,ecol_Fnr-3,Eco,0,0
4,ecol_Fnr-2,Nitrogen,4.198905109,0.002837896,0.238157323,0,3,7,FALSE,5,0,3,0,0.956771553,FALSE,0,ecol_Fnr-2,Eco,2830,0.333333333
4,pae_Anr-2,Nitrogen,4.094890511,0.006679384,0.244206774,0.066666667,6,8,FALSE,6.666666667,0,6,0,0.958177155,FALSE,0,pae_Anr-2,Pae,7494,0.193548387
4,pae_BexR,Nitrogen,4.910583942,3.79E-04,0.203641769,0,2,8,FALSE,5,0,2,0,0.947154271,FALSE,0,pae_BexR,Pae,464,0.5
4,sen_narL,Nitrogen,5.239051095,0.003649635,0.19087426,0,2,9,FALSE,2.5,0,2,0,0.942715526,FALSE,0,sen_narL,Sen,3964,0.5
4,ecol_N Reduction,Nitrogen,4.124087591,0.005348047,0.242477876,0.266666667,6,8,FALSE,8.333333333,0,6,0,0.9577826,FALSE,0,ecol_N Reduction,Eco,7514,0.225225225
4,ecol_Cytochrome c,Nitrogen,4.432481752,0,0.225607246,1,2,8,FALSE,12,0,2,0,0.953615111,FALSE,0,ecol_Cytochrome c,Eco,0,0.571428571
4,ecol_Nitrate/Nitrite,Nitrogen,4.244525547,0.007661159,0.235597592,0.166666667,4,8,FALSE,5.25,0,4,0,0.95615506,FALSE,0,ecol_Nitrate/Nitrite,Eco,8476,0.296875
4,ecol_Fnr-1,Nitrogen,4.089416058,0.003043313,0.24453369,0,3,7,FALSE,8.666666667,0,3,0,0.958251134,FALSE,0,ecol_Fnr-1,Eco,3296,0.333333333
5,ecol_entC/ubiC KO-2,Secondary Metabolism,4.056569343,0.001479592,0.24651372,0.333333333,3,7,FALSE,13.66666667,0,3,0,0.958695009,FALSE,0,ecol_entC/ubiC KO-2,Eco,4048,0.404040404
5,sen_fur-2,Secondary Metabolism,3.576642336,0.008669686,0.279591837,0.304761905,15,7,FALSE,11.86666667,0,15,0,0.965180509,FALSE,0,sen_fur-2,Sen,23414,0.152136752
5,ecol_entC/ubiC KO-1,Secondary Metabolism,3.476277372,0.00656936,0.287664042,0.333333333,4,6,FALSE,28.75,0,4,0,0.966536792,FALSE,0,ecol_entC/ubiC KO-1,Eco,16894,0.285
5,mtub_IdeR,Secondary Metabolism,3.306569343,0.021121764,0.302428256,0.283333333,16,6,FALSE,14.625,0,16,0,0.968830144,FALSE,0,mtub_IdeR,Mtu,44788,0.120867769
5,ecol_efeU Activation,Secondary Metabolism,3.487226277,0.0041436,0.286760858,0.3,5,6,FALSE,23.2,0,5,0,0.966388834,FALSE,0,ecol_efeU Activation,Eco,10814,0.25
5,pae_PchR,Secondary Metabolism,3.806569343,0.001392408,0.262703739,0.285714286,7,7,FALSE,11.42857143,0,7,0,0.962073387,FALSE,0,pae_PchR,Pae,4550,0.275261324
5,salb_Cyclofaulknamycin-1,Secondary Metabolism,3.609489051,0.019500664,0.277047523,0.320512821,13,7,FALSE,12.38461538,0,13,0,0.964736634,FALSE,0,salb_Cyclofaulknamycin-1,Sal,33814,0.158841159
5,salb_Dudomycin/Minimycin,Secondary Metabolism,3.527372263,0.00314299,0.283497155,0,3,6,FALSE,31.33333333,0,3,0,0.965846321,FALSE,0,salb_Dudomycin/Minimycin,Sal,4910,0.34469697
5,salb_NRPS-1,Secondary Metabolism,3.352189781,0.011895282,0.298312466,0.377777778,10,6,FALSE,17.3,0,10,0,0.968213652,FALSE,0,salb_NRPS-1,Sal,23392,0.166990291
5,salb_BGC-General,Secondary Metabolism,3.777372263,0.014208415,0.2647343,0.047619048,7,7,FALSE,8.428571429,0,7,0,0.962467942,FALSE,0,salb_BGC-General,Sal,19558,0.171428571
5,pae_Uncharacterized-11,Secondary Metabolism,4.226277372,4.01E-04,0.236614853,0.6,5,8,FALSE,12.2,0,5,0,0.956401657,FALSE,0,pae_Uncharacterized-11,Pae,952,0.321052632
5,pae_QscR-2,Secondary Metabolism,3.826642336,0.001810365,0.261325703,0.428571429,8,7,FALSE,10.5,0,8,0,0.961802131,FALSE,0,pae_QscR-2,Pae,4776,0.235795455
5,pae_PvdS,Secondary Metabolism,3.733576642,0.007390685,0.267839687,0.282051282,13,7,FALSE,10,0,13,0,0.963059775,FALSE,0,pae_PvdS,Pae,13614,0.203525641
5,ecol_Fur-1,Metal Homeostasis,3.520072993,0.020281896,0.284085018,0.245614035,19,7,FALSE,10.84210526,0,19,0,0.96594496,FALSE,0,ecol_Fur-1,Eco,41204,0.12755418
6,ecol_GadX,Metal Homeostasis,4.335766423,0.007850226,0.230639731,0,3,8,FALSE,4,0,3,0,0.954922075,FALSE,0,ecol_GadX,Eco,15516,0.375
6,pae_CueR,Metal Homeostasis,4.160583942,0.021064339,0.240350877,0.178571429,8,8,FALSE,5.25,0,8,0,0.957289406,FALSE,0,pae_CueR,Pae,29306,0.178571429
6,pae_SoxR,Metal Homeostasis,4.251824818,0.004870157,0.235193133,0.333333333,4,8,FALSE,7.25,0,4,0,0.956056421,FALSE,0,pae_SoxR,Pae,8242,0.35
6,ecol_Copper,Metal Homeostasis,4.691605839,0.009084229,0.213146636,0.127272727,11,8,FALSE,4.090909091,0,11,0,0.950113435,FALSE,0,ecol_Copper,Eco,14084,0.162878788
6,mtub_SigH,Metal Homeostasis,5.116788321,1.28E-04,0.195435093,0.333333333,3,9,FALSE,7.666666667,0,3,0,0.944367725,FALSE,0,mtub_SigH,Mtu,364,0.523809524
6,mtub_RicR,Metal Homeostasis,5.118613139,0.003649635,0.195365419,0.333333333,3,9,FALSE,6.666666667,0,3,0,0.944343066,FALSE,0,mtub_RicR,Mtu,4192,0.487179487
6,mtub_Unc_1,Metal Homeostasis,5.122262774,0,0.19522622,1,2,9,FALSE,9.5,0,2,0,0.944293746,FALSE,0,mtub_Unc_1,Mtu,0,0.730769231
6,ecol_Nickel/Cobalt,Metal Homeostasis,6.116788321,0,0.163484487,0,1,10,FALSE,3,0,1,0,0.930854212,FALSE,0,ecol_Nickel/Cobalt,Eco,0,0
6,pae_CpxR,Metal Homeostasis,5.689781022,0,0.175753688,0,1,9,FALSE,11,0,1,0,0.936624581,FALSE,0,pae_CpxR,Pae,0,0
6,pae_EsrC,Metal Homeostasis,5.069343066,8.05E-05,0.197264219,0.333333333,3,9,FALSE,6,0,3,0,0.945008877,FALSE,0,pae_EsrC,Pae,86,0.435897436
6,pae_MexS-1,Metal Homeostasis,3.395985401,0.017961077,0.294465341,0.1,5,7,FALSE,27.8,0,5,0,0.967621819,FALSE,0,pae_MexS-1,Pae,32744,0.247272727
6,pae_MexS-2,Metal Homeostasis,5.03649635,0.011063743,0.198550725,0.166666667,4,9,FALSE,6.25,0,4,0,0.945452752,FALSE,0,pae_MexS-2,Pae,20016,0.359375
7,mtub_Leucine Related,Amino Acid Metabolism,4.591240876,4.04E-04,0.217806041,0.733333333,6,8,FALSE,9.5,0,6,0,0.951469718,FALSE,0,mtub_Leucine Related,Mtu,780,0.431818182
7,pae_PrrF,Amino Acid Metabolism,4.140510949,0.002757448,0.241516086,0.422222222,10,8,FALSE,8.2,0,10,0,0.957560663,FALSE,0,pae_PrrF,Pae,4660,0.245454545
7,ecol_Lysine/T2SS,Amino Acid Metabolism,4.472627737,0.001318034,0.223582211,0.333333333,3,8,FALSE,9,0,3,0,0.953072598,FALSE,0,ecol_Lysine/T2SS,Eco,2334,0.393939394
7,sen_tartrate utilization,Amino Acid Metabolism,4.443430657,0.001225409,0.225051335,0.333333333,3,8,FALSE,8.333333333,0,3,0,0.953467153,FALSE,0,sen_tartrate utilization,Sen,1776,0.444444444
7,ecol_Leucine,Amino Acid Metabolism,4.352189781,4.83E-04,0.229769392,0.678571429,8,8,FALSE,9.625,0,8,0,0.954700138,FALSE,0,ecol_Leucine,Eco,1404,0.320833333
7,sen_leu-tRNA,Amino Acid Metabolism,4.202554745,0.005042109,0.237950499,0.333333333,13,8,FALSE,7.153846154,0,13,0,0.956722233,FALSE,0,sen_leu-tRNA,Sen,9262,0.21040724
7,pae_k-opioid,Amino Acid Metabolism,4.025547445,0.001569779,0.248413418,0.5,5,7,FALSE,10.8,0,5,0,0.959114224,FALSE,0,pae_k-opioid,Pae,3620,0.341935484
7,ecol_Leu/Val/Ile,Amino Acid Metabolism,4.169708029,0.002111411,0.239824945,0.1,5,8,FALSE,11.2,0,5,0,0.957166108,FALSE,0,ecol_Leu/Val/Ile,Eco,4846,0.311764706
7,salb_Leucine,Amino Acid Metabolism,4.111313869,0.00515126,0.243231247,0.378787879,12,8,FALSE,8.166666667,0,12,0,0.957955218,FALSE,0,salb_Leucine,Sal,9686,0.207264957
7,ecol_thrA KO,Amino Acid Metabolism,5.031021898,0,0.198766775,1,2,9,FALSE,8,0,2,0,0.945526731,FALSE,0,ecol_thrA KO,Eco,0,0.571428571
7,sac_single_gene_1,Amino Acid Metabolism,3.870437956,0.005536671,0.258368694,0.285714286,7,7,FALSE,9.714285714,0,7,0,0.961210298,FALSE,0,sac_single_gene_1,sac,9994,0.250965251
7,sac_LysM,Amino Acid Metabolism,3.885036496,0.010202457,0.257397839,0.254545455,11,7,FALSE,8.090909091,0,11,0,0.96101302,FALSE,0,sac_LysM,sac,17068,0.193181818
8,mtub_Sulfur Metabolism,Carbon Metabolism,4.326642336,0.007057405,0.231126107,0.361111111,9,8,FALSE,9.222222222,0,9,0,0.955045374,FALSE,0,mtub_Sulfur Metabolism,Mtu,11142,0.26031746
8,mtub_WhiB4/IdeR,Carbon Metabolism,4.547445255,0.00385822,0.219903692,0.285714286,7,8,FALSE,7,0,7,0,0.952061551,FALSE,0,mtub_WhiB4/IdeR,Mtu,6130,0.31292517
8,ecol_Cysteine-1,Carbon Metabolism,4.49270073,9.98E-04,0.222583266,0.642857143,8,8,FALSE,9.875,0,8,0,0.952801341,FALSE,0,ecol_Cysteine-1,Eco,2374,0.329166667
8,sen_cysB,Carbon Metabolism,4.607664234,4.43E-04,0.217029703,0.678571429,8,8,FALSE,9,0,8,0,0.951247781,FALSE,0,sen_cysB,Sen,1204,0.346153846
8,ecol_Cysteine-2,Carbon Metabolism,4.419708029,0.00196183,0.22625929,0.6,5,8,FALSE,10,0,5,0,0.953787729,FALSE,0,ecol_Cysteine-2,Eco,2894,0.376923077
8,mtub_Unc_3,Carbon Metabolism,5.034671533,0,0.198622689,1,2,8,FALSE,10.5,0,2,0,0.945477412,FALSE,0,mtub_Unc_3,Mtu,0,0.807692308
8,salb_Sulfur Metabolism,Carbon Metabolism,4.423357664,0.00293986,0.226072607,0.363636364,11,8,FALSE,7,0,11,0,0.95373841,FALSE,0,salb_Sulfur Metabolism,Sal,4760,0.291666667
8,pae_CysB-3,Carbon Metabolism,4.458029197,0.004832984,0.224314368,0.363636364,12,8,FALSE,7.833333333,0,12,0,0.953269876,FALSE,0,pae_CysB-3,Pae,7898,0.234848485
8,sac_sulfur-assimilation,Carbon Metabolism,4.114963504,0.012214834,0.243015521,0.355555556,10,7,FALSE,6.8,0,10,0,0.957905899,FALSE,0,sac_sulfur-assimilation,sac,14164,0.253846154
8,pae_RsmA,Carbon Metabolism,4.888686131,0,0.204553938,1,3,8,FALSE,11,0,3,0,0.947450187,FALSE,0,pae_RsmA,Pae,0,0.611111111
8,pae_CysB-2,Carbon Metabolism,4.361313869,0.002007177,0.229288703,0.488888889,10,8,FALSE,8.8,0,10,0,0.95457684,FALSE,0,pae_CysB-2,Pae,3696,0.283870968
9,mtub_Nucleic Acid Hydrolysis ,Carbon Metabolism,4.067518248,0.001520976,0.245850157,0,3,8,FALSE,13.33333333,0,3,0,0.958547051,FALSE,0,mtub_Nucleic Acid Hydrolysis ,,2288,0.342592593
9,ecol_cyoB/ndh/nuoB KO-2,Carbon Metabolism,4.315693431,0,0.231712474,1,3,8,FALSE,11.66666667,0,3,0,0.955193332,FALSE,0,ecol_cyoB/ndh/nuoB KO-2,Eco,0,0.555555556
9,sen_cydABTE,Carbon Metabolism,4.178832117,9.28E-04,0.23930131,0.3,5,7,FALSE,8.8,0,5,0,0.957042809,FALSE,0,sen_cydABTE,Sen,1426,0.330769231
9,salb_Sucrose,Carbon Metabolism,4.22080292,0.001392685,0.236921747,0.1,5,8,FALSE,6.6,0,5,0,0.956475636,FALSE,0,salb_Sucrose,Sal,2330,0.272727273
9,mtub_Blal,Carbon Metabolism,3.408759124,0.02256839,0.293361884,0.230769231,14,7,FALSE,11.78571429,0,14,0,0.967449201,FALSE,0,mtub_Blal,Mtu,30426,0.115714286
9,salb_Cytochrome,Carbon Metabolism,3.740875912,0.005789511,0.267317073,0.236363636,11,7,FALSE,9.545454545,0,11,0,0.962961136,FALSE,0,salb_Cytochrome,Sal,9388,0.153502235
9,ecol_cyoB/kdpE/qseB KO,Carbon Metabolism,3.855839416,9.26E-04,0.2593469,0.535714286,8,7,FALSE,12.5,0,8,0,0.961407575,FALSE,0,ecol_cyoB/kdpE/qseB KO,Eco,2636,0.245098039
9,pae_Fur,Carbon Metabolism,3.656934307,0.004980468,0.273453094,0.444444444,10,7,FALSE,13.2,0,10,0,0.964095482,FALSE,0,pae_Fur,Pae,9962,0.187142857
9,sac_SoxL2N,Carbon Metabolism,3.826642336,0,0.261325703,1,4,7,FALSE,19.75,0,4,0,0.961802131,FALSE,0,sac_SoxL2N,sac,0,0.340517241
9,ecol_cydB/appC KO,Carbon Metabolism,4.237226277,1.12E-04,0.236003445,0.666666667,3,7,FALSE,9.333333333,0,3,0,0.956253699,FALSE,0,ecol_cydB/appC KO,Eco,210,0.444444444
9,pae_RoxR,Carbon Metabolism,3.937956204,3.66E-04,0.253938832,0.7,5,7,FALSE,13.6,0,5,0,0.960297889,FALSE,0,pae_RoxR,Pae,962,0.31627907
10,sen_malT,Carbon Metabolism,4.156934307,0.004259588,0.240561896,0.511111111,10,8,FALSE,9.7,0,10,0,0.957338726,FALSE,0,sen_malT,Sen,6724,0.246153846
10,ecol_Maltose,Carbon Metabolism,4.328467153,0.001398838,0.231028668,0.678571429,8,8,FALSE,10.625,0,8,0,0.955020714,FALSE,0,ecol_Maltose,Eco,2744,0.3125
10,mtub_Unc_8,Carbon Metabolism,4.560218978,0,0.219287715,0,1,8,FALSE,13,0,1,0,0.951888933,FALSE,0,mtub_Unc_8,Mtu,0,0
10,salb_Sugar-2,Carbon Metabolism,4.364963504,5.05E-04,0.22909699,0.714285714,8,8,FALSE,9,0,8,0,0.95452752,FALSE,0,salb_Sugar-2,Sal,1040,0.375
10,ecol_malE OE,Carbon Metabolism,4.629562044,0,0.216003153,1,5,8,FALSE,10.2,0,5,0,0.950951864,FALSE,0,ecol_malE OE,Eco,0,0.536842105
10,ecol_UC-5,Carbon Metabolism,4.330291971,5.99E-04,0.230931311,0.333333333,3,7,FALSE,8,0,3,0,0.954996054,FALSE,0,ecol_UC-5,Eco,886,0.511111111
10,ecol_YcjW,Carbon Metabolism,4.321167883,0.00400825,0.231418919,0.611111111,9,8,FALSE,8.666666667,0,9,0,0.955119353,FALSE,0,ecol_YcjW,Eco,6562,0.316872428
10,pae_HexR-1,Carbon Metabolism,3.562043796,0.023961161,0.280737705,0.294871795,13,7,FALSE,10.23076923,0,13,0,0.965377787,FALSE,0,pae_HexR-1,Pae,35664,0.138888889
10,salb_Sugar-1,Carbon Metabolism,3.815693431,0.007701179,0.262075562,0.454545455,11,7,FALSE,9.545454545,0,11,0,0.961950089,FALSE,0,salb_Sugar-1,Sal,12344,0.205533597
10,salb_Cellobiose,Carbon Metabolism,3.826642336,0.012989233,0.261325703,0.320512821,13,7,FALSE,7.692307692,0,13,0,0.961802131,FALSE,0,salb_Cellobiose,Sal,19468,0.186538462
10,pae_Quorum sensing,Carbon Metabolism,5.319343066,0,0.187993139,0,1,9,FALSE,9,0,1,0,0.941630499,FALSE,0,pae_Quorum sensing,Pae,0,0
11,ecol_cyoB/ndh/nuoB KO-1,Carbon Metabolism,4.432481752,7.97E-05,0.225607246,0.333333333,3,8,FALSE,11.33333333,0,3,0,0.953615111,FALSE,0,ecol_cyoB/ndh/nuoB KO-1,Eco,174,0.5
11,mtub_Mce1R,Carbon Metabolism,3.892335766,0.006317306,0.256915143,0.333333333,9,7,FALSE,8.888888889,0,9,0,0.960914382,FALSE,0,mtub_Mce1R,Mtu,15186,0.193236715
11,sen_arcA-3,Carbon Metabolism,4.350364964,7.64E-04,0.229865772,0.464285714,8,8,FALSE,8.25,0,8,0,0.954724798,FALSE,0,sen_arcA-3,Sen,1426,0.290178571
11,mtub_Central Carbon Metabolism,Carbon Metabolism,3.534671533,0.001497115,0.282911719,0,2,7,FALSE,44,0,2,0,0.965747682,FALSE,0,mtub_Central Carbon Metabolism,Mtu,4622,0.505882353
11,salb_UC-11,Carbon Metabolism,4.678832117,0,0.213728549,0,1,8,FALSE,13,0,1,0,0.950286052,FALSE,0,salb_UC-11,Sal,0,0
11,salb_UC-13,Carbon Metabolism,3.680656934,0.009565679,0.27169063,0.320512821,13,7,FALSE,10.46153846,0,13,0,0.963774906,FALSE,0,salb_UC-13,Sal,15336,0.143162393
11,salb_NDH,Carbon Metabolism,3.609489051,0.02028326,0.277047523,0.263736264,14,7,FALSE,10.5,0,14,0,0.964736634,FALSE,0,salb_NDH,Sal,31390,0.12543554
11,ecol_NDH-1,Carbon Metabolism,4.5,0,0.222222222,1,4,8,FALSE,11,0,4,0,0.952702703,FALSE,0,ecol_NDH-1,Eco,0,0.523809524
11,ecol_FDH-O,Carbon Metabolism,4.01459854,2.32E-04,0.249090909,0,2,7,FALSE,21,0,2,0,0.959262182,FALSE,0,ecol_FDH-O,Eco,1014,0.555555556
12,mtub_WhiB7,Metal Homeostasis,4.534671533,0.003752611,0.220523139,0.5,5,8,FALSE,8.8,0,5,0,0.952234168,FALSE,0,mtub_WhiB7,Mtu,7904,0.40952381
12,sen_fur-3,Metal Homeostasis,3.892335766,0.004111709,0.256915143,0.348484848,12,7,FALSE,9.333333333,0,12,0,0.960914382,FALSE,0,sen_fur-3,Sen,13480,0.215116279
12,pae_Iron acquisition,Metal Homeostasis,4.687956204,0.001503738,0.213312573,0.4,5,8,FALSE,8.8,0,5,0,0.950162754,FALSE,0,pae_Iron acquisition,Pae,4634,0.40952381
12,salb_Iron Acquisition,Metal Homeostasis,3.910583942,0.003930499,0.255716286,0.4,10,7,FALSE,11,0,10,0,0.960667785,FALSE,0,salb_Iron Acquisition,Sal,10418,0.239130435
12,salb_UC-5,Metal Homeostasis,4.479927007,4.12E-04,0.223217923,0.533333333,6,8,FALSE,11.66666667,0,6,0,0.952973959,FALSE,0,salb_UC-5,Sal,1132,0.432098765
12,salb_UC-10,Metal Homeostasis,3.578467153,0.002742008,0.279449261,0.333333333,3,6,FALSE,32.33333333,0,3,0,0.965155849,FALSE,0,salb_UC-10,Sal,8428,0.376470588
12,pae_FoxR,Metal Homeostasis,3.990875912,0.012329871,0.250571559,0.214285714,8,8,FALSE,10.875,0,8,0,0.959582758,FALSE,0,pae_FoxR,Pae,23598,0.21
12,ecol_Fur-2,Metal Homeostasis,3.967153285,0.003246544,0.252069917,0.4,11,7,FALSE,9.636363636,0,11,0,0.959903334,FALSE,0,ecol_Fur-2,Eco,11466,0.229437229
13,pae_EutR,Stress Response,4.182481752,0,0.239092496,1,2,7,FALSE,14,0,2,0,0.95699349,FALSE,0,pae_EutR,Pae,0,0.583333333
13,mtub_WhiB6,Stress Response,4.204379562,6.81E-04,0.237847222,0,2,8,FALSE,16,0,2,0,0.956697573,FALSE,0,mtub_WhiB6,Mtu,976,0.5
13,ecol_NtrC-3,Stress Response,3.585766423,0.002120316,0.278880407,0.4,6,6,FALSE,14.5,0,6,0,0.96505721,FALSE,0,ecol_NtrC-3,Eco,4058,0.2265625
13,mtub_SG_5,Stress Response,3.784671533,3.73E-04,0.264223722,0,2,7,FALSE,28,0,2,0,0.962369304,FALSE,0,mtub_SG_5,Mtu,1264,0.519230769
13,pae_Singlet-11,Stress Response,3.73540146,0.001101702,0.267708842,0.2,5,7,FALSE,11.6,0,5,0,0.963035115,FALSE,0,pae_Singlet-11,Pae,2258,0.238297872
13,sac_cold-stress,Stress Response,3.328467153,0.032756772,0.300438596,0.034632035,22,7,FALSE,7.318181818,0,22,0,0.968534228,FALSE,0,sac_cold-stress,sac,58424,0.07205029
13,sac_4-HPA,Stress Response,3.635036496,0.014450816,0.275100402,0.142857143,7,7,FALSE,10,0,7,0,0.964391399,FALSE,0,sac_4-HPA,sac,19146,0.180592992
13,ecol_ypaB,Stress Response,4.040145985,6.88E-05,0.247515808,0,2,8,FALSE,21.5,0,2,0,0.958916946,FALSE,0,ecol_ypaB,Eco,340,0.539473684
14,sen_fnr-1,Translation,4.616788321,1.75E-04,0.216600791,0.933333333,6,8,FALSE,8.333333333,0,6,0,0.951124482,FALSE,0,sen_fnr-1,Sen,532,0.416666667
14,ecol_Translation,Translation,4.614963504,0.00382461,0.216686437,0.666666667,7,8,FALSE,7.142857143,0,7,0,0.951149142,FALSE,0,ecol_Translation,Eco,4414,0.368421053
14,mtub_WhiB1,Translation,4.571167883,0.00249693,0.218762475,0.714285714,7,8,FALSE,7.857142857,0,7,0,0.951740975,FALSE,0,mtub_WhiB1,Mtu,4106,0.327380952
14,salb_Translation,Translation,4.567518248,0.003414213,0.218937275,0.571428571,8,8,FALSE,7.125,0,8,0,0.951790294,FALSE,0,salb_Translation,Sal,5374,0.285
14,pae_Translational-1,Translation,4.616788321,1.75E-04,0.216600791,0.933333333,6,8,FALSE,8.333333333,0,6,0,0.951124482,FALSE,0,pae_Translational-1,Pae,532,0.416666667
14,sac_translation-1,Translation,3.777372263,0.051329735,0.2647343,0.131868132,14,7,FALSE,6.428571429,0,14,0,0.962467942,FALSE,0,sac_translation-1,sac,65484,0.116758242
14,sac_translation-2,Translation,4.572992701,0.00676329,0.21867518,0.392857143,8,8,FALSE,6,0,8,0,0.951716315,FALSE,0,sac_translation-2,sac,8950,0.302631579
14,sac_translation-related,Translation,5.613138686,0,0.178153446,0,1,9,FALSE,7,0,1,0,0.937660288,FALSE,0,sac_translation-related,sac,0,0
15,sen_rpoS,Stress Response,4.156934307,0.001426021,0.240561896,0.4,6,7,FALSE,5.833333333,0,6,0,0.957338726,FALSE,0,sen_rpoS,Sen,1910,0.277777778
15,sen_yciGFEkatN,Stress Response,3.525547445,0.001529357,0.283643892,0,3,7,FALSE,31.33333333,0,3,0,0.96587098,FALSE,0,sen_yciGFEkatN,Sen,3378,0.348659004
15,salb_RpoS,Stress Response,3.558394161,0.024191201,0.281025641,0.111111111,9,6,FALSE,8.777777778,0,9,0,0.965427106,FALSE,0,salb_RpoS,Sal,30650,0.136612022
15,salb_UC-3,Stress Response,3.445255474,0.0064984,0.290254237,0.1,5,6,FALSE,22.2,0,5,0,0.966956007,FALSE,0,salb_UC-3,Sal,10776,0.225
15,pae_Uncharacterized-4,Stress Response,4.461678832,0.003007105,0.224130879,0.333333333,3,7,FALSE,5.333333333,0,3,0,0.953220556,FALSE,0,pae_Uncharacterized-4,Pae,5762,0.555555556
15,pae_RpoS-1,Stress Response,4.211678832,0.011834688,0.237435009,0.266666667,6,7,FALSE,5,0,6,0,0.956598935,FALSE,0,pae_RpoS-1,Pae,15656,0.268518519
15,pae_RpoN,Stress Response,4.034671533,0.00227695,0.247851651,0.133333333,6,7,FALSE,7.166666667,0,6,0,0.958990925,FALSE,0,pae_RpoN,Pae,3556,0.215053763
15,ecol_RpoS,Stress Response,3.510948905,0.015039176,0.284823285,0.333333333,6,7,FALSE,17.33333333,0,6,0,0.966068258,FALSE,0,ecol_RpoS,Eco,23320,0.195075758
16,sen_cdaR,Amino Acid Metabolism,4.003649635,0,0.249772106,1,5,7,FALSE,11.4,0,5,0,0.95941014,FALSE,0,sen_cdaR,Sen,0,0.422222222
16,ecol_Sugar Diacid,Amino Acid Metabolism,4.001824818,1.33E-06,0.249886001,0.933333333,6,7,FALSE,10.33333333,0,6,0,0.9594348,FALSE,0,ecol_Sugar Diacid,Eco,2,0.382716049
16,ecol_YgbI,Amino Acid Metabolism,3.77919708,0.0010873,0.26460647,0.761904762,7,7,FALSE,11.85714286,0,7,0,0.962443283,FALSE,0,ecol_YgbI,Eco,2270,0.289198606
16,sen_ygbLM,Amino Acid Metabolism,3.781021898,8.89E-04,0.264478764,0.8,6,7,FALSE,13.16666667,0,6,0,0.962418623,FALSE,0,sen_ygbLM,Sen,1980,0.321138211
16,pae_MmsR,Amino Acid Metabolism,3.408759124,0.013836657,0.293361884,0.291666667,16,7,FALSE,14.4375,0,16,0,0.967449201,FALSE,0,pae_MmsR,Pae,23560,0.13620283
16,salb_Valine,Amino Acid Metabolism,3.184306569,0.019039389,0.314040115,0.321637427,19,6,FALSE,17.36842105,0,19,0,0.970482344,FALSE,0,salb_Valine,Sal,33108,0.12145749
16,ecol_FucR/AllR/AraC,Amino Acid Metabolism,3.837591241,0.01846244,0.260580124,0.388888889,9,7,FALSE,8.777777778,0,9,0,0.961654172,FALSE,0,ecol_FucR/AllR/AraC,Eco,21912,0.211111111
16,ecol_Sulfoquinovose,Amino Acid Metabolism,3.759124088,0.001755173,0.266019417,0.333333333,4,7,FALSE,16.5,0,4,0,0.962714539,FALSE,0,ecol_Sulfoquinovose,Eco,3608,0.361111111
17,mtub_Fatty Acid Biosynthesis,Carbon Metabolism,3.616788321,0.005788712,0.276488396,0,2,6,FALSE,38.5,0,2,0,0.964637996,FALSE,0,mtub_Fatty Acid Biosynthesis,Mtu,6424,0.5
17,ecol_Sialic Acid,Carbon Metabolism,4.95620438,2.34E-04,0.201767305,0.666666667,4,8,FALSE,5.5,0,4,0,0.946537779,FALSE,0,ecol_Sialic Acid,Eco,428,0.423076923
17,sen_nanR,Carbon Metabolism,4.864963504,8.40E-04,0.205551388,0.5,5,8,FALSE,5.2,0,5,0,0.947770763,FALSE,0,sen_nanR,Sen,1764,0.325
17,pae_HypR,Carbon Metabolism,4.609489051,0.006019943,0.216943785,0.4,5,8,FALSE,7,0,5,0,0.951223121,FALSE,0,pae_HypR,Pae,7586,0.333333333
17,ecol_Nitrogen,Carbon Metabolism,4.686131387,0.001762566,0.213395639,0,2,8,FALSE,9.5,0,2,0,0.950187414,FALSE,0,ecol_Nitrogen,Eco,1432,0.5
17,pae_Uncharacterized-5,Carbon Metabolism,4.412408759,0.020865363,0.226633581,0.111111111,9,8,FALSE,4.111111111,0,9,0,0.953886368,FALSE,0,pae_Uncharacterized-5,Pae,23140,0.154589372
17,ecol_FucR/ExuR,Carbon Metabolism,4.667883212,0.001848731,0.214229867,0,2,8,FALSE,9,0,2,0,0.950434011,FALSE,0,ecol_FucR/ExuR,Eco,2084,0.5
17,pae_AmiE,Carbon Metabolism,4.52189781,0.002693428,0.221146086,0.333333333,3,7,FALSE,3.666666667,0,3,0,0.952406786,FALSE,0,pae_AmiE,Pae,3412,0.555555556
18,ecol_FlhDC-2,Flagella,5.828467153,4.37E-05,0.171571697,0.666666667,3,9,FALSE,4.333333333,0,3,0,0.934750444,FALSE,0,ecol_FlhDC-2,Eco,150,0.619047619
18,sen_fliA,Flagella,4.697080292,0.007060507,0.212898213,0,3,8,FALSE,5,0,3,0,0.950039456,FALSE,0,sen_fliA,Sen,11394,0.444444444
18,ecol_FliA,Flagella,3.863138686,0.015281349,0.258856873,0,4,7,FALSE,12,0,4,0,0.961308937,FALSE,0,ecol_FliA,Eco,22142,0.282051282
18,sen_flhD;flhC,Flagella,5.824817518,0.005078607,0.171679198,0.3,5,9,FALSE,2.8,0,5,0,0.934799763,FALSE,0,sen_flhD;flhC,Sen,7660,0.433333333
18,ecol_FlhDC-1,Flagella,6.551094891,0,0.15264624,1,2,10,FALSE,4.5,0,2,0,0.924985204,FALSE,0,ecol_FlhDC-1,Eco,0,0.75
18,pae_FleN-1,Flagella,4.839416058,0.011886173,0.206636501,0.166666667,4,8,FALSE,3.75,0,4,0,0.948115999,FALSE,0,pae_FleN-1,Pae,17718,0.40625
18,ecol_Flagella,Flagella,6.822992701,0,0.146563252,0,1,10,FALSE,5,0,1,0,0.921310909,FALSE,0,ecol_Flagella,Eco,0,0
18,pae_FleN-2,Flagella,5.680656934,0.002790326,0.176035978,0.333333333,4,9,FALSE,3.25,0,4,0,0.936747879,FALSE,0,pae_FleN-2,Pae,4492,0.5
19,ecol_crp KO-2,Carbon Metabolism,4.20620438,0,0.237744035,0,1,7,FALSE,15,0,1,0,0.956672914,FALSE,0,ecol_crp KO-2,Eco,0,0
19,sen_glpR,Carbon Metabolism,3.295620438,0.006473818,0.303433001,0.583333333,9,6,FALSE,20.44444444,0,9,0,0.968978102,FALSE,0,sen_glpR,Sen,19722,0.158484065
19,salb_Glycerol,Carbon Metabolism,3.208029197,0.0278105,0.311717861,0.2,15,6,FALSE,14.86666667,0,15,0,0.970161768,FALSE,0,salb_Glycerol,Sal,51972,0.100456621
19,salb_Gas Vesicle,Carbon Metabolism,3.605839416,0.018170464,0.277327935,0.175824176,14,7,FALSE,9.142857143,0,14,0,0.964785954,FALSE,0,salb_Gas Vesicle,Sal,34230,0.125
19,ecol_Glycerol,Carbon Metabolism,3.333941606,0.004189853,0.299945265,0.714285714,8,6,FALSE,21.5,0,8,0,0.968460249,FALSE,0,ecol_Glycerol,Eco,13458,0.17768595
19,pae_GlpR,Carbon Metabolism,3.260948905,0.007529322,0.306659205,0.555555556,9,6,FALSE,21.44444444,0,9,0,0.969446636,FALSE,0,pae_GlpR,Pae,19894,0.160401003
19,sac_single_gene_3,Carbon Metabolism,3.788321168,0.003149069,0.263969171,0.428571429,7,7,FALSE,9.714285714,0,7,0,0.962319984,FALSE,0,sac_single_gene_3,sac,7502,0.254826255
20,sen_rpoN,Carbon Metabolism,3.857664234,0.008904027,0.259224219,0.277777778,9,7,FALSE,8.333333333,0,9,0,0.961382916,FALSE,0,sen_rpoN,Sen,13380,0.167800454
20,ecol_Glutamine,Carbon Metabolism,3.788321168,0.012383049,0.263969171,0.25,8,7,FALSE,10.25,0,8,0,0.962319984,FALSE,0,ecol_Glutamine,Eco,18190,0.178571429
20,salb_Ammonium,Carbon Metabolism,4.443430657,0.001030866,0.225051335,0.4,5,8,FALSE,6.6,0,5,0,0.953467153,FALSE,0,salb_Ammonium,Sal,1344,0.304761905
20,pae_AauR,Carbon Metabolism,3.812043796,0.010866225,0.262326472,0.2,6,7,FALSE,10.16666667,0,6,0,0.961999408,FALSE,0,pae_AauR,Pae,13086,0.201388889
20,ecol_NtrC-2,Carbon Metabolism,4.689781022,0,0.213229572,1,3,8,FALSE,7.666666667,0,3,0,0.950138094,FALSE,0,ecol_NtrC-2,Eco,0,0.511111111
20,sac_Ammonium-Uptake,Carbon Metabolism,4.041970803,0.00747832,0.247404063,0.194444444,9,8,FALSE,7.222222222,0,9,0,0.958892286,FALSE,0,sac_Ammonium-Uptake,sac,12508,0.173441734
21,ecol_Cra,Carbon Metabolism,5.324817518,0,0.187799863,1,3,8,FALSE,4.333333333,0,3,0,0.94155652,FALSE,0,ecol_Cra,Eco,0,0.722222222
21,ecol_pts KO,Carbon Metabolism,4.333941606,2.49E-04,0.230736842,0.666666667,4,7,FALSE,6,0,4,0,0.954946735,FALSE,0,ecol_pts KO,Eco,682,0.428571429
21,sen_cra,Carbon Metabolism,5.324817518,0,0.187799863,1,3,8,FALSE,4.333333333,0,3,0,0.94155652,FALSE,0,sen_cra,Sen,0,0.722222222
21,salb_Fructose,Carbon Metabolism,4.596715328,0.003131388,0.217546645,0.5,5,8,FALSE,3.8,0,5,0,0.951395739,FALSE,0,salb_Fructose,Sal,3604,0.542857143
21,ecol_pts ALE,Carbon Metabolism,3.611313869,0.008200798,0.276907529,0.333333333,4,7,FALSE,23.25,0,4,0,0.964711975,FALSE,0,ecol_pts ALE,Eco,9914,0.283950617
21,pae_FruR,Carbon Metabolism,4.52189781,0.004390617,0.221146086,0.5,5,7,FALSE,5,0,5,0,0.952406786,FALSE,0,pae_FruR,Pae,5610,0.384615385
22,pae_LexA,Carbon Metabolism,4.578467153,0,0.218413711,1,3,8,FALSE,5,0,3,0,0.951642336,FALSE,0,pae_LexA,Pae,0,0.625
22,sen_lexA,Carbon Metabolism,3.598540146,0.021575184,0.277890467,0.3,5,7,FALSE,18.2,0,5,0,0.964884593,FALSE,0,sen_lexA,Sen,25234,0.219753086
22,mtub_WhiB4,Carbon Metabolism,4.567518248,0.008888328,0.218937275,0.5,5,8,FALSE,4,0,5,0,0.951790294,FALSE,0,mtub_WhiB4,Mtu,10712,0.4
22,ecol_DNA Damage,Carbon Metabolism,4.481751825,0.002470235,0.223127036,0.4,5,8,FALSE,3.8,0,5,0,0.9529493,FALSE,0,ecol_DNA Damage,Eco,3788,0.4
22,salb_DNA Damage,Carbon Metabolism,5.427007299,1.54E-04,0.184263618,0.666666667,3,9,FALSE,4.666666667,0,3,0,0.940175577,FALSE,0,salb_DNA Damage,Sal,272,0.583333333
22,sac_UV-related,Carbon Metabolism,4.195255474,0.001644626,0.238364506,0,3,7,FALSE,5.666666667,0,3,0,0.956820872,FALSE,0,sac_UV-related,sac,1988,0.333333333
23,mtub_PyrR,Carbon Metabolism,3.788321168,2.32E-05,0.263969171,0,2,7,FALSE,28,0,2,0,0.962319984,FALSE,0,mtub_PyrR,Mtu,176,0.642857143
23,mtub_EspL KO,Carbon Metabolism,3.852189781,0,0.25959261,0,1,7,FALSE,35,0,1,0,0.961456895,FALSE,0,mtub_EspL KO,Mtu,0,0
23,pae_LaoR,Carbon Metabolism,3.669708029,0.003158439,0.272501243,0.333333333,4,7,FALSE,18.75,0,4,0,0.963922864,FALSE,0,pae_LaoR,Pae,4424,0.308333333
23,sac_fatty-acid-related,Carbon Metabolism,2.854014599,0.085843414,0.350383632,0.087394958,35,6,FALSE,12.22857143,0,35,0,0.974945749,FALSE,0,sac_fatty-acid-related,sac,131556,0.060301508
23,sac_carbon-fixation,Carbon Metabolism,3.408759124,0.009941349,0.293361884,0.142857143,14,7,FALSE,12.28571429,0,14,0,0.967449201,FALSE,0,sac_carbon-fixation,sac,17758,0.141176471
23,sac_DARC,Carbon Metabolism,3.310218978,0.01670531,0.302094818,0.09047619,21,7,FALSE,11.76190476,0,21,0,0.968780825,FALSE,0,sac_DARC,sac,41228,0.111111111
24,mtub_Positive Regulation of Growth,Carbon Metabolism,6.490875912,0,0.154062412,0,1,10,FALSE,4,0,1,0,0.925798974,FALSE,0,mtub_Positive Regulation of Growth,Mtu,0,0
24,sen_ribosome,Carbon Metabolism,5.162408759,0.003907736,0.193708024,0.333333333,6,9,FALSE,5.166666667,0,6,0,0.943751233,FALSE,0,sen_ribosome,Sen,5042,0.322916667
24,salb_UC-1,Carbon Metabolism,5.49270073,0.004843746,0.182059801,0.166666667,4,9,FALSE,4.25,0,4,0,0.939287828,FALSE,0,salb_UC-1,Sal,5258,0.340909091
24,pae_Translational-3,Carbon Metabolism,4.888686131,0.00579044,0.204553938,0.4,5,8,FALSE,4.4,0,5,0,0.947450187,FALSE,0,pae_Translational-3,Pae,6470,0.323076923
24,salb_UC-6,Carbon Metabolism,4.819343066,0.004490128,0.20749716,0.5,4,8,FALSE,5.25,0,4,0,0.948387256,FALSE,0,salb_UC-6,Sal,5472,0.384615385
24,ecol_Resistance,Carbon Metabolism,5.487226277,0,0.182241437,1,3,9,FALSE,5,0,3,0,0.939361807,FALSE,0,ecol_Resistance,Eco,0,0.625
25,mtub_DevR-2,Carbon Metabolism,4.443430657,0.011942437,0.225051335,0.142857143,7,8,FALSE,5.571428571,0,7,0,0.953467153,FALSE,0,mtub_DevR-2,Mtu,16262,0.203296703
25,ecol_NRZ,Carbon Metabolism,4.322992701,0.003557713,0.231321233,0.533333333,6,8,FALSE,7.333333333,0,6,0,0.955094693,FALSE,0,ecol_NRZ,Eco,4648,0.275641026
25,pae_Anr-3,Carbon Metabolism,4.417883212,0.001511083,0.226352747,0.6,6,8,FALSE,7.5,0,6,0,0.953812389,FALSE,0,pae_Anr-3,Pae,2806,0.3
25,pae_NarL,Carbon Metabolism,4.26459854,0.002079975,0.234488661,0.4,6,8,FALSE,6.333333333,0,6,0,0.955883804,FALSE,0,pae_NarL,Pae,2774,0.3
25,sen_rstA,Carbon Metabolism,4.644160584,8.00E-04,0.215324165,0.533333333,6,8,FALSE,6.166666667,0,6,0,0.950754587,FALSE,0,sen_rstA,Sen,1204,0.342592593
25,ecol_FDH-N/NRA,Carbon Metabolism,4.26459854,0.001685463,0.234488661,0.533333333,6,8,FALSE,7.166666667,0,6,0,0.955883804,FALSE,0,ecol_FDH-N/NRA,Eco,2684,0.28
26,sen_kdpE,Carbon Metabolism,4.122262774,0,0.242585215,1,3,7,FALSE,8,0,3,0,0.95780726,FALSE,0,sen_kdpE,Sen,0,0.470588235
26,mtub_SG_11,Carbon Metabolism,4.388686131,0.003649635,0.227858628,0,2,7,FALSE,5,0,2,0,0.954206944,FALSE,0,mtub_SG_11,Mtu,3982,0.5
26,salb_Potassium,Carbon Metabolism,3.394160584,0.020581182,0.294623656,0.111111111,9,6,FALSE,15.66666667,0,9,0,0.967646479,FALSE,0,salb_Potassium,Sal,30746,0.148148148
26,salb_Surugamide-2,Carbon Metabolism,5.386861314,0,0.185636856,0,1,8,FALSE,2,0,1,0,0.94071809,FALSE,0,salb_Surugamide-2,Sal,0,0
26,ecol_Potassium,Carbon Metabolism,4.122262774,0,0.242585215,1,3,7,FALSE,8,0,3,0,0.95780726,FALSE,0,ecol_Potassium,Eco,0,0.470588235
26,pae_PhnR-2,Carbon Metabolism,3.297445255,0.039602083,0.30326508,0.151515152,12,7,FALSE,14.58333333,0,12,0,0.968953442,FALSE,0,pae_PhnR-2,Pae,51682,0.112860892
27,mtub_SigK,Carbon Metabolism,4.868613139,0.011657058,0.205397301,0.166666667,4,8,FALSE,3.5,0,4,0,0.947721444,FALSE,0,mtub_SigK,Mtu,12368,0.3
27,salb_SigK,Carbon Metabolism,5.00729927,0,0.199708455,1,2,9,FALSE,5,0,2,0,0.945847307,FALSE,0,salb_SigK,Sal,0,0.625
27,ecol_YieP,Carbon Metabolism,4.631386861,0.004943683,0.215918046,0,3,8,FALSE,7.666666667,0,3,0,0.950927205,FALSE,0,ecol_YieP,Eco,4570,0.333333333
27,pae_RiPP,Carbon Metabolism,5.067518248,0,0.197335254,0,1,9,FALSE,6,0,1,0,0.945033537,FALSE,0,pae_RiPP,Pae,0,0
27,sac_carotenoid,Carbon Metabolism,4.069343066,0.020664183,0.24573991,0.066666667,6,8,FALSE,4.833333333,0,6,0,0.958522391,FALSE,0,sac_carotenoid,sac,23526,0.18115942
28,pae_CysB-1,Carbon Metabolism,3.640510949,0.017300097,0.274686717,0.222222222,9,7,FALSE,10.11111111,0,9,0,0.96431742,FALSE,0,pae_CysB-1,Pae,20630,0.15042735
28,salb_CysB,Carbon Metabolism,4.01459854,0.011053024,0.249090909,0.196969697,12,8,FALSE,7,0,12,0,0.959262182,FALSE,0,salb_CysB,Sal,17478,0.189814815
28,pae_AHL,Carbon Metabolism,4.421532847,8.63E-05,0.22616591,0.833333333,4,8,FALSE,9.5,0,4,0,0.95376307,FALSE,0,pae_AHL,Pae,270,0.413043478
28,ecol_Sulfate,Carbon Metabolism,4.405109489,1.48E-04,0.227009114,0.666666667,6,8,FALSE,8.5,0,6,0,0.953985007,FALSE,0,ecol_Sulfate,Eco,436,0.354166667
28,pae_AtsR,Carbon Metabolism,4.122262774,0.002329002,0.242585215,0.6,5,8,FALSE,11,0,5,0,0.95780726,FALSE,0,pae_AtsR,Pae,3326,0.297297297
29,sen_lsrR,Carbon Metabolism,4.607664234,0.004541928,0.217029703,0.333333333,3,8,FALSE,7.333333333,0,3,0,0.951247781,FALSE,0,sen_lsrR,Sen,4478,0.368421053
29,pae_Uncharacterized-7,Carbon Metabolism,4.987226277,0.004612711,0.200512258,0.166666667,4,9,FALSE,3,0,4,0,0.946118564,FALSE,0,pae_Uncharacterized-7,Pae,4540,0.3125
29,ecol_Quorum Sensing,Carbon Metabolism,4.791970803,0.003800326,0.208682407,0.166666667,4,8,FALSE,4.25,0,4,0,0.948757151,FALSE,0,ecol_Quorum Sensing,Eco,3396,0.288461538
29,sac_single_gene_2,Carbon Metabolism,4.863138686,0.001871856,0.205628518,0,2,8,FALSE,7,0,2,0,0.947795423,FALSE,0,sac_single_gene_2,sac,1222,0.5
29,ecol_lsrB KO,Carbon Metabolism,5.98540146,0,0.167073171,0,1,10,FALSE,4,0,1,0,0.93262971,FALSE,0,ecol_lsrB KO,Eco,0,0
30,sen_argR-2,Carbon Metabolism,4.437956204,0.001201665,0.225328947,0.7,5,8,FALSE,7,0,5,0,0.953541132,FALSE,0,sen_argR-2,Sen,2666,0.368421053
30,ecol_Arginine,Carbon Metabolism,4.21350365,0.006071742,0.237332178,0.428571429,7,8,FALSE,6.428571429,0,7,0,0.956574275,FALSE,0,ecol_Arginine,Eco,8876,0.251428571
30,mtub_ArgR,Carbon Metabolism,4.359489051,0.003936474,0.22938468,0.428571429,7,8,FALSE,6.714285714,0,7,0,0.954601499,FALSE,0,mtub_ArgR,Mtu,6826,0.252747253
30,sen_yji-operon,Carbon Metabolism,5.474452555,0,0.182666667,0,1,9,FALSE,7,0,1,0,0.939534425,FALSE,0,sen_yji-operon,Sen,0,0
30,sac_Arginine,Carbon Metabolism,4.476277372,0.007388417,0.223399918,0.142857143,7,8,FALSE,6,0,7,0,0.953023279,FALSE,0,sac_Arginine,sac,10120,0.208791209
31,sen_SG4_hilC,Carbon Metabolism,4.582116788,0.007423331,0.218239745,0.133333333,6,8,FALSE,3.333333333,0,6,0,0.951593016,FALSE,0,sen_SG4_hilC,Sen,7760,0.217948718
31,sen_hilD-related,Carbon Metabolism,4.255474453,0.002475925,0.234991424,0.333333333,4,7,FALSE,4.25,0,4,0,0.956007102,FALSE,0,sen_hilD-related,Sen,4518,0.333333333
31,ecol_ROS TALE Amp,Carbon Metabolism,4.189781022,0.003006528,0.238675958,0.333333333,3,7,FALSE,5.666666667,0,3,0,0.956894851,FALSE,0,ecol_ROS TALE Amp,Eco,3864,0.41025641
31,ecol_rcsB KO,Carbon Metabolism,5.580291971,0,0.179202093,0,1,9,FALSE,6,0,1,0,0.938104163,FALSE,0,ecol_rcsB KO,Eco,0,0
31,ecol_EvgA,Carbon Metabolism,4.52189781,0.008551742,0.221146086,0.166666667,4,8,FALSE,7.75,0,4,0,0.952406786,FALSE,0,ecol_EvgA,Eco,10734,0.278846154
32,mtub_Zur,Carbon Metabolism,4.516423358,0.008083117,0.221414141,0.2,6,8,FALSE,5,0,6,0,0.952480765,FALSE,0,mtub_Zur,Mtu,8738,0.25
32,sen_zur,Carbon Metabolism,4.505474453,0.00234655,0.221952207,0.6,5,8,FALSE,6.8,0,5,0,0.952628724,FALSE,0,sen_zur,Sen,5904,0.323809524
32,pae_Zur-1,Carbon Metabolism,5.501824818,0,0.181757877,1,2,9,FALSE,5,0,2,0,0.939164529,FALSE,0,pae_Zur-1,Pae,0,1
32,ecol_Zinc-1,Carbon Metabolism,4.505474453,0.00234655,0.221952207,0.6,5,8,FALSE,6.8,0,5,0,0.952628724,FALSE,0,ecol_Zinc-1,Eco,5904,0.323809524
32,pae_Zur-2,Carbon Metabolism,4.149635036,0.00645379,0.240985048,0.357142857,8,8,FALSE,9.875,0,8,0,0.957437364,FALSE,0,pae_Zur-2,Pae,12548,0.240853659
33,sen_SG1_STM4302,Carbon Metabolism,4.332116788,0,0.230834035,0,1,8,FALSE,22,0,1,0,0.954971395,FALSE,0,sen_SG1_STM4302,Sen,0,0
33,mtub_Unc_4,Carbon Metabolism,4.332116788,0,0.230834035,0,1,8,FALSE,22,0,1,0,0.954971395,FALSE,0,mtub_Unc_4,Mtu,0,0
33,salb_Candicidin/Antimycin,Carbon Metabolism,3.153284672,0.007595822,0.31712963,0.318681319,14,6,FALSE,21.21428571,0,14,0,0.970901558,FALSE,0,salb_Candicidin/Antimycin,Sal,22992,0.140491958
33,ecol_PaaX,Carbon Metabolism,3.357664234,0.005462762,0.297826087,0.311111111,10,7,FALSE,18.5,0,10,0,0.968139673,FALSE,0,ecol_PaaX,Eco,14342,0.162831858
33,sac_Phenylacetate,Carbon Metabolism,3.333941606,0.035181671,0.299945265,0.121212121,22,7,FALSE,10.59090909,0,22,0,0.968460249,FALSE,0,sac_Phenylacetate,sac,75080,0.102846648
34,sen_SG3_cpxR,Carbon Metabolism,5.054744526,0,0.197833935,1,3,9,FALSE,6,0,3,0,0.945206155,FALSE,0,sen_SG3_cpxR,Sen,0,0.545454545
34,pae_XisF4-1,Carbon Metabolism,5.968978102,0,0.167532865,0,1,10,FALSE,6,0,1,0,0.932851647,FALSE,0,pae_XisF4-1,Pae,0,0
34,pae_CzcR,Carbon Metabolism,4.072992701,0.025275243,0.245519713,0.178571429,8,8,FALSE,8.375,0,8,0,0.958473072,FALSE,0,pae_CzcR,Pae,37804,0.159313725
34,salb_UC-8,Carbon Metabolism,4.97080292,0.005377898,0.201174743,0.266666667,6,9,FALSE,5.166666667,0,6,0,0.946340501,FALSE,0,salb_UC-8,Sal,8406,0.241666667
34,ecol_CpxR,Carbon Metabolism,5.051094891,2.52E-04,0.197976879,0.5,4,9,FALSE,5,0,4,0,0.945255474,FALSE,0,ecol_CpxR,Eco,504,0.431818182
35,sen_NikR,Carbon Metabolism,4.600364964,0,0.217374058,1,3,8,FALSE,9,0,3,0,0.951346419,FALSE,0,sen_NikR,Sen,0,0.692307692
35,ecol_ROS TALE Del-2,Carbon Metabolism,3.885036496,0.001014217,0.257397839,0.7,5,7,FALSE,13.4,0,5,0,0.96101302,FALSE,0,ecol_ROS TALE Del-2,Eco,3046,0.285106383
35,ecol_NtrC-1,Carbon Metabolism,3.726277372,0.00549343,0.268364349,0.333333333,9,7,FALSE,11,0,9,0,0.963158414,FALSE,0,ecol_NtrC-1,Eco,10368,0.180327869
35,ecol_Dipeptide,Carbon Metabolism,3.686131387,0.004911022,0.271287129,0.416666667,9,7,FALSE,11.88888889,0,9,0,0.963700927,FALSE,0,ecol_Dipeptide,Eco,11632,0.16984127
35,ecol_Nickel,Carbon Metabolism,3.768248175,0.007512284,0.265375303,0.361111111,9,7,FALSE,10.88888889,0,9,0,0.962591241,FALSE,0,ecol_Nickel,Eco,13878,0.165811966
36,ecol_ydfB,Carbon Metabolism,4.675182482,0,0.213895394,0,1,8,FALSE,18,0,1,0,0.950335372,FALSE,0,ecol_ydfB,Eco,0,0
36,sen_unchar-9,Carbon Metabolism,4.414233577,0.00260211,0.226539893,0,2,8,FALSE,15.5,0,2,0,0.953861708,FALSE,0,sen_unchar-9,Sen,2004,0.5
36,ecol_trxC Del,Carbon Metabolism,4.333941606,0.002155438,0.230736842,0,3,8,FALSE,10.66666667,0,3,0,0.954946735,FALSE,0,ecol_trxC Del,Eco,3962,0.345238095
36,pae_Singlet-10,Carbon Metabolism,4.675182482,0,0.213895394,0,1,8,FALSE,18,0,1,0,0.950335372,FALSE,0,pae_Singlet-10,Pae,0,0
36,sac_Fe-S-lipoylation,Carbon Metabolism,3.677007299,0.06305538,0.271960298,0.019607843,18,7,FALSE,4.333333333,0,18,0,0.963824226,FALSE,0,sac_Fe-S-lipoylation,sac,105238,0.074829932
37,mtub_Rv1776c+WhiB4,Carbon Metabolism,5.363138686,0.001122307,0.186457979,0.5,4,9,FALSE,5,0,4,0,0.941038666,FALSE,0,mtub_Rv1776c+WhiB4,Mtu,1186,0.475
37,sen_rpoH,Carbon Metabolism,4.629562044,0.005052159,0.216003153,0.6,5,8,FALSE,6.8,0,5,0,0.950951864,FALSE,0,sen_rpoH,Sen,14054,0.309090909
37,mtub_GroEL-GroES Complex,Carbon Metabolism,5.624087591,0,0.177806619,1,3,9,FALSE,4.666666667,0,3,0,0.93751233,FALSE,0,mtub_GroEL-GroES Complex,Mtu,0,0.933333333
37,pae_RpoH,Carbon Metabolism,5.578467153,4.58E-05,0.179260713,0.833333333,4,9,FALSE,4.25,0,4,0,0.938128822,FALSE,0,pae_RpoH,Pae,56,0.708333333
37,ecol_RpoH,Carbon Metabolism,4.629562044,0.005052159,0.216003153,0.6,5,8,FALSE,6.8,0,5,0,0.950951864,FALSE,0,ecol_RpoH,Eco,14054,0.309090909
38,sen_cadC,Carbon Metabolism,4.164233577,0.002098494,0.240140228,0,3,7,FALSE,6.333333333,0,3,0,0.957240087,FALSE,0,sen_cadC,Sen,3164,0.355555556
38,sen_tdcA,Carbon Metabolism,4.788321168,0.001809992,0.208841463,0.333333333,4,8,FALSE,4,0,4,0,0.948806471,FALSE,0,sen_tdcA,Sen,3498,0.363636364
38,sen_rpoN-associated,Carbon Metabolism,4.664233577,5.98E-04,0.214397496,0,2,8,FALSE,7,0,2,0,0.95048333,FALSE,0,sen_rpoN-associated,Sen,1102,0.545454545
38,ecol_Thr/Ser-2,Carbon Metabolism,5.483576642,0,0.182362729,1,2,9,FALSE,4.5,0,2,0,0.939411126,FALSE,0,ecol_Thr/Ser-2,Eco,0,0.642857143
38,ecol_Thr/Ser-1,Carbon Metabolism,4.607664234,0.003550066,0.217029703,0.1,5,8,FALSE,4,0,5,0,0.951247781,FALSE,0,ecol_Thr/Ser-1,Eco,4528,0.242857143
39,sen_SPI2,Carbon Metabolism,1.75,0,0.571428571,0,1,2,FALSE,4,0,1,0,0.8125,FALSE,0,sen_SPI2,Sen,0,0
39,ecol_gcvB,Carbon Metabolism,1.75,0,0.571428571,0,1,2,FALSE,4,0,1,0,0.8125,FALSE,0,ecol_gcvB,Eco,0,0
39,sen_SPI1-1,Carbon Metabolism,1.75,0,0.571428571,0,1,2,FALSE,4,0,1,0,0.8125,FALSE,0,sen_SPI1-1,Sen,0,0
39,pae_ExsB,Carbon Metabolism,1,1,1,0,4,1,FALSE,1,0,4,0,1,FALSE,0,pae_ExsB,Pae,12,0
39,sen_SPI1-2,Carbon Metabolism,1.75,0,0.571428571,0,1,2,FALSE,4,0,1,0,0.8125,FALSE,0,sen_SPI1-2,Sen,0,0
40,ecol_NrdR,Carbon Metabolism,4.855839416,0,0.205937617,0,1,8,FALSE,11,0,1,0,0.947894062,FALSE,0,ecol_NrdR,Eco,0,0
40,ecol_yjjZ,Carbon Metabolism,4.660583942,6.82E-05,0.214565388,0,2,8,FALSE,9.5,0,2,0,0.950532649,FALSE,0,ecol_yjjZ,Eco,128,0.53125
40,sen_fur-1,Carbon Metabolism,3.857664234,0.009149307,0.259224219,0.181818182,11,7,FALSE,7.636363636,0,11,0,0.961382916,FALSE,0,sen_fur-1,Sen,12572,0.171247357
40,pae_FpvR,Carbon Metabolism,3.72080292,0.002420153,0.268759196,0,3,7,FALSE,19.33333333,0,3,0,0.963232393,FALSE,0,pae_FpvR,Pae,3980,0.352564103
41,sen_proU,Carbon Metabolism,4.27919708,0.005114964,0.233688699,0.333333333,4,7,FALSE,6.75,0,4,0,0.955686526,FALSE,0,sen_proU,Sen,8116,0.295454545
41,ecol_Osmoprotectant,Carbon Metabolism,4.392335766,0.004325198,0.227669298,0.333333333,4,7,FALSE,5.25,0,4,0,0.954157625,FALSE,0,ecol_Osmoprotectant,Eco,5766,0.3125
41,salb_SGR PTM,Carbon Metabolism,4.490875912,0.006609573,0.22267371,0,4,8,FALSE,5,0,4,0,0.952826001,FALSE,0,salb_SGR PTM,Sal,6746,0.25
41,pae_HutC,Carbon Metabolism,5.054744526,0.004673968,0.197833935,0.166666667,4,8,FALSE,3.25,0,4,0,0.945206155,FALSE,0,pae_HutC,Pae,6996,0.34375
42,ecol_Oxidoreductase,Carbon Metabolism,4.520072993,0,0.221235365,0,1,8,FALSE,18,0,1,0,0.952431446,FALSE,0,ecol_Oxidoreductase,Eco,0,0
42,salb_SAL-2242,Carbon Metabolism,4.520072993,0,0.221235365,0,1,8,FALSE,18,0,1,0,0.952431446,FALSE,0,salb_SAL-2242,Sal,0,0
42,ecol_pgi KO,Carbon Metabolism,3.531021898,0.001568056,0.283204134,0,2,7,FALSE,46,0,2,0,0.965797001,FALSE,0,ecol_pgi KO,Eco,3286,0.505617978
42,sac_SoxLABCD,Carbon Metabolism,3.52189781,0.030670197,0.283937824,0.104575163,18,7,FALSE,8.333333333,0,18,0,0.9659203,FALSE,0,sac_SoxLABCD,sac,45104,0.097560976
43,sen_cob,Carbon Metabolism,4.748175182,0,0.210607225,0,1,8,FALSE,13,0,1,0,0.949348984,FALSE,0,sen_cob,Sen,0,0
43,salb_UC-14,Carbon Metabolism,3.558394161,0.005548477,0.281025641,0,3,6,FALSE,30,0,3,0,0.965427106,FALSE,0,salb_UC-14,Sal,8330,0.337209302
43,sen_unchar-3,Carbon Metabolism,4.447080292,0.001251411,0.224866639,0,2,8,FALSE,12.5,0,2,0,0.953417834,FALSE,0,sen_unchar-3,Sen,1638,0.5
43,sac_Cobalamin,Carbon Metabolism,3.75,0.023198978,0.266666667,0.076923077,13,7,FALSE,5.230769231,0,13,0,0.962837838,FALSE,0,sac_Cobalamin,sac,35978,0.123481781
44,sen_pmrAB,Carbon Metabolism,4.593065693,0.001596437,0.217719507,0.5,4,8,FALSE,5.75,0,4,0,0.951445058,FALSE,0,sen_pmrAB,Sen,2122,0.359375
44,sen_SPI16,Carbon Metabolism,5.304744526,0,0.188510492,1,2,9,FALSE,4.5,0,2,0,0.941827777,FALSE,0,sen_SPI16,Sen,0,0.75
44,pae_PmrA,Carbon Metabolism,4.609489051,0.004394165,0.216943785,0.333333333,4,8,FALSE,6.25,0,4,0,0.951223121,FALSE,0,pae_PmrA,Pae,5434,0.333333333
44,ecol_BasR,Carbon Metabolism,4.591240876,0.00337365,0.217806041,0.4,5,8,FALSE,4.8,0,5,0,0.951469718,FALSE,0,ecol_BasR,Eco,4018,0.3
45,ecol_IS Elements-1,Carbon Metabolism,6.653284672,0,0.1503017,0,1,10,FALSE,3,0,1,0,0.923604261,FALSE,0,ecol_IS Elements-1,Eco,0,0
45,ecol_IS5,Carbon Metabolism,4.664233577,0.010908873,0.214397496,0,2,8,FALSE,10.5,0,2,0,0.95048333,FALSE,0,ecol_IS5,Eco,15690,0.5
45,ecol_IS Elements-2,Carbon Metabolism,5.655109489,0.007292598,0.176831236,0,3,9,FALSE,1.333333333,0,3,0,0.937093115,FALSE,0,ecol_IS Elements-2,Eco,10466,0.333333333
45,ecol_IS1,Carbon Metabolism,6.653284672,0,0.1503017,0,1,10,FALSE,3,0,1,0,0.923604261,FALSE,0,ecol_IS1,Eco,0,0
46,sen_phoB,Carbon Metabolism,4.145985401,6.69E-05,0.241197183,0.833333333,4,7,FALSE,6.5,0,4,0,0.957486684,FALSE,0,sen_phoB,Sen,146,0.40625
46,ecol_Phosphate-2,Carbon Metabolism,3.848540146,0.003638402,0.259838786,0.3,5,7,FALSE,11.4,0,5,0,0.961506214,FALSE,0,ecol_Phosphate-2,Eco,5222,0.25
46,ecol_Phosphate-1,Carbon Metabolism,4.26459854,0,0.234488661,1,3,8,FALSE,7.333333333,0,3,0,0.955883804,FALSE,0,ecol_Phosphate-1,Eco,0,0.523809524
46,salb_Phosphate,Carbon Metabolism,4.063868613,0.005312433,0.246070947,0.4,6,7,FALSE,5.5,0,6,0,0.95859637,FALSE,0,salb_Phosphate,Sal,6312,0.289473684
47,mtub_Unc_7,Carbon Metabolism,3.906934307,0.006964735,0.255955161,0,6,7,FALSE,7.333333333,0,6,0,0.960717104,FALSE,0,mtub_Unc_7,Mtu,8438,0.180952381
47,sac_Gly-Ser-Thr,Carbon Metabolism,4.131386861,1.74E-04,0.24204947,0,3,7,FALSE,7.666666667,0,3,0,0.957683961,FALSE,0,sac_Gly-Ser-Thr,sac,710,0.476190476
47,pae_Uncharacterized-2,Carbon Metabolism,4.211678832,0.006667876,0.237435009,0,4,8,FALSE,8.5,0,4,0,0.956598935,FALSE,0,pae_Uncharacterized-2,Pae,5796,0.25
47,pae_Uncharacterized-12,Carbon Metabolism,4.490875912,6.47E-04,0.22267371,0,2,8,FALSE,7.5,0,2,0,0.952826001,FALSE,0,pae_Uncharacterized-12,Pae,504,0.5
48,mtub_Peptidoglycan Biosynthesis,Carbon Metabolism,5.052919708,0.001842089,0.197905381,0.166666667,4,9,FALSE,4.75,0,4,0,0.945230815,FALSE,0,mtub_Peptidoglycan Biosynthesis,Mtu,1774,0.283333333
48,sen_mraZ,Carbon Metabolism,5.339416058,0,0.187286398,1,2,9,FALSE,5,0,2,0,0.941359242,FALSE,0,sen_mraZ,Sen,0,0.625
48,sen_CAMP resistance,Carbon Metabolism,5.45620438,0,0.183277592,0,1,9,FALSE,6,0,1,0,0.939781022,FALSE,0,sen_CAMP resistance,Sen,0,0
48,pae_Cell Division,Carbon Metabolism,4.458029197,0.009076614,0.224314368,0.266666667,6,8,FALSE,6.333333333,0,6,0,0.953269876,FALSE,0,pae_Cell Division,Pae,15734,0.293650794
49,sen_TPP,Carbon Metabolism,5.023722628,0.004328076,0.199055576,0.166666667,4,9,FALSE,2.75,0,4,0,0.94562537,FALSE,0,sen_TPP,Sen,4650,0.321428571
49,ecol_Thiamine-1,Carbon Metabolism,5.166058394,0,0.193571176,1,2,9,FALSE,4.5,0,2,0,0.943701914,FALSE,0,ecol_Thiamine-1,Eco,0,0.642857143
49,sac_Thiamin,Carbon Metabolism,4.224452555,0.011047786,0.236717063,0.1,5,8,FALSE,5.8,0,5,0,0.956426317,FALSE,0,sac_Thiamin,sac,12004,0.216666667
49,ecol_Thiamine-2,Carbon Metabolism,6.02189781,0,0.166060606,0,1,10,FALSE,4,0,1,0,0.932136516,FALSE,0,ecol_Thiamine-2,Eco,0,0
50,ecol_Glutarate,Carbon Metabolism,3.846715328,0.002495302,0.259962049,0.133333333,6,7,FALSE,9.833333333,0,6,0,0.961530874,FALSE,0,ecol_Glutarate,Eco,3338,0.227642276
50,pae_EatR,Carbon Metabolism,3.465328467,0.007113201,0.288572933,0.2,10,7,FALSE,12,0,10,0,0.96668475,FALSE,0,pae_EatR,Pae,10292,0.153246753
50,pae_CbrB,Carbon Metabolism,3.410583942,0.002695522,0.293204922,0.25,9,7,FALSE,16.22222222,0,9,0,0.967424541,FALSE,0,pae_CbrB,Pae,5884,0.179775281
50,ecol_Putrescine,Carbon Metabolism,3.813868613,6.62E-06,0.262200957,0.833333333,4,7,FALSE,13.75,0,4,0,0.961974748,FALSE,0,ecol_Putrescine,Eco,12,0.361842105
51,sen_purR-2,Carbon Metabolism,4.618613139,0.001780392,0.216515211,0.333333333,3,8,FALSE,6.333333333,0,3,0,0.951099822,FALSE,0,sen_purR-2,Sen,2530,0.375
51,sac_Pyroglutamate,Carbon Metabolism,3.857664234,0.019847543,0.259224219,0.155555556,10,7,FALSE,5.9,0,10,0,0.961382916,FALSE,0,sac_Pyroglutamate,sac,41144,0.189655172
51,ecol_Pyrimidine,Carbon Metabolism,4.781021898,0,0.209160305,1,2,8,FALSE,6.5,0,2,0,0.948905109,FALSE,0,ecol_Pyrimidine,Eco,0,0.590909091
52,ecol_YgeV,Carbon Metabolism,4.399635036,0.002363724,0.22729158,0,2,8,FALSE,14,0,2,0,0.954058986,FALSE,0,ecol_YgeV,Eco,2150,0.5
52,sac_unchar-1,Carbon Metabolism,5.02919708,0,0.198838897,0,1,8,FALSE,10,0,1,0,0.945551391,FALSE,0,sac_unchar-1,sac,0,0
52,salb_Nucleoside,Carbon Metabolism,4.031021898,0.023083594,0.248076053,0,10,7,FALSE,4.1,0,10,0,0.959040245,FALSE,0,salb_Nucleoside,Sal,22136,0.103333333
53,sac_HMG-CoA,Carbon Metabolism,4.410583942,3.52E-04,0.226727348,0.333333333,3,8,FALSE,6.333333333,0,3,0,0.953911028,FALSE,0,sac_HMG-CoA,sac,400,0.375
53,pae_NRPS,Carbon Metabolism,3.731751825,0.004271602,0.26797066,0.214285714,8,7,FALSE,11.625,0,8,0,0.963084435,FALSE,0,pae_NRPS,Pae,8872,0.194915254
53,pae_MvfR,Carbon Metabolism,4.166058394,0.002051203,0.240035042,0.166666667,4,8,FALSE,8.75,0,4,0,0.957215427,FALSE,0,pae_MvfR,Pae,3062,0.284482759
54,ecol_crp KO-1,Carbon Metabolism,4.386861314,6.45E-05,0.227953411,0,2,8,FALSE,12.5,0,2,0,0.954231604,FALSE,0,ecol_crp KO-1,Eco,314,0.71875
54,sac_pseudogene,Carbon Metabolism,3.569343066,0.019336799,0.280163599,0.064102564,13,7,FALSE,8.692307692,0,13,0,0.965279148,FALSE,0,sac_pseudogene,sac,42192,0.131513648
54,sac_Quinolinate,Carbon Metabolism,3.640510949,0.016943553,0.274686717,0.060606061,12,7,FALSE,9.083333333,0,12,0,0.96431742,FALSE,0,sac_Quinolinate,sac,31322,0.131510417
55,ecol_Glycolate,Carbon Metabolism,6.78649635,0,0.147351439,0,1,11,FALSE,2,0,1,0,0.921804103,FALSE,0,ecol_Glycolate,Eco,0,0
55,ecol_baeR KO,Carbon Metabolism,4.79379562,0.009741015,0.208602969,0.1,5,9,FALSE,5.8,0,5,0,0.948732492,FALSE,0,ecol_baeR KO,Eco,18512,0.288888889
55,sac_Replication,Carbon Metabolism,5.788321168,0.003649635,0.172761665,0,2,10,FALSE,3,0,2,0,0.935292957,FALSE,0,sac_Replication,sac,7578,0.5
56,ecol_Glyoxylate,Carbon Metabolism,3.866788321,5.07E-04,0.258612553,0.666666667,3,7,FALSE,15.33333333,0,3,0,0.961259617,FALSE,0,ecol_Glyoxylate,Eco,1528,0.37398374
56,ecol_Ile/Val,Carbon Metabolism,4.677007299,0,0.213811939,1,3,8,FALSE,12.66666667,0,3,0,0.950310712,FALSE,0,ecol_Ile/Val,Eco,0,0.633333333
56,sac_TCA-BCAA,Carbon Metabolism,3.824817518,0.017287924,0.261450382,0.205128205,13,7,FALSE,7.153846154,0,13,0,0.96182679,FALSE,0,sac_TCA-BCAA,sac,26160,0.161001789
57,ecol_LPS,Carbon Metabolism,4.379562044,0.017299105,0.228333333,0,5,8,FALSE,6.4,0,5,0,0.954330243,FALSE,0,ecol_LPS,Eco,28308,0.216
57,sen_O-antigen,Carbon Metabolism,5.348540146,0.003968233,0.186966905,0,2,9,FALSE,3.5,0,2,0,0.941235944,FALSE,0,sen_O-antigen,Sen,7012,0.5
57,pae_AmrZ,Carbon Metabolism,6.266423358,9.85E-04,0.159580664,0,2,10,FALSE,2.5,0,2,0,0.928832117,FALSE,0,pae_AmrZ,Pae,1382,0.5
58,ecol_PlaR,Carbon Metabolism,5.354014599,4.91E-04,0.186775733,0,2,9,FALSE,5.5,0,2,0,0.941161965,FALSE,0,ecol_PlaR,Eco,496,0.5
58,pae_Lrp,Carbon Metabolism,5.354014599,4.74E-04,0.186775733,0,2,9,FALSE,2.5,0,2,0,0.941161965,FALSE,0,pae_Lrp,Pae,440,0.5
58,pae_DguR,Carbon Metabolism,4.447080292,0.003766314,0.224866639,0,3,8,FALSE,4.333333333,0,3,0,0.953417834,FALSE,0,pae_DguR,Pae,4192,0.333333333
59,sen_rbsR,Carbon Metabolism,4.656934307,1.80E-05,0.214733542,0.833333333,4,8,FALSE,6.75,0,4,0,0.950581969,FALSE,0,sen_rbsR,Sen,36,0.421875
59,ecol_Ribose,Carbon Metabolism,4.689781022,0,0.213229572,1,3,8,FALSE,8,0,3,0,0.950138094,FALSE,0,ecol_Ribose,Eco,0,0.533333333
59,ecol_Xylose,Carbon Metabolism,4.51459854,9.42E-04,0.221503638,0.5,4,8,FALSE,8.25,0,4,0,0.952505425,FALSE,0,ecol_Xylose,Eco,978,0.380952381
60,pae_PprB,Carbon Metabolism,5.715328467,0.004436032,0.174968072,0,3,9,FALSE,2.333333333,0,3,0,0.936279345,FALSE,0,pae_PprB,Pae,5894,0.333333333
60,sen_SPI9,Carbon Metabolism,4.75,0.007093494,0.210526316,0,2,8,FALSE,8.5,0,2,0,0.949324324,FALSE,0,sen_SPI9,Sen,9500,0.5
60,sac_UV-tfb3,Carbon Metabolism,6.71350365,0,0.14895352,0,1,10,FALSE,3,0,1,0,0.922790491,FALSE,0,sac_UV-tfb3,sac,0,0
61,ecol_Purine,Carbon Metabolism,5.383211679,0,0.185762712,1,2,9,FALSE,3.5,0,2,0,0.94076741,FALSE,0,ecol_Purine,Eco,0,0.7
61,sen_purR-1,Carbon Metabolism,4.662408759,0.00283534,0.214481409,0.333333333,3,8,FALSE,5.333333333,0,3,0,0.95050799,FALSE,0,sen_purR-1,Sen,5190,0.384615385
61,sac_Purine,Carbon Metabolism,4.616788321,0.003187265,0.216600791,0.166666667,4,8,FALSE,4.75,0,4,0,0.951124482,FALSE,0,sac_Purine,sac,3346,0.283333333
62,ecol_Hot TALE 16,Carbon Metabolism,4.001824818,3.79E-04,0.249886001,0,2,7,FALSE,20,0,2,0,0.9594348,FALSE,0,ecol_Hot TALE 16,Eco,1018,0.527777778
62,ecol_ymgI,Carbon Metabolism,4.959854015,0,0.201618837,0,1,8,FALSE,6,0,1,0,0.946488459,FALSE,0,ecol_ymgI,Eco,0,0
62,sac_YtrA,Carbon Metabolism,3.961678832,0.004888819,0.25241824,0,6,7,FALSE,5.333333333,0,6,0,0.959977313,FALSE,0,sac_YtrA,sac,9422,0.196969697
63,sen_csgD,Carbon Metabolism,3.509124088,0.005102772,0.284971399,0.1,5,7,FALSE,22.2,0,5,0,0.966092918,FALSE,0,sen_csgD,Sen,5774,0.232258065
63,ecol_Curli-1,Carbon Metabolism,3.894160584,0.002742192,0.256794752,0,4,7,FALSE,12.25,0,4,0,0.960889722,FALSE,0,ecol_Curli-1,Eco,5734,0.261627907
63,ecol_Curli-2,Carbon Metabolism,4.50729927,0,0.221862348,0,1,8,FALSE,5,0,1,0,0.952604064,FALSE,0,ecol_Curli-2,Eco,0,0
64,ecol_OxyR,Carbon Metabolism,3.881386861,0.008394874,0.257639868,0.133333333,6,7,FALSE,8.833333333,0,6,0,0.96106234,FALSE,0,ecol_OxyR,Eco,12684,0.189393939
64,mtub_Fumarate Reductase,Carbon Metabolism,3.412408759,0.016018671,0.293048128,0.19047619,7,7,FALSE,18.42857143,0,7,0,0.967399882,FALSE,0,mtub_Fumarate Reductase,Mtu,24614,0.170894526
64,pae_Uncharacterized-3,Carbon Metabolism,4.131386861,2.37E-04,0.24204947,0.666666667,3,7,FALSE,10.33333333,0,3,0,0.957683961,FALSE,0,pae_Uncharacterized-3,Pae,410,0.382716049
65,ecol_ldrD,Carbon Metabolism,4.531021898,0,0.220700765,1,2,8,FALSE,4.5,0,2,0,0.952283488,FALSE,0,ecol_ldrD,Eco,0,0.642857143
65,ecol_ldrC,Carbon Metabolism,3.72810219,0.005441522,0.268232991,0.133333333,6,7,FALSE,12.83333333,0,6,0,0.963133754,FALSE,0,ecol_ldrC,Eco,7932,0.211864407
65,ecol_ldrA,Carbon Metabolism,4.078467153,0.001492486,0.245190157,0.333333333,3,8,FALSE,10.66666667,0,3,0,0.958399093,FALSE,0,ecol_ldrA,Eco,1904,0.356321839
66,sen_marR,Carbon Metabolism,5.859489051,0.007292598,0.170663345,0,3,9,FALSE,2,0,3,0,0.934331229,FALSE,0,sen_marR,Sen,7834,0.333333333
66,ecol_Salicylic Acid,Carbon Metabolism,6.857664234,0,0.145822246,0,1,10,FALSE,3,0,1,0,0.920842375,FALSE,0,ecol_Salicylic Acid,Eco,0,0
66,ecol_Superoxide,Carbon Metabolism,6.857664234,0,0.145822246,0,1,10,FALSE,3,0,1,0,0.920842375,FALSE,0,ecol_Superoxide,Eco,0,0
67,sen_unchar-1,Carbon Metabolism,6.399635036,0,0.156258911,1,2,10,FALSE,2.5,0,2,0,0.927031959,FALSE,0,sen_unchar-1,Sen,0,0.833333333
67,sen_gutM,Carbon Metabolism,5.403284672,0.007285926,0.185072611,0.333333333,3,9,FALSE,4.333333333,0,3,0,0.940496153,FALSE,0,sen_gutM,Sen,7232,0.4
67,ecol_Sorbitol,Carbon Metabolism,6.399635036,0,0.156258911,1,2,10,FALSE,2.5,0,2,0,0.927031959,FALSE,0,ecol_Sorbitol,Eco,0,0.833333333
68,ecol_NO Stress,Carbon Metabolism,3.965328467,0.010661821,0.252185918,0.047619048,7,7,FALSE,6.285714286,0,7,0,0.959927994,FALSE,0,ecol_NO Stress,Eco,12968,0.150579151
68,mtub_Rv0135+Rv1019,Carbon Metabolism,3.481751825,0.009106228,0.28721174,0.047619048,7,6,FALSE,12.57142857,0,7,0,0.966462813,FALSE,0,mtub_Rv0135+Rv1019,Mtu,11826,0.16023166
68,sen_nsrR,Carbon Metabolism,3.906934307,0.00365474,0.255955161,0.1,5,7,FALSE,9.2,0,5,0,0.960717104,FALSE,0,sen_nsrR,Sen,4384,0.215
69,sen_pdu,Carbon Metabolism,5.193430657,0,0.192550949,0,1,8,FALSE,3,0,1,0,0.943332018,FALSE,0,sen_pdu,Sen,0,0
69,ecol_yneP,Carbon Metabolism,3.512773723,0.003503775,0.284675325,0.333333333,3,7,FALSE,37,0,3,0,0.966043598,FALSE,0,ecol_yneP,Eco,3524,0.37414966
69,sen_argR-1,Carbon Metabolism,4.195255474,0.003670283,0.238364506,0,3,7,FALSE,4.666666667,0,3,0,0.956820872,FALSE,0,sen_argR-1,Sen,3718,0.333333333
70,sen_tricarboxylic transport,Carbon Metabolism,4.162408759,2.07E-04,0.240245506,0,2,7,FALSE,12.5,0,2,0,0.957264746,FALSE,0,sen_tricarboxylic transport,Sen,350,0.522727273
70,salb_Surugamide-1,Carbon Metabolism,3.167883212,0.052989298,0.315668203,0.110671937,23,6,FALSE,10.95652174,0,23,0,0.970704281,FALSE,0,salb_Surugamide-1,Sal,87774,0.08139915
70,salb_Stress Response,Carbon Metabolism,3.848540146,6.40E-04,0.259838786,0,2,7,FALSE,18.5,0,2,0,0.961506214,FALSE,0,salb_Stress Response,Sal,832,0.514705882
71,ecol_PAL Amp,Carbon Metabolism,5.255474453,0,0.190277778,0,1,9,FALSE,8,0,1,0,0.942493588,FALSE,0,ecol_PAL Amp,Eco,0,0
71,ecol_Galactose,Carbon Metabolism,4.574817518,4.23E-04,0.218587954,0.333333333,3,8,FALSE,8.333333333,0,3,0,0.951691655,FALSE,0,ecol_Galactose,Eco,462,0.421052632
71,salb_Galactose,Carbon Metabolism,4.25729927,0.01107834,0.234890699,0.214285714,8,8,FALSE,5.5,0,8,0,0.955982442,FALSE,0,salb_Galactose,Sal,16958,0.189814815
72,sen_lldR,Carbon Metabolism,4.987226277,2.52E-04,0.200512258,0,2,8,FALSE,3.5,0,2,0,0.946118564,FALSE,0,sen_lldR,Sen,234,0.5
72,mtub_Mycofactocin Synthesis Pathway,Carbon Metabolism,4.173357664,0.003794995,0.239615216,0,4,7,FALSE,4.5,0,4,0,0.957116788,FALSE,0,mtub_Mycofactocin Synthesis Pathway,Mtu,4316,0.269230769
72,pae_Anr-4,Carbon Metabolism,4.662408759,0.001384727,0.214481409,0,3,8,FALSE,7,0,3,0,0.95050799,FALSE,0,pae_Anr-4,Pae,1438,0.352941176
73,mtub_LysG,Carbon Metabolism,4.204379562,0.002295691,0.237847222,0.333333333,3,8,FALSE,9.333333333,0,3,0,0.956697573,FALSE,0,mtub_LysG,Mtu,2868,0.375
73,sen_fhlA,Carbon Metabolism,4.468978102,3.39E-04,0.223764802,0.666666667,3,8,FALSE,8,0,3,0,0.953121918,FALSE,0,sen_fhlA,Sen,582,0.4
73,ecol_FHL,Carbon Metabolism,4.468978102,3.39E-04,0.223764802,0.666666667,3,8,FALSE,8,0,3,0,0.953121918,FALSE,0,ecol_FHL,Eco,582,0.4
74,mtub_HPT-2b Induced,Carbon Metabolism,7.025547445,0,0.142337662,0,1,11,FALSE,3,0,1,0,0.918573683,FALSE,0,mtub_HPT-2b Induced,Mtu,0,0
74,ecol_yafF,Carbon Metabolism,7.025547445,0,0.142337662,0,1,11,FALSE,3,0,1,0,0.918573683,FALSE,0,ecol_yafF,Eco,0,0
74,salb_Arsenate,Carbon Metabolism,6.027372263,0.007292598,0.165909779,0,3,10,FALSE,2,0,3,0,0.932062537,FALSE,0,salb_Arsenate,Sal,13254,0.333333333
75,ecol_sdh KO,Carbon Metabolism,4.883211679,0,0.204783259,0,1,8,FALSE,12,0,1,0,0.947524167,FALSE,0,ecol_sdh KO,Eco,0,0
75,sen_crp-1,Carbon Metabolism,3.885036496,0.021352646,0.257397839,0.090909091,12,7,FALSE,6.083333333,0,12,0,0.96101302,FALSE,0,sen_crp-1,Sen,30704,0.119565217
75,ecol_UC-3,Carbon Metabolism,3.468978102,0.005684371,0.288269332,0.166666667,4,6,FALSE,31.25,0,4,0,0.966635431,FALSE,0,ecol_UC-3,Eco,12702,0.295673077
76,ecol_Acetate,Carbon Metabolism,3.401459854,0.009261676,0.293991416,0.2,11,7,FALSE,13.54545455,0,11,0,0.96754784,FALSE,0,ecol_Acetate,Eco,15998,0.136363636
76,pae_ErbR-1,Carbon Metabolism,3.427007299,0.008242112,0.291799787,0.222222222,10,7,FALSE,14.6,0,10,0,0.967202604,FALSE,0,pae_ErbR-1,Pae,16722,0.146464646
76,salb_Chaplin,Carbon Metabolism,3.640510949,0.004878435,0.274686717,0.2,6,7,FALSE,12.83333333,0,6,0,0.96431742,FALSE,0,salb_Chaplin,Sal,7002,0.202185792
77,ecol_PAL 26 Del,Carbon Metabolism,4.173357664,0.002991674,0.239615216,0.166666667,4,8,FALSE,5,0,4,0,0.957116788,FALSE,0,ecol_PAL 26 Del,Eco,3894,0.3
77,pae_HexR-2,Carbon Metabolism,3.802919708,0.00834857,0.262955854,0.133333333,6,7,FALSE,9.333333333,0,6,0,0.962122707,FALSE,0,pae_HexR-2,Pae,10100,0.2
77,salb_Glucose,Carbon Metabolism,3.439781022,0.004629064,0.29071618,0.2,5,7,FALSE,24.8,0,5,0,0.967029986,FALSE,0,salb_Glucose,Sal,9228,0.238834951
78,sen_yjiAXY,Carbon Metabolism,5.895985401,0,0.169606933,0,1,9,FALSE,2,0,1,0,0.933838035,FALSE,0,sen_yjiAXY,Sen,0,0
78,ecol_Pyruvate-1,Carbon Metabolism,4.897810219,0.003649635,0.204172876,0,2,8,FALSE,2.5,0,2,0,0.947326889,FALSE,0,ecol_Pyruvate-1,Eco,3756,0.5
78,sac_unchar-3,Carbon Metabolism,3.903284672,0.008436544,0.256194483,0,4,7,FALSE,9.75,0,4,0,0.960766423,FALSE,0,sac_unchar-3,sac,9442,0.265151515
79,mtub_M-box,Carbon Metabolism,5.105839416,0,0.195854182,0,1,8,FALSE,5,0,1,0,0.944515684,FALSE,0,mtub_M-box,Mtu,0,0
79,mtub_MprA,Carbon Metabolism,4.107664234,0.009482248,0.243447357,0,5,7,FALSE,5,0,5,0,0.958004537,FALSE,0,mtub_MprA,Mtu,11288,0.2
79,mtub_SigC,Carbon Metabolism,3.50729927,0.007399759,0.285119667,0.133333333,6,6,FALSE,19.83333333,0,6,0,0.966117577,FALSE,0,mtub_SigC,Mtu,11690,0.222222222
80,sen_prpR,Carbon Metabolism,3.78649635,0.00258232,0.264096386,0.5,5,7,FALSE,15.8,0,5,0,0.962344644,FALSE,0,sen_prpR,Sen,5416,0.272413793
80,mtub_PrpR,Carbon Metabolism,4.693430657,1.38E-04,0.213063764,0.666666667,3,8,FALSE,5,0,3,0,0.950088775,FALSE,0,mtub_PrpR,Mtu,420,0.555555556
80,ecol_Propionate,Carbon Metabolism,3.903284672,0.00614537,0.256194483,0.333333333,6,7,FALSE,9.666666667,0,6,0,0.960766423,FALSE,0,ecol_Propionate,Eco,11228,0.256756757
81,sen_hyd5,Carbon Metabolism,4.647810219,9.54E-04,0.215155084,0.333333333,3,8,FALSE,5.333333333,0,3,0,0.950705267,FALSE,0,sen_hyd5,Sen,934,0.384615385
81,sen_appY,Carbon Metabolism,3.892335766,0.015386162,0.256915143,0.083333333,9,7,FALSE,6.555555556,0,9,0,0.960914382,FALSE,0,sen_appY,Sen,17790,0.142118863
81,ecol_Microaerobic,Carbon Metabolism,4.857664234,0,0.205860255,1,2,8,FALSE,6,0,2,0,0.947869402,FALSE,0,ecol_Microaerobic,Eco,0,0.6
82,ecol_Nucleotide Stress,Carbon Metabolism,3.644160584,0.007285926,0.274411617,0,2,7,FALSE,38,0,2,0,0.9642681,FALSE,0,ecol_Nucleotide Stress,Eco,6804,0.5
82,sen_ppGpp,Carbon Metabolism,4.638686131,0.003649635,0.215578285,0,2,8,FALSE,1.5,0,2,0,0.950828566,FALSE,0,sen_ppGpp,Sen,3404,0.5
82,ecol_ppGpp,Carbon Metabolism,5.636861314,0,0.177403691,0,1,9,FALSE,2,0,1,0,0.937339712,FALSE,0,ecol_ppGpp,Eco,0,0
83,ecol_DhaR,Carbon Metabolism,4.054744526,0.00327062,0.246624662,0,3,7,FALSE,10,0,3,0,0.958719669,FALSE,0,ecol_DhaR,Eco,2800,0.333333333
83,sen_PTS,Carbon Metabolism,4.79379562,4.38E-04,0.208602969,0,2,8,FALSE,3,0,2,0,0.948732492,FALSE,0,sen_PTS,Sen,456,0.5
83,ecol_Crp-2,Carbon Metabolism,4.572992701,0.001236941,0.21867518,0,3,8,FALSE,7.666666667,0,3,0,0.951716315,FALSE,0,ecol_Crp-2,Eco,1246,0.37037037
84,salb_Xylose,Carbon Metabolism,4.109489051,0.007718528,0.243339254,0.166666667,9,8,FALSE,7.555555556,0,9,0,0.957979878,FALSE,0,salb_Xylose,Sal,9708,0.205882353
84,ecol_glrR KO,Carbon Metabolism,4.363138686,8.86E-04,0.229192806,0,2,8,FALSE,8,0,2,0,0.95455218,FALSE,0,ecol_glrR KO,Eco,1128,0.5
85,mtub_Nicotinate Metabolism,Carbon Metabolism,1,0,1,0,1,1,FALSE,1,0,1,0,1,FALSE,0,mtub_Nicotinate Metabolism,Mtu,0,0
85,sac_single_gene_4,Carbon Metabolism,1,0,1,0,1,1,FALSE,1,0,1,0,1,FALSE,0,sac_single_gene_4,sac,0,0
86,sen_unchar-6,Carbon Metabolism,5.175182482,0,0.193229901,0,1,8,FALSE,3,0,1,0,0.943578615,FALSE,0,sen_unchar-6,Sen,0,0
86,ecol_Magnesium,Carbon Metabolism,4.177007299,0.003864079,0.239405854,0,3,7,FALSE,6,0,3,0,0.957067469,FALSE,0,ecol_Magnesium,Eco,5064,0.333333333
87,sen_unchar-4,Carbon Metabolism,1,0,1,0,1,1,FALSE,1,0,1,0,1,FALSE,0,sen_unchar-4,Sen,0,0
87,ecol_UC-1,Carbon Metabolism,1,0,1,0,1,1,FALSE,1,0,1,0,1,FALSE,0,ecol_UC-1,Eco,0,0
88,ecol_tpiA KO,Carbon Metabolism,4.554744526,0,0.219551282,0,1,8,FALSE,4,0,1,0,0.951962912,FALSE,0,ecol_tpiA KO,Eco,0,0
88,pae_Uncharacterized-1,Carbon Metabolism,3.556569343,0.006164903,0.281169831,0.166666667,4,7,FALSE,26,0,4,0,0.965451766,FALSE,0,pae_Uncharacterized-1,Pae,6138,0.286516854
89,mtub_Rv0576,Carbon Metabolism,3.071167883,0.060544079,0.325609031,0.112554113,22,6,FALSE,14.5,0,22,0,0.972011245,FALSE,0,mtub_Rv0576,Mtu,105114,0.081353306
89,pae_Singlet-7,Carbon Metabolism,4.069343066,0,0.24573991,0,1,7,FALSE,22,0,1,0,0.958522391,FALSE,0,pae_Singlet-7,Pae,0,0
90,pae_Uncharacterized-10,Carbon Metabolism,6.461678832,0,0.154758543,0,1,10,FALSE,4,0,1,0,0.926193529,FALSE,0,pae_Uncharacterized-10,Pae,0,0
90,sac_ArnRAB,Carbon Metabolism,5.46350365,0.004765186,0.183032732,0.166666667,4,9,FALSE,3,0,4,0,0.939682383,FALSE,0,sac_ArnRAB,sac,5426,0.357142857
91,sen_birA,Carbon Metabolism,4.541970803,6.75E-04,0.220168742,0,2,8,FALSE,7.5,0,2,0,0.95213553,FALSE,0,sen_birA,Sen,862,0.5
91,ecol_Biotin,Carbon Metabolism,4.671532847,0.002890745,0.2140625,0,3,8,FALSE,6.333333333,0,3,0,0.950384691,FALSE,0,ecol_Biotin,Eco,3146,0.333333333
92,sen_unchar-2,Carbon Metabolism,5.374087591,0.003649635,0.186078098,0,2,9,FALSE,3,0,2,0,0.940890708,FALSE,0,sen_unchar-2,Sen,6022,0.5
92,pae_PA1226,Carbon Metabolism,6.372262774,0,0.156930126,0,1,10,FALSE,2,0,1,0,0.927401854,FALSE,0,pae_PA1226,Pae,0,0
93,sen_fra,Carbon Metabolism,5.009124088,0,0.199635701,0,1,8,FALSE,4,0,1,0,0.945822647,FALSE,0,sen_fra,Sen,0,0
93,pae_PtxS,Carbon Metabolism,4.010948905,0.005246734,0.249317561,0.166666667,4,7,FALSE,8.25,0,4,0,0.959311501,FALSE,0,pae_PtxS,Pae,5718,0.287037037
94,sac_niacin-transport,Carbon Metabolism,4.627737226,1.20E-04,0.216088328,0,2,7,FALSE,4,0,2,0,0.950976524,FALSE,0,sac_niacin-transport,sac,198,0.5
94,sac_Riboflavin,Carbon Metabolism,4.339416058,0.001340901,0.230445753,0,3,7,FALSE,4,0,3,0,0.954872756,FALSE,0,sac_Riboflavin,sac,1552,0.333333333
95,sen_lrp,Carbon Metabolism,3.744525547,0.00620406,0.26705653,0.285714286,7,7,FALSE,11.85714286,0,7,0,0.962911817,FALSE,0,sen_lrp,Sen,10650,0.199507389
95,ecol_Lrp,Carbon Metabolism,3.762773723,0.005786932,0.265761397,0.285714286,8,7,FALSE,13,0,8,0,0.96266522,FALSE,0,ecol_Lrp,Eco,14490,0.216101695
96,mtub_Salicylate Induced,Carbon Metabolism,4.759124088,8.32E-04,0.210122699,0,2,8,FALSE,5,0,2,0,0.949201026,FALSE,0,mtub_Salicylate Induced,Mtu,776,0.5
96,pae_Uncharacterized-8,Carbon Metabolism,4.25729927,0.003565823,0.234890699,0,3,8,FALSE,6,0,3,0,0.955982442,FALSE,0,pae_Uncharacterized-8,Pae,5566,0.333333333
97,ecol_Phage Shock,Carbon Metabolism,1,0,1,0,1,1,FALSE,1,0,1,0,1,FALSE,0,ecol_Phage Shock,Eco,0,0
97,sen_psp,Carbon Metabolism,1,0,1,0,1,1,FALSE,1,0,1,0,1,FALSE,0,sen_psp,Sen,0,0
98,sen_cytR,Carbon Metabolism,4.645985401,0,0.215239592,0,1,8,FALSE,2,0,1,0,0.950729927,FALSE,0,sen_cytR,Sen,0,0
98,ecol_Nucleoside,Carbon Metabolism,3.647810219,0.003649635,0.274137069,0,2,7,FALSE,37.5,0,2,0,0.964218781,FALSE,0,ecol_Nucleoside,Eco,3404,0.5
99,ecol_Tryptophan,Carbon Metabolism,4.759124088,2.98E-05,0.210122699,0,2,8,FALSE,4,0,2,0,0.949201026,FALSE,0,ecol_Tryptophan,Eco,78,0.5
99,sen_Macrophage,Carbon Metabolism,3.976277372,0.002531645,0.25149151,0.166666667,4,7,FALSE,12,0,4,0,0.959780036,FALSE,0,sen_Macrophage,Sen,3844,0.328571429
100,pae_TagR1,Carbon Metabolism,1,0,1,0,1,1,FALSE,1,0,1,0,1,FALSE,0,pae_TagR1,Pae,0,0
100,pae_Sfa2,Carbon Metabolism,1,0,1,0,1,1,FALSE,1,0,1,0,1,FALSE,0,pae_Sfa2,Pae,0,0
101,ecol_Glycine,Carbon Metabolism,4.26459854,0.003649635,0.234488661,0,2,7,FALSE,6,0,2,0,0.955883804,FALSE,0,ecol_Glycine,Eco,4072,0.5
101,pae_GcsR,Carbon Metabolism,5.262773723,0,0.19001387,0,1,8,FALSE,2,0,1,0,0.94239495,FALSE,0,pae_GcsR,Pae,0,0
102,salb_UC-12,Carbon Metabolism,5.357664234,0,0.186648501,0,1,9,FALSE,6,0,1,0,0.941112645,FALSE,0,salb_UC-12,Sal,0,0
102,ecol_Ferric Citrate,Carbon Metabolism,4.359489051,0.006183647,0.22938468,0.2,6,8,FALSE,7,0,6,0,0.954601499,FALSE,0,ecol_Ferric Citrate,Eco,8760,0.24691358
103,sen_metJ,Carbon Metabolism,5.284671533,0.0015552,0.189226519,0,2,9,FALSE,5.5,0,2,0,0.942099033,FALSE,0,sen_metJ,Sen,2464,0.5
103,ecol_Methionine,Carbon Metabolism,5.795620438,4.38E-04,0.172544081,0,2,9,FALSE,3,0,2,0,0.935194318,FALSE,0,ecol_Methionine,Eco,468,0.5
104,ecol_SSW SNPs,Carbon Metabolism,4.114963504,1.55E-04,0.243015521,0,2,7,FALSE,13,0,2,0,0.957905899,FALSE,0,ecol_SSW SNPs,Eco,120,0.5
104,sen_unchar-12,Carbon Metabolism,3.625912409,0.001383218,0.275792652,0,2,7,FALSE,38,0,2,0,0.964514697,FALSE,0,sen_unchar-12,Sen,1226,0.5
105,salb_hrt Complex,Carbon Metabolism,3.620437956,0,0.276209677,1,2,7,FALSE,40.5,0,2,0,0.964588676,FALSE,0,salb_hrt Complex,Sal,0,0.525974026
105,pae_ErbR-2,Carbon Metabolism,3.423357664,0.008255034,0.292110874,0.19047619,7,6,FALSE,20.14285714,0,7,0,0.967251923,FALSE,0,pae_ErbR-2,Pae,10684,0.174185464
106,pae_Uncharacterized-14,Carbon Metabolism,5.020072993,5.28E-04,0.199200291,0.333333333,3,9,FALSE,6,0,3,0,0.945674689,FALSE,0,pae_Uncharacterized-14,Pae,552,0.515151515
106,sen_unchar-11,Carbon Metabolism,4.408759124,0.002299488,0.226821192,0,2,8,FALSE,10.5,0,2,0,0.953935688,FALSE,0,sen_unchar-11,Sen,4198,0.5
107,ecol_GlcNAc,Carbon Metabolism,4.534671533,0,0.220523139,0,1,7,FALSE,10,0,1,0,0.952234168,FALSE,0,ecol_GlcNAc,Eco,0,0
107,pae_NagQ,Carbon Metabolism,3.53649635,0.014399378,0.282765738,0.311111111,10,6,FALSE,14.9,0,10,0,0.965723022,FALSE,0,pae_NagQ,Pae,20612,0.182716049
108,pae_Sigma-70,Carbon Metabolism,5.461678832,0,0.183093886,0,1,9,FALSE,2,0,1,0,0.939707043,FALSE,0,pae_Sigma-70,Pae,0,0
108,salb_Prophages,Carbon Metabolism,4.46350365,0.003649635,0.224039248,0,2,8,FALSE,9.5,0,2,0,0.953195897,FALSE,0,salb_Prophages,Sal,7136,0.5
109,mtub_Rv0681,Carbon Metabolism,3.131386861,0.017265632,0.319347319,0.216666667,16,6,FALSE,19.5,0,16,0,0.971197475,FALSE,0,mtub_Rv0681,Mtu,38544,0.120729814
109,ecol_BW25113,Carbon Metabolism,3.667883212,0.002184608,0.272636816,0.333333333,3,6,FALSE,19.33333333,0,3,0,0.963947524,FALSE,0,ecol_BW25113,Eco,3434,0.38
110,sen_rtcR,Carbon Metabolism,5.306569343,7.58E-04,0.188445667,0,2,9,FALSE,4.5,0,2,0,0.941803117,FALSE,0,sen_rtcR,Sen,948,0.5
110,salb_UC-7,Carbon Metabolism,5.401459854,7.29E-04,0.185135135,0,2,9,FALSE,3.5,0,2,0,0.940520813,FALSE,0,salb_UC-7,Sal,1338,0.5
111,sen_molybdate,Carbon Metabolism,3.952554745,0.00103313,0.253000923,0.333333333,3,7,FALSE,11.33333333,0,3,0,0.960100612,FALSE,0,sen_molybdate,Sen,1624,0.35483871
111,ecol_Molybdenum,Carbon Metabolism,4.083941606,0,0.244861483,1,2,7,FALSE,11,0,2,0,0.958325113,FALSE,0,ecol_Molybdenum,Eco,0,0.55
112,sen_crp-2,Carbon Metabolism,4.031021898,0,0.248076053,1,2,7,FALSE,13,0,2,0,0.959040245,FALSE,0,sen_crp-2,Sen,0,0.565217391
112,ecol_Crp-1,Carbon Metabolism,3.461678832,9.40E-04,0.288877174,0.5,4,6,FALSE,28.25,0,4,0,0.96673407,FALSE,0,ecol_Crp-1,Eco,1998,0.297368421
113,ecol_ROS TALE Del-1,Carbon Metabolism,6.436131387,0,0.155372838,0,1,10,FALSE,2,0,1,0,0.926538765,FALSE,0,ecol_ROS TALE Del-1,Eco,0,0
113,pae_Uncharacterized-9,Carbon Metabolism,5.437956204,0.003649635,0.183892617,0,2,9,FALSE,4,0,2,0,0.940027619,FALSE,0,pae_Uncharacterized-9,Pae,5088,0.5
114,sen_torR,Carbon Metabolism,6.315693431,0,0.158335741,0,1,10,FALSE,3,0,1,0,0.928166305,FALSE,0,sen_torR,Sen,0,0
114,salb_Histidine,Carbon Metabolism,5.317518248,0.004577741,0.188057653,0,3,9,FALSE,3,0,3,0,0.941655159,FALSE,0,salb_Histidine,Sal,6406,0.333333333
115,sen_ADI,Carbon Metabolism,5.142335766,0,0.194464159,1,3,9,FALSE,6,0,3,0,0.94402249,FALSE,0,sen_ADI,Sen,0,0.75
115,pae_Anr-1,Carbon Metabolism,5.140510949,2.22E-06,0.194533191,0.833333333,4,9,FALSE,5.5,0,4,0,0.944047149,FALSE,0,pae_Anr-1,Pae,2,0.6875
116,sen_arcA-1,Carbon Metabolism,3.824817518,0.006652096,0.261450382,0.1,5,7,FALSE,11.2,0,5,0,0.96182679,FALSE,0,sen_arcA-1,Sen,9142,0.225531915
116,ecol_ArcA,Carbon Metabolism,4.583941606,0.00140708,0.218152866,0,3,8,FALSE,6.333333333,0,3,0,0.951568357,FALSE,0,ecol_ArcA,Eco,1476,0.333333333
117,mtub_SG_2,Carbon Metabolism,3.49270073,0.007442374,0.28631139,0,4,6,FALSE,27.25,0,4,0,0.966314855,FALSE,0,mtub_SG_2,Mtu,13526,0.282258065
117,salb_Paulomycin,Carbon Metabolism,3.817518248,0.012668537,0.261950287,0.138888889,9,7,FALSE,8.888888889,0,9,0,0.961925429,FALSE,0,salb_Paulomycin,Sal,24480,0.196382429
118,mtub_Mce3R,Carbon Metabolism,3.476277372,0.006003698,0.287664042,0.2,5,7,FALSE,21.4,0,5,0,0.966536792,FALSE,0,mtub_Mce3R,Mtu,9968,0.22826087
118,salb_Mce3R,Carbon Metabolism,3.304744526,0.014000079,0.302595251,0.138888889,9,6,FALSE,20.88888889,0,9,0,0.968854804,FALSE,0,salb_Mce3R,Sal,29338,0.159722222
119,sen_rpoE,Carbon Metabolism,5.335766423,0,0.187414501,0,1,9,FALSE,3,0,1,0,0.941408562,FALSE,0,sen_rpoE,Sen,0,0
119,ecol_RpoE,Carbon Metabolism,4.337591241,0.005198955,0.230542701,0,3,8,FALSE,7,0,3,0,0.954897416,FALSE,0,ecol_RpoE,Eco,5246,0.333333333
120,sen_glycosyltransferase,Carbon Metabolism,4.474452555,1.25E-04,0.223491028,0,2,8,FALSE,8.5,0,2,0,0.953047938,FALSE,0,sen_glycosyltransferase,Sen,254,0.535714286
120,salb_Cyclofaulknamycin-2,Carbon Metabolism,3.870437956,0.001966659,0.258368694,0,4,7,FALSE,9.5,0,4,0,0.961210298,FALSE,0,salb_Cyclofaulknamycin-2,Sal,2356,0.257575758
121,sen_unchar-7,Carbon Metabolism,5.169708029,0,0.193434522,0,1,8,FALSE,4,0,1,0,0.943652594,FALSE,0,sen_unchar-7,Sen,0,0
121,sac_single_gene_5,Carbon Metabolism,4.171532847,0.007865062,0.239720035,0,4,7,FALSE,6,0,4,0,0.957141448,FALSE,0,sac_single_gene_5,sac,7122,0.25
122,mtub_SG_1,Carbon Metabolism,3.532846715,0.004213358,0.283057851,0,3,7,FALSE,33,0,3,0,0.965772342,FALSE,0,mtub_SG_1,Mtu,6776,0.367816092
122,sen_unchar-5,Carbon Metabolism,4.531021898,0,0.220700765,0,1,8,FALSE,3,0,1,0,0.952283488,FALSE,0,sen_unchar-5,Sen,0,0
123,ecol_Membrane,Carbon Metabolism,4.315693431,0,0.231712474,0,1,7,FALSE,7,0,1,0,0.955193332,FALSE,0,ecol_Membrane,Eco,0,0
123,mtub_MbcA+Rv3249c+Rv3066,Carbon Metabolism,3.317518248,0.022547694,0.301430143,0,7,6,FALSE,21.14285714,0,7,0,0.968682186,FALSE,0,mtub_MbcA+Rv3249c+Rv3066,Mtu,35078,0.167857143
124,sen_rcsA;rcsB,Carbon Metabolism,6.071167883,0.004358077,0.164712955,0,3,9,FALSE,2.333333333,0,3,0,0.931470704,FALSE,0,sen_rcsA;rcsB,Sen,6978,0.333333333
124,ecol_Capsule,Carbon Metabolism,7.069343066,0,0.14145586,0,1,10,FALSE,3,0,1,0,0.91798185,FALSE,0,ecol_Capsule,Eco,0,0
125,ecol_Fimbriae,Carbon Metabolism,1,0,1,0,1,1,FALSE,1,0,1,0,1,FALSE,0,ecol_Fimbriae,Eco,0,0
125,sen_fim cluster,Carbon Metabolism,1,0,1,0,1,1,FALSE,1,0,1,0,1,FALSE,0,sen_fim cluster,Sen,0,0
126,sen_rcsc related,Carbon Metabolism,5.193430657,0,0.192550949,1,2,8,FALSE,5,0,2,0,0.943332018,FALSE,0,sen_rcsc related,Sen,0,0.625
126,ecol_UC-4,Carbon Metabolism,5.175182482,0.007081108,0.193229901,0.166666667,4,8,FALSE,3.5,0,4,0,0.943578615,FALSE,0,ecol_UC-4,Eco,11304,0.375
127,sen_his-tRNA,Carbon Metabolism,4.762773723,0,0.209961686,1,2,8,FALSE,8.5,0,2,0,0.949151706,FALSE,0,sen_his-tRNA,Sen,0,0.566666667
127,ecol_Histidine,Carbon Metabolism,4.708029197,0.001295331,0.212403101,0.333333333,3,8,FALSE,6.666666667,0,3,0,0.949891497,FALSE,0,ecol_Histidine,Eco,1918,0.37254902
128,mtub_SigD,Carbon Metabolism,5.131386861,0,0.19487909,0,1,9,FALSE,4,0,1,0,0.944170448,FALSE,0,mtub_SigD,Mtu,0,0
128,mtub_PDIM;PGL Synthesis,Carbon Metabolism,4.133211679,0.005947865,0.241942605,0,4,8,FALSE,9.75,0,4,0,0.957659302,FALSE,0,mtub_PDIM;PGL Synthesis,Mtu,12168,0.257352941
129,mtub_Rv2621c,Carbon Metabolism,4.260948905,0.003495382,0.234689507,0.3,5,8,FALSE,9,0,5,0,0.955933123,FALSE,0,mtub_Rv2621c,Mtu,4984,0.252941176
129,ecol_Suf System,Carbon Metabolism,4.558394161,0,0.2193755,1,3,8,FALSE,9.666666667,0,3,0,0.951913592,FALSE,0,ecol_Suf System,Eco,0,0.46031746
,sen_arcA-2,Carbon Metabolism,3.375912409,0.010333569,0.296216216,0.230769231,14,7,FALSE,11.35714286,0,14,0,0.967893076,FALSE,0,sen_arcA-2,Sen,17760,0.130541872
,mtub_Polyketide Synthase Complex,Carbon Metabolism,3.268248175,0.009124002,0.305974316,0.088888889,10,6,FALSE,22,0,10,0,0.969347998,FALSE,0,mtub_Polyketide Synthase Complex,Mtu,22922,0.155797101
,mtub_DevR-1,Carbon Metabolism,3.813868613,0.01032015,0.262200957,0.107142857,8,7,FALSE,8,0,8,0,0.961974748,FALSE,0,mtub_DevR-1,Mtu,13934,0.153061224
,mtub_MarR,Carbon Metabolism,3.693430657,0.004218149,0.270750988,0,5,7,FALSE,11.2,0,5,0,0.963602288,FALSE,0,mtub_MarR,Mtu,5236,0.2125
,mtub_Unc_2,Carbon Metabolism,4.131386861,0.009577229,0.24204947,0,5,7,FALSE,4.6,0,5,0,0.957683961,FALSE,0,mtub_Unc_2,Mtu,10740,0.2
,salb_Phenylacetate,Carbon Metabolism,3.087591241,0.056458093,0.323877069,0.155844156,22,6,FALSE,14.54545455,0,22,0,0.971789308,FALSE,0,salb_Phenylacetate,Sal,83212,0.086801752
,sac_heat-stress,Carbon Metabolism,3.979927007,0.011841822,0.25126089,0,7,7,FALSE,5.714285714,0,7,0,0.959730716,FALSE,0,sac_heat-stress,sac,15072,0.147321429
,pae_ArgR-1,Carbon Metabolism,3.76459854,0.012515672,0.265632574,0.166666667,9,7,FALSE,9.555555556,0,9,0,0.96264056,FALSE,0,pae_ArgR-1,Pae,16560,0.162698413
,sac_XylR-SoxM,Carbon Metabolism,3.032846715,0.074966942,0.329723225,0.090909091,34,6,FALSE,11.5,0,34,0,0.972529098,FALSE,0,sac_XylR-SoxM,sac,131712,0.062378798