,gene,subject,PID,alnLength,mismatchCount,gapOpenCount,queryStart,queryEnd,subjectStart,subjectEnd,eVal,bitScore,gene_length,COV,BBH
0,BSU_00010,STM3838,43.939,462,227,8,5,443,3,455,9.06e-135,393.0,446,1.0358744394618835,<=>
2,BSU_00020,STM3837,26.649,379,261,7,1,376,1,365,1.77e-46,160.0,378,1.0026455026455026,<=>
3,BSU_00040,STM3836,24.259,371,264,5,1,369,1,356,1.03e-33,125.0,370,1.0027027027027027,<=>
7,BSU_00070,STM2272,53.27,841,357,3,8,813,7,846,0.0,894.0,821,1.0243605359317904,<=>
9,BSU_00090,STM2511,55.967,486,209,3,5,487,3,486,1.84e-178,507.0,488,0.9959016393442623,<=>
19,BSU_00130,STM0963,51.636,428,199,2,1,421,1,427,1.27e-152,436.0,425,1.0070588235294118,<=>
32,BSU_00200,STM0485,40.566,106,59,2,2,107,4,105,1.54e-19,74.3,107,0.9906542056074766,<=>
33,BSU_00210,STM0486,44.724,199,109,1,1,198,1,199,9.89e-62,187.0,198,1.005050505050505,<=>
43,BSU_00280,STM1200,34.742,213,132,4,1,209,1,210,7.37e-36,122.0,212,1.0047169811320755,<=>
50,BSU_00360,STM3263,41.633,245,140,2,9,250,6,250,8.95e-57,181.0,292,0.839041095890411,<=>
51,BSU_00380,STM2155,28.797,698,442,14,1,664,1,677,7.05e-86,280.0,664,1.0512048192771084,<=>
58,BSU_00390,STM1202,37.984,258,155,2,1,255,2,257,8.8e-63,195.0,255,1.011764705882353,<=>
61,BSU_00420,STM0090,33.086,269,168,3,19,287,8,264,8.21e-43,145.0,292,0.9212328767123288,<=>
65,BSU_00480,STM4458,48.438,128,63,1,1,125,1,128,9.38e-40,126.0,125,1.024,<=>
68,BSU_00500,STM3862,43.421,456,244,6,7,456,9,456,3.9200000000000004e-122,361.0,456,1.0,<=>
71,BSU_00510,STM1780,51.447,311,148,3,9,316,3,313,1.1700000000000001e-110,321.0,317,0.9810725552050473,<=>
73,BSU_00530,STM1783,38.824,170,102,2,3,170,13,182,1.2599999999999999e-30,108.0,188,0.9042553191489362,<=>
74,BSU_00550,STM1216,36.949,1088,626,16,30,1091,19,1072,0.0,706.0,1177,0.9243840271877655,<=>
90,BSU_00670,STM0236,26.714,423,255,15,20,427,16,398,6.42e-28,112.0,472,0.8961864406779662,<=>
92,BSU_00680,STM0170,51.163,172,81,2,2,171,1,171,2.3399999999999998e-60,182.0,180,0.9555555555555556,<=>
94,BSU_00690,STM3296,51.741,603,272,7,6,601,3,593,0.0,606.0,637,0.9466248037676609,<=>
97,BSU_00710,STM3498,24.092,303,194,9,2,290,7,287,9.26e-17,75.9,291,1.041237113402062,<=>
100,BSU_00730,STM2430,53.376,311,128,7,6,305,8,312,2.9e-93,276.0,308,1.0097402597402598,<=>
106,BSU_00740,STM1824,35.059,425,256,5,41,461,45,453,5.85e-78,247.0,470,0.9042553191489362,<=>
110,BSU_00750,STM3469,58.602,186,77,0,1,186,1,186,1.65e-87,252.0,194,0.9587628865979382,<=>
116,BSU_00770,STM3295,41.603,262,145,3,27,281,17,277,5.65e-65,202.0,285,0.9192982456140351,<=>
117,BSU_00780,STM3206,28.07,114,81,1,1,114,2,114,1.9e-10,51.6,120,0.95,<=>
118,BSU_00790,STM0183,47.015,134,70,1,4,136,3,136,2.07e-33,113.0,167,0.8023952095808383,<=>
120,BSU_00810,STM3384,38.365,318,193,3,2,318,1,316,8.89e-74,228.0,333,0.954954954954955,<=>
123,BSU_00820,STM3040,54.082,490,222,3,10,497,14,502,0.0,535.0,499,0.9819639278557114,<=>
133,BSU_00870,STM4579,47.484,457,232,6,1,452,1,454,1.59e-147,426.0,458,0.9978165938864629,<=>
134,BSU_00900,STM2930,35.78,218,133,4,6,220,11,224,2.9e-37,127.0,232,0.9396551724137931,<=>
135,BSU_00910,STM2929,63.057,157,58,0,2,158,1,157,2.16e-62,186.0,158,0.9936708860759493,<=>
136,BSU_00920,STM2415,36.798,481,277,6,4,481,2,458,1.78e-116,348.0,483,0.9958592132505176,<=>
142,BSU_00940,STM0537,44.304,474,237,4,3,464,2,460,5.1e-134,392.0,466,1.0171673819742488,<=>
144,BSU_00960,STM4369,44.55,211,105,5,41,245,39,243,5.6e-58,181.0,249,0.8473895582329317,<=>
152,BSU_00990,STM3727,32.653,49,33,0,1,49,5,53,0.000116,32.7,49,1.0,<=>
153,BSU_01010,STM4148,43.75,176,95,2,3,176,7,180,2.1199999999999998e-52,162.0,177,0.9943502824858758,<=>
154,BSU_01020,STM4149,67.606,142,45,1,1,141,1,142,1.7800000000000002e-66,195.0,141,1.0070921985815602,<=>
155,BSU_01030,STM4150,51.304,230,112,0,1,230,1,230,6.94e-75,224.0,232,0.9913793103448276,<=>
156,BSU_01040,STM4151,34.722,144,94,0,1,144,1,144,2.9000000000000004e-27,97.8,166,0.8674698795180723,<=>
157,BSU_01050,STM4152,55.285,123,53,1,1,123,1,121,7.55e-27,93.6,123,1.0,<=>
166,BSU_01080,STM4154,50.219,1141,483,13,7,1109,17,1110,0.0,1120.0,1199,0.9516263552960801,<=>
168,BSU_01100,STM3448,67.883,137,31,1,1,137,1,124,5.73e-61,181.0,138,0.9927536231884058,<=>
169,BSU_01110,STM3447,55.769,156,69,0,1,156,1,156,1.26e-67,199.0,156,1.0,<=>
170,BSU_01120,STM3446,61.143,700,259,5,1,687,1,700,0.0,841.0,692,1.0115606936416186,<=>
180,BSU_01130,STM4146,76.904,394,89,2,1,394,1,392,0.0,607.0,396,0.9949494949494949,<=>
189,BSU_01150,STM3441,65.686,102,35,0,1,102,1,102,2.26e-47,144.0,102,1.0,<=>
190,BSU_01160,STM3440,50.242,207,101,2,4,208,3,209,8.01e-62,189.0,209,0.9904306220095693,<=>
191,BSU_01170,STM3439,43.455,191,107,1,17,207,12,201,9.4e-51,160.0,207,0.9227053140096618,<=>
193,BSU_01190,STM3437,59.489,274,108,3,1,274,1,271,1.02e-113,325.0,277,0.9891696750902527,<=>
194,BSU_01200,STM3436,69.88,83,25,0,1,83,1,83,1.56e-41,128.0,92,0.9021739130434783,<=>
195,BSU_01210,STM3435,53.636,110,51,0,1,110,1,110,5.24e-37,118.0,113,0.9734513274336283,<=>
196,BSU_01220,STM3434,58.654,208,85,1,1,207,1,208,2.7e-90,262.0,218,0.9541284403669725,<=>
197,BSU_01230,STM3433,59.701,134,53,1,1,134,1,133,1.1299999999999999e-52,160.0,144,0.9305555555555556,<=>
198,BSU_01240,STM3432,40.0,60,36,0,1,60,1,60,2.49e-09,45.4,66,0.9090909090909091,<=>
199,BSU_01250,STM3431,55.696,79,35,0,8,86,6,84,7.68e-28,93.6,87,0.9080459770114943,<=>
200,BSU_01260,STM3430,65.041,123,42,1,1,122,1,123,2.22e-52,158.0,122,1.0081967213114753,<=>
201,BSU_01270,STM3429,46.0,100,52,2,3,101,5,103,7.48e-25,87.4,103,0.970873786407767,<=>
202,BSU_01280,STM3428,59.777,179,72,0,1,179,1,179,4.77e-86,248.0,179,1.0,<=>
204,BSU_01300,STM3426,48.855,131,65,2,1,131,1,129,1.85e-40,129.0,132,0.9924242424242424,<=>
205,BSU_01310,STM3425,48.864,176,89,1,1,176,1,175,1.38e-53,166.0,179,0.9832402234636871,<=>
207,BSU_01330,STM3423,54.819,166,75,0,1,166,1,166,6.89e-60,181.0,166,1.0,<=>
208,BSU_01340,STM3422,47.458,59,30,1,1,58,1,59,7.46e-12,51.2,59,1.0,<=>
209,BSU_01350,STM3421,47.917,144,74,1,1,144,1,143,1.4e-34,115.0,146,0.9863013698630136,<=>
210,BSU_01360,STM3420,41.492,429,234,7,11,431,16,435,3.9299999999999995e-90,277.0,431,0.9953596287703016,<=>
211,BSU_01370,STM0488,46.789,218,107,2,1,213,1,214,1.1500000000000001e-66,201.0,217,1.0046082949308757,<=>
212,BSU_01380,STM0215,46.721,244,128,2,5,246,6,249,2.66e-74,224.0,248,0.9838709677419355,<=>
215,BSU_01390,STM0953,68.056,72,23,0,1,72,1,72,2.56e-35,111.0,72,1.0,<=>
216,BSU_01400,STM3419,57.895,38,15,1,1,37,1,38,6.72e-10,45.1,37,1.027027027027027,<=>
217,BSU_01410,STM3418,56.034,116,51,0,1,116,1,116,2.99e-48,147.0,121,0.9586776859504132,<=>
218,BSU_01420,STM3417,66.116,121,41,0,11,131,9,129,9.6e-59,175.0,131,0.9236641221374046,<=>
219,BSU_01430,STM3415,45.833,312,161,4,3,310,7,314,8e-87,261.0,314,0.9936305732484076,<=>
220,BSU_01440,STM3414,47.5,120,53,2,2,120,6,116,1.79e-28,97.8,120,1.0,<=>
395,BSU_01480,STM2368,37.143,245,150,3,2,245,11,252,4.4499999999999995e-48,157.0,247,0.9919028340080972,<=>
396,BSU_01490,STM3345,58.571,140,58,0,4,143,3,142,1.72e-59,178.0,145,0.9655172413793104,<=>
397,BSU_01500,STM3344,55.385,130,58,0,1,130,1,130,1.25e-46,144.0,130,1.0,<=>
401,BSU_01540,STM2154,32.687,361,214,8,5,351,11,356,1.37e-53,177.0,352,1.0255681818181819,<=>
446,BSU_01670,STM2478,54.869,421,188,1,23,441,12,432,4.08e-170,481.0,441,0.9546485260770975,<=>
448,BSU_01680,STM2570,45.291,446,235,5,10,448,7,450,1.94e-125,369.0,455,0.9802197802197802,<=>
452,BSU_01690,STM1887,30.496,282,184,2,6,282,4,278,6.16e-33,119.0,283,0.9964664310954063,<=>
459,BSU_01700,STM2571,49.832,297,149,0,5,301,1,297,3.4900000000000003e-97,285.0,304,0.9769736842105263,<=>
462,BSU_01730,STM2640,36.066,183,108,4,9,187,11,188,4.8000000000000004e-29,103.0,187,0.9786096256684492,<=>
463,BSU_01770,STM3294,45.393,445,234,6,3,443,5,444,4.41e-120,355.0,448,0.9933035714285714,<=>
467,BSU_01780,STM3861,40.615,618,340,12,1,600,1,609,5.05e-143,425.0,600,1.03,<=>
473,BSU_01800,STM2124,25.442,283,190,7,18,299,10,272,8.89e-20,84.3,303,0.933993399339934,<=>
625,BSU_02060,STM3930,63.239,457,164,2,1,453,1,457,0.0,579.0,462,0.9891774891774892,<=>
656,BSU_02140,STM2283,60.497,443,174,1,1,443,1,442,0.0,570.0,444,0.9977477477477478,<=>
707,BSU_02230,STM1883,55.643,381,168,1,4,384,12,391,6.039999999999999e-150,426.0,384,0.9921875,<=>
718,BSU_02290,STM4348,27.203,261,161,5,26,257,21,281,9.82e-23,92.4,263,0.9923954372623575,<=>
730,BSU_02330,STM1156,30.915,317,196,8,7,315,26,327,4.1699999999999996e-46,157.0,322,0.984472049689441,<=>
743,BSU_02370,STM3602,33.333,228,149,2,4,229,13,239,2.66e-32,115.0,235,0.9702127659574468,<=>
758,BSU_02390,STM3903,29.712,313,198,7,43,352,10,303,3.63e-36,130.0,356,0.8792134831460674,<=>
773,BSU_02420,STM0006,46.085,447,229,7,13,449,9,453,2.8099999999999997e-137,401.0,478,0.9351464435146444,<=>
820,BSU_02480,STM2962,66.051,433,145,1,13,443,13,445,0.0,590.0,455,0.9516483516483516,<=>
843,BSU_02490,STM2960,72.665,439,119,1,18,455,8,446,0.0,692.0,455,0.9648351648351648,<=>
849,BSU_02500,STM1541,31.579,228,135,9,13,229,46,263,4.54e-14,66.6,233,0.9785407725321889,<=>
859,BSU_02510,STM3250,67.829,516,155,2,6,510,8,523,0.0,720.0,510,1.011764705882353,<=>
1002,BSU_02640,STM3975,33.61,241,153,3,8,241,9,249,1.9e-35,124.0,242,0.9958677685950413,<=>
1013,BSU_02680,STM1437,23.729,177,128,4,5,175,8,183,6.12e-07,45.1,188,0.9414893617021277,<=>
1016,BSU_02690,STM3598,56.575,327,138,2,50,375,24,347,4.28e-127,366.0,375,0.872,<=>
1133,BSU_02830,STM2171,37.849,251,152,4,8,257,3,250,3.29e-50,162.0,258,0.9728682170542635,<=>
1155,BSU_02850,STM1891,24.907,269,191,4,28,286,37,304,6.2e-23,94.4,319,0.8432601880877743,<=>
1241,BSU_02870,STM1893,30.258,271,176,3,6,274,2,261,9.98e-28,105.0,280,0.9678571428571429,<=>
1299,BSU_02970,STM2797,26.19,84,61,1,10,93,8,90,0.0001,35.4,100,0.84,<=>
1300,BSU_02980,STM2809,50.378,397,190,2,8,397,3,399,1.67e-134,389.0,418,0.9497607655502392,<=>
1392,BSU_03020,STM4464,29.247,465,319,3,17,472,4,467,3.01e-58,196.0,477,0.9748427672955975,<=>
1399,BSU_03070,STM2815,31.011,445,286,11,16,449,17,451,1.45e-51,180.0,512,0.869140625,<=>
1443,BSU_03130,STM1310,55.273,275,119,3,1,272,1,274,4.49e-104,301.0,272,1.0110294117647058,<=>
1444,BSU_03150,STM3487,33.908,174,100,4,12,177,5,171,5.28e-24,90.1,186,0.9354838709677419,<=>
1446,BSU_03160,STM0259,34.137,249,159,2,4,252,11,254,1.68e-44,147.0,253,0.9841897233201581,<=>
1504,BSU_03220,STM1125,54.06,468,210,2,1,464,18,484,3.61e-168,480.0,473,0.9894291754756871,<=>
1517,BSU_03300,STM3474,36.352,784,463,16,1,762,1,770,4.82e-151,460.0,805,0.9739130434782609,<=>
1562,BSU_03360,STM4530,28.042,378,191,12,1,366,1,309,1.91e-26,105.0,397,0.9521410579345088,<=>
1594,BSU_03450,STM2756,41.711,187,107,1,1,185,1,187,1.58e-45,145.0,185,1.0108108108108107,<=>
1597,BSU_03460,STM2755,44.019,209,117,0,1,209,1,209,4.87e-57,177.0,210,0.9952380952380953,<=>
1670,BSU_03560,STM1598,28.866,388,245,7,1,360,1,385,5.660000000000001e-37,138.0,444,0.8738738738738738,<=>
1761,BSU_03600,STM1952,50.732,205,100,1,26,230,13,216,1.01e-69,210.0,234,0.8760683760683761,<=>
1771,BSU_03610,STM1954,37.455,275,156,8,1,268,1,266,2.48e-47,155.0,268,1.0261194029850746,<=>
1813,BSU_03630,STM2921,60.106,188,74,1,13,199,1,188,3.26e-79,232.0,204,0.9215686274509803,<=>
1815,BSU_03640,STM2922,64.407,472,166,2,1,471,1,471,0.0,648.0,473,0.9978858350951374,<=>
1817,BSU_03651,STM2923,47.059,68,36,0,4,71,3,70,6.33e-20,72.8,75,0.9066666666666666,<=>
1947,BSU_03760,STM1095,24.224,483,316,18,1,467,1,449,1.32e-17,82.0,473,1.0211416490486258,<=>
2079,BSU_03860,STM0874,41.224,245,136,3,1,245,1,237,8.33e-50,160.0,249,0.9839357429718876,<=>
2088,BSU_03900,STM2792,43.602,422,231,1,9,430,3,417,2.17e-124,365.0,436,0.9678899082568807,<=>
2094,BSU_03910,STM2791,52.174,460,217,1,3,462,26,482,1.13e-174,496.0,462,0.9956709956709957,<=>
2135,BSU_03990,STM3686,46.883,369,185,5,1,360,1,367,1.72e-109,323.0,373,0.9892761394101877,<=>
2142,BSU_04020,STM4506,32.967,182,116,3,7,186,29,206,7.87e-34,117.0,202,0.900990099009901,<=>
2157,BSU_04050,STM0714,52.61,249,113,1,2,250,1,244,9.490000000000001e-85,250.0,257,0.9688715953307393,<=>
2159,BSU_04090,STM0713,36.826,334,183,6,1,332,2,309,8.53e-62,197.0,335,0.9970149253731343,<=>
2160,BSU_04100,STM1842,30.204,245,170,1,7,250,15,259,2.83e-33,119.0,250,0.98,<=>
2171,BSU_04150,STM1439,51.495,301,141,3,1,300,2,298,1.44e-106,309.0,300,1.0033333333333334,<=>
2207,BSU_04210,STM1611,26.316,171,119,2,6,173,7,173,1.75e-16,70.5,183,0.9344262295081968,<=>
2214,BSU_04260,STM1298,33.387,617,379,11,5,599,3,609,8.49e-107,337.0,727,0.8486932599724897,<=>
2232,BSU_04340,STM0935,36.842,570,352,4,4,569,3,568,1.69e-120,365.0,574,0.9930313588850174,<=>
2240,BSU_04360,STM2408,51.621,401,188,4,25,423,12,408,1.6499999999999999e-136,395.0,425,0.9435294117647058,<=>
2241,BSU_04430,STM1731,33.068,251,152,7,1,248,1,238,1.28e-35,126.0,273,0.9194139194139194,<=>
2244,BSU_04440,STM3169,22.414,290,219,3,44,332,27,311,5.33e-22,92.0,350,0.8285714285714286,<=>
2293,BSU_04470,STM3614,56.127,408,174,3,2,406,4,409,1.83e-152,436.0,421,0.9691211401425178,<=>
2390,BSU_04560,STM0380,43.681,364,187,5,1,354,9,364,7.29e-100,296.0,354,1.0282485875706215,<=>
2395,BSU_04570,STM0124,34.125,463,280,9,1,453,1,448,4.16e-63,208.0,457,1.013129102844639,<=>
2407,BSU_04620,STM2577,37.6,125,67,3,2,117,3,125,2.57e-21,79.7,121,1.0330578512396693,<=>
2408,BSU_04640,STM1802,33.696,368,217,12,8,366,3,352,5.04e-46,159.0,389,0.9460154241645244,<=>
2416,BSU_04780,STM3504,43.562,730,369,11,11,717,9,718,0.0,562.0,719,1.015299026425591,<=>
2441,BSU_05120,STM3649,72.131,61,16,1,4,63,7,67,2.3300000000000004e-27,91.3,66,0.9242424242424242,<=>
2448,BSU_05150,STM1355,25.197,254,173,7,41,288,38,280,1.53e-15,72.4,291,0.872852233676976,<=>
2470,BSU_05160,STM3765,30.169,295,203,2,5,299,3,294,1.0699999999999999e-41,144.0,319,0.9247648902821317,<=>
2487,BSU_05180,STM2436,24.879,414,286,9,32,438,14,409,5.77e-20,89.0,462,0.8961038961038961,<=>
2508,BSU_05300,STM3458,40.351,171,102,0,5,175,6,176,4.2999999999999995e-42,137.0,197,0.868020304568528,<=>
2511,BSU_05310,STM2812,38.684,380,229,1,10,389,6,381,1.3e-70,224.0,395,0.9620253164556962,<=>
2534,BSU_05400,STM2804,34.307,137,90,0,4,140,5,141,1.31e-28,99.8,147,0.9319727891156463,<=>
2583,BSU_05500,STM3232,34.091,132,71,9,1,128,35,154,0.000813,34.7,129,1.0232558139534884,<=>
2710,BSU_05620,STM4398,55.066,454,197,3,12,458,16,469,0.0,514.0,458,0.9912663755458515,<=>
2730,BSU_05680,STM2221,33.243,370,242,4,8,375,6,372,1.13e-59,196.0,402,0.9203980099502488,<=>
2781,BSU_05840,STM3775,61.957,460,173,2,6,465,2,459,0.0,619.0,465,0.989247311827957,<=>
2799,BSU_05900,STM0419,38.602,329,184,11,3,324,5,322,9.53e-51,168.0,325,1.0123076923076924,<=>
2804,BSU_05930,STM4558,31.915,141,88,4,14,150,11,147,3.45e-19,75.9,151,0.9337748344370861,<=>
2806,BSU_05940,STM3208,45.938,320,168,4,7,324,1,317,6.56e-98,290.0,346,0.9248554913294798,<=>
2933,BSU_05960,STM0804,51.899,158,74,1,1,158,1,156,3.27e-50,156.0,170,0.9294117647058824,<=>
2936,BSU_06020,STM4329,45.161,93,50,1,2,93,3,95,5.06e-20,74.7,94,0.9893617021276596,<=>
2937,BSU_06030,STM4330,60.935,535,202,3,2,534,3,532,0.0,642.0,544,0.9834558823529411,<=>
2947,BSU_06150,STM1567,32.258,310,199,8,9,315,1,302,4.3800000000000004e-29,112.0,353,0.8781869688385269,<=>
2953,BSU_06160,STM0042,34.217,415,258,8,15,421,9,416,1.08e-68,223.0,463,0.896328293736501,<=>
2958,BSU_06170,STM4066,31.475,305,196,6,20,320,12,307,5.42e-41,142.0,320,0.953125,<=>
3006,BSU_06310,STM2793,50.229,436,214,3,1,435,4,437,8.82e-146,422.0,469,0.929637526652452,<=>
3018,BSU_06320,STM4061,26.119,268,183,6,27,286,26,286,1.11e-15,72.8,290,0.9241379310344827,<=>
3020,BSU_06360,STM2510,52.132,516,236,2,9,513,10,525,0.0,556.0,513,1.0058479532163742,<=>
3026,BSU_06420,STM0534,61.935,155,59,0,5,159,10,164,4.38e-52,160.0,162,0.9567901234567902,<=>
3027,BSU_06430,STM0533,31.322,348,204,10,12,355,4,320,2.19e-45,156.0,380,0.9157894736842105,<=>
3033,BSU_06450,STM2487,42.982,228,129,1,9,236,7,233,8.11e-64,196.0,241,0.946058091286307,<=>
3037,BSU_06490,STM2362,40.552,471,254,12,12,459,2,469,3.75e-105,320.0,476,0.9894957983193278,<=>
3040,BSU_06500,STM2499,52.679,336,154,4,2,336,6,337,9.02e-122,352.0,346,0.9710982658959537,<=>
3041,BSU_06510,STM2500,32.584,178,120,0,6,183,5,182,2.6099999999999997e-34,118.0,195,0.9128205128205128,<=>
3045,BSU_06520,STM4176,51.81,525,236,6,3,512,7,529,0.0,553.0,512,1.025390625,<=>
3046,BSU_06530,STM4175,53.147,429,194,5,1,422,1,429,1e-148,426.0,422,1.0165876777251184,<=>
3049,BSU_06540,STM3876,33.813,139,85,3,1,132,6,144,6.86e-12,56.6,139,1.0,<=>
3051,BSU_06550,STM4328,24.59,427,289,11,2,413,1,409,1.92e-18,83.6,424,1.0070754716981132,<=>
3068,BSU_06610,STM3912,41.896,654,358,12,12,654,3,645,1.42e-146,441.0,739,0.8849797023004059,<=>
3072,BSU_06620,STM2427,48.43,669,332,6,4,663,2,666,0.0,627.0,668,1.001497005988024,<=>
3085,BSU_06710,STM2127,25.878,1082,708,24,7,1052,16,1039,3.07e-83,289.0,1052,1.0285171102661597,<=>
3094,BSU_06720,STM2140,31.698,265,173,4,12,273,12,271,5.88e-34,123.0,303,0.8745874587458746,<=>
3095,BSU_06730,STM2957,31.718,454,271,13,7,456,11,429,5.51e-65,213.0,459,0.9891067538126361,<=>
3100,BSU_06840,STM4499,57.447,235,100,0,1,235,4,238,1.95e-96,279.0,239,0.9832635983263598,<=>
3102,BSU_06860,STM1213,25.641,195,139,3,2,193,14,205,5.19e-15,67.4,194,1.0051546391752577,<=>
3105,BSU_06880,STM4401,21.233,292,186,8,7,271,2,276,0.000252,38.9,286,1.020979020979021,<=>
3152,BSU_06990,STM3555,29.63,270,177,6,31,290,10,276,1.4e-28,108.0,296,0.9121621621621622,<=>
3157,BSU_07000,STM1911,29.154,319,215,4,28,338,62,377,2.32e-49,167.0,344,0.9273255813953488,<=>
3185,BSU_07200,STM1085,30.337,178,116,4,41,213,45,219,2.26e-08,49.7,214,0.8317757009345794,<=>
3193,BSU_07230,STM2175,28.775,351,224,12,11,345,14,354,6.79e-22,93.2,369,0.9512195121951219,<=>
3199,BSU_07270,STM2092,43.191,257,142,4,1,254,1,256,1.1500000000000001e-73,222.0,254,1.0118110236220472,<=>
3204,BSU_07280,STM2091,29.412,340,214,9,2,321,5,338,1.99e-43,150.0,322,1.0559006211180124,<=>
3217,BSU_07320,STM0493,44.56,386,211,2,18,403,22,404,1.79e-96,291.0,409,0.9437652811735942,<=>
3223,BSU_07330,STM4559,28.634,227,158,2,1,227,1,223,9.19e-32,113.0,235,0.9659574468085106,<=>
3228,BSU_07340,STM1379,27.078,421,251,14,24,418,5,395,4.98e-18,83.2,461,0.913232104121475,<=>
3266,BSU_07370,STM4581,37.165,522,317,6,16,531,19,535,3.6899999999999997e-112,344.0,629,0.8298887122416534,<=>
3408,BSU_07390,STM4266,28.455,123,71,5,8,130,16,121,0.000361,35.8,140,0.8785714285714286,<=>
3556,BSU_07450,STM1589,45.161,341,180,5,2,337,16,354,2.05e-101,300.0,339,1.0058997050147493,<=>
3658,BSU_07520,STM0594,24.671,304,191,11,14,292,10,300,9.63e-11,58.9,315,0.9650793650793651,<=>
3659,BSU_07570,STM3166,47.942,486,239,4,6,478,10,494,9.19e-152,439.0,478,1.0167364016736402,<=>
3677,BSU_07590,STM0626,34.862,218,139,3,6,222,9,224,1.37e-41,138.0,226,0.9646017699115044,<=>
3697,BSU_07600,STM2786,25.466,322,224,7,1,313,1,315,2.82e-27,106.0,319,1.0094043887147335,<=>
3699,BSU_07640,STM1083,45.238,84,45,1,8,90,10,93,4.36e-16,64.3,91,0.9230769230769231,<=>
3701,BSU_07650,STM4056,38.889,216,125,5,2,214,19,230,4.37e-44,145.0,221,0.9773755656108597,<=>
3714,BSU_07810,STM4453,55.861,546,235,5,8,553,6,545,0.0,640.0,561,0.9732620320855615,<=>
3732,BSU_07830,STM0578,30.275,218,119,9,15,215,10,211,1.04e-18,78.2,221,0.9864253393665159,<=>
3741,BSU_07850,STM3269,64.706,170,60,0,1,170,1,170,3.65e-78,227.0,172,0.9883720930232558,<=>
3742,BSU_07860,STM1360,37.008,381,236,3,12,391,18,395,2.89e-79,247.0,396,0.9621212121212122,<=>
3745,BSU_07900,STM4027,25.275,273,186,7,2,268,18,278,5.49e-11,58.9,275,0.9927272727272727,<=>
3746,BSU_07910,STM0968,23.699,346,232,10,42,375,44,369,5.7e-16,75.9,391,0.8849104859335039,<=>
3798,BSU_08120,STM1504,42.718,103,58,1,2,104,1,102,1.35e-15,64.3,109,0.944954128440367,<=>
3968,BSU_08250,STM4049,24.125,257,179,4,44,293,34,281,3.19e-14,68.6,314,0.8184713375796179,<=>
4046,BSU_08310,STM0172,36.039,308,179,4,2,304,5,299,2.3599999999999998e-61,194.0,311,0.9903536977491961,<=>
4133,BSU_08330,STM0816,21.818,385,262,11,2,376,8,363,1.68e-19,86.3,385,1.0,<=>
4179,BSU_08450,STM0592,40.69,290,171,1,40,329,40,328,3.7700000000000003e-59,191.0,333,0.8708708708708709,<=>
4191,BSU_08470,STM1581,35.793,271,162,7,5,268,4,269,1.84e-43,147.0,293,0.9249146757679181,<=>
4192,BSU_08480,STM1296,22.286,175,128,6,15,186,5,174,8.35e-10,52.8,194,0.9020618556701031,<=>
4193,BSU_08510,STM2350,35.786,299,187,5,1,297,1,296,7.9200000000000005e-56,180.0,303,0.9867986798679867,<=>
4212,BSU_08600,STM0558,41.86,301,172,3,6,304,3,302,2.53e-80,244.0,329,0.9148936170212766,<=>
4216,BSU_08630,STM3110,35.948,306,186,4,15,319,5,301,4.8e-63,202.0,369,0.8292682926829268,<=>
4323,BSU_08720,STM2491,39.735,151,91,0,3,153,4,154,4.0100000000000005e-37,122.0,157,0.9617834394904459,<=>
4328,BSU_08790,STM4164,67.647,612,150,7,15,589,25,625,0.0,858.0,590,1.0372881355932204,<=>
4418,BSU_08880,STM3427,48.515,101,40,2,1,89,1,101,4.24e-25,87.4,89,1.1348314606741574,<=>
4419,BSU_08910,STM4355,28.385,384,250,9,1,372,10,380,7.12e-49,167.0,386,0.9948186528497409,<=>
4420,BSU_08930,STM3695,44.079,152,81,2,6,156,2,150,3.26e-41,132.0,160,0.95,<=>
4424,BSU_08970,STM1285,32.815,643,370,25,20,624,18,636,2.04e-88,285.0,631,1.0190174326465926,<=>
4425,BSU_08980,STM1284,25.791,411,257,8,25,388,18,427,1.04e-33,127.0,392,1.0484693877551021,<=>
4426,BSU_08990,STM1520,30.435,138,79,6,11,136,8,140,1.72e-13,61.2,154,0.8961038961038961,<=>
4450,BSU_09020,STM1119,34.031,191,97,4,2,166,3,190,1.01e-25,95.1,176,1.0852272727272727,<=>
4627,BSU_09100,STM0629,68.75,64,19,1,2,64,4,67,1.63e-25,86.7,67,0.9552238805970149,<=>
4643,BSU_09130,STM1320,51.41,461,213,4,4,462,5,456,6.07e-141,409.0,463,0.9956803455723542,<=>
4658,BSU_09240,STM1322,33.679,193,112,6,2,185,7,192,9.61e-22,86.7,220,0.8772727272727273,<=>
4672,BSU_09280,STM4087,36.822,258,141,11,7,246,14,267,1.07e-31,115.0,274,0.9416058394160584,<=>
4674,BSU_09290,STM4086,62.069,493,187,0,4,496,6,498,0.0,673.0,496,0.9939516129032258,<=>
4681,BSU_09300,STM3526,31.33,466,291,13,46,503,27,471,4.82e-50,177.0,555,0.8396396396396396,<=>
4683,BSU_09310,STM0698,25.94,532,314,23,42,546,40,518,5.54e-20,90.5,581,0.9156626506024096,<=>
4691,BSU_09330,STM1767,38.308,201,123,1,3,202,9,209,1.9e-33,116.0,214,0.9392523364485982,<=>
4734,BSU_09380,STM4367,42.254,142,78,2,1,142,1,138,3.24e-38,124.0,146,0.9726027397260274,<=>
4736,BSU_09400,STM1804,31.092,476,287,18,13,454,29,497,2.79e-57,194.0,468,1.017094017094017,<=>
4815,BSU_09480,STM2803,34.596,396,241,6,14,403,2,385,1.9699999999999999e-69,225.0,469,0.8443496801705757,<=>
4851,BSU_09590,STM2679,25.714,420,290,6,13,429,1,401,5.73e-38,140.0,461,0.911062906724512,<=>
4856,BSU_09600,STM0630,36.752,117,64,3,3,111,5,119,3.56e-13,58.5,118,0.9915254237288136,<=>
4858,BSU_09620,STM3553,30.126,239,155,4,2,234,8,240,3.07e-32,115.0,243,0.9835390946502057,<=>
4867,BSU_09650,STM1221,34.914,232,120,8,10,229,39,251,4.98e-30,110.0,247,0.9392712550607287,<=>
4872,BSU_09680,STM1556,33.261,460,292,6,3,450,5,461,2.12e-74,238.0,453,1.0154525386313467,<=>
4873,BSU_09710,STM0460,40.0,575,344,1,4,578,3,576,9.25e-154,451.0,585,0.9829059829059829,<=>
5143,BSU_10020,STM0977,42.582,364,200,5,1,358,1,361,1.67e-95,286.0,359,1.0139275766016713,<=>
5236,BSU_10120,STM4167,40.058,347,201,4,5,344,3,349,1.55e-81,249.0,353,0.9830028328611898,<=>
5237,BSU_10130,STM0489,23.077,325,212,12,1,300,1,312,3.8e-13,65.9,310,1.0483870967741935,<=>
5238,BSU_10150,STM0477,28.426,197,123,7,2,183,9,202,6.8e-09,50.8,191,1.031413612565445,<=>
5244,BSU_10220,STM4283,55.0,420,181,5,1,412,1,420,5.5900000000000006e-161,458.0,429,0.9790209790209791,<=>
5251,BSU_10250,STM4576,34.069,317,180,7,11,312,13,315,1.2200000000000002e-56,184.0,331,0.9577039274924471,<=>
5265,BSU_10310,STM4473,28.058,139,93,3,1,134,9,145,0.000131,37.4,149,0.9328859060402684,<=>
5266,BSU_10320,STM3376,45.706,326,174,2,5,330,1,323,5.51e-94,279.0,330,0.9878787878787879,<=>
5268,BSU_10330,STM0193,23.846,260,167,10,49,298,35,273,3.1e-13,66.2,323,0.804953560371517,<=>
5270,BSU_10340,STM4585,32.323,198,122,2,1,186,1,198,1.22e-28,103.0,193,1.0259067357512954,<=>
5308,BSU_10430,STM3157,65.753,292,97,1,4,295,2,290,1.8199999999999999e-140,395.0,299,0.9765886287625418,<=>
5325,BSU_10500,STM1546,30.739,514,274,16,2,471,1,476,1.66e-52,182.0,499,1.0300601202404809,<=>
5366,BSU_10590,STM0109,24.522,575,370,19,19,574,19,548,1.99e-34,134.0,575,1.0,<=>
5376,BSU_10600,STM1261,49.074,108,55,0,1,108,1,108,1.29e-29,99.8,108,1.0,<=>
5384,BSU_10640,STM0396,31.25,320,211,7,1,314,1,317,1.32e-37,137.0,391,0.8184143222506394,<=>
5394,BSU_10820,STM2013,25.63,476,315,11,1,452,18,478,1.29e-29,117.0,455,1.0461538461538462,<=>
5397,BSU_10830,STM3678,25.362,276,178,4,13,285,17,267,1.89e-25,99.4,287,0.9616724738675958,<=>
5434,BSU_10870,STM3066,31.25,192,119,5,23,207,7,192,2.36e-12,60.8,220,0.8727272727272727,<=>
5456,BSU_10910,STM2933,52.284,197,93,1,3,199,4,199,1.12e-77,228.0,199,0.9899497487437185,<=>
5483,BSU_11020,STM0435,42.331,163,92,1,3,163,6,168,6.57e-38,125.0,163,1.0,<=>
5484,BSU_11140,STM0784,30.855,269,169,8,7,264,5,267,1.17e-31,115.0,270,0.9962962962962963,<=>
5492,BSU_11150,STM4380,29.961,257,170,4,1,255,1,249,6.11e-35,122.0,255,1.007843137254902,<=>
5495,BSU_11190,STM4121,38.938,339,191,7,5,338,6,333,3.8499999999999995e-68,214.0,345,0.9826086956521739,<=>
5496,BSU_11210,STM4122,34.646,254,160,5,1,250,1,252,1.02e-30,112.0,258,0.9844961240310077,<=>
5498,BSU_11220,STM3468,41.818,385,212,4,4,377,17,400,8.56e-96,289.0,385,1.0,<=>
5511,BSU_11250,STM4465,39.879,331,169,9,8,310,4,332,3.17e-67,211.0,319,1.0376175548589341,<=>
5514,BSU_11330,STM1193,44.025,318,169,3,1,310,1,317,4.7399999999999994e-89,266.0,312,1.0192307692307692,<=>
5515,BSU_11340,STM1197,54.612,412,185,2,1,410,1,412,1.71e-153,437.0,413,0.9975786924939467,<=>
5518,BSU_11360,STM3627,48.254,315,162,1,3,317,2,315,4.29e-106,310.0,328,0.9603658536585366,<=>
5687,BSU_11390,STM0850,40.379,317,176,4,1,316,1,305,8.58e-77,234.0,316,1.0031645569620253,<=>
5692,BSU_11400,STM3628,45.27,296,148,5,15,300,6,297,1.96e-69,215.0,303,0.976897689768977,<=>
5699,BSU_11420,STM3481,55.183,328,143,3,2,325,3,330,1.9e-126,362.0,330,0.9939393939393939,<=>
5701,BSU_11430,STM1746,35.67,485,298,9,39,518,77,552,6.24e-90,285.0,545,0.8899082568807339,<=>
5709,BSU_11440,STM1745,50.82,305,148,1,1,303,1,305,6.28e-106,308.0,311,0.9807073954983923,<=>
5716,BSU_11450,STM1744,44.444,288,158,1,19,304,15,302,5.4100000000000004e-86,257.0,305,0.9442622950819672,<=>
5723,BSU_11460,STM1743,53.289,304,138,4,7,310,17,316,5.11e-108,317.0,358,0.8491620111731844,<=>
5907,BSU_11630,STM0088,23.973,292,148,10,1,237,1,273,1.9e-14,68.2,244,1.1967213114754098,<=>
5914,BSU_11690,STM4160,48.016,252,130,1,3,254,1,251,3.0400000000000003e-73,221.0,256,0.984375,<=>
5918,BSU_11710,STM2146,40.684,263,152,3,1,260,1,262,1.7600000000000001e-59,187.0,271,0.9704797047970479,<=>
5924,BSU_11720,STM1700,51.938,258,120,3,1,257,1,255,2.98e-89,262.0,258,1.0,<=>
5945,BSU_11890,STM1167,27.811,169,122,0,9,177,20,188,2.8099999999999998e-24,91.3,181,0.9337016574585635,<=>
5981,BSU_12060,STM0495,42.857,154,85,2,8,158,2,155,6.52e-31,106.0,159,0.9685534591194969,<=>
5983,BSU_12080,STM0439,40.625,288,160,5,35,321,5,282,1.2299999999999998e-68,213.0,329,0.8753799392097265,<=>
5985,BSU_12160,STM2259,28.157,792,448,19,254,931,35,819,4.41e-77,266.0,985,0.8040609137055837,<=>
6007,BSU_12220,STM2773,22.715,383,227,11,6,354,3,350,1.81e-15,74.3,392,0.9770408163265306,<=>
6008,BSU_12240,STM0503,39.256,242,147,0,5,246,10,251,2.33e-55,175.0,250,0.968,<=>
6091,BSU_12290,STM1211,29.111,371,242,6,27,381,31,396,2.85e-40,145.0,392,0.9464285714285714,<=>
6094,BSU_12300,STM3137,50.638,470,229,3,1,467,1,470,2.05e-178,505.0,473,0.9936575052854123,<=>
6095,BSU_12310,STM4017,37.892,446,270,3,17,458,10,452,4.49e-112,336.0,459,0.971677559912854,<=>
6102,BSU_12320,STM3081,44.611,334,184,1,1,334,1,333,1.21e-104,307.0,337,0.9910979228486647,<=>
6105,BSU_12330,STM1506,39.535,344,195,4,1,338,1,337,1.16e-78,241.0,339,1.0147492625368733,<=>
6116,BSU_12340,STM3135,36.364,385,203,9,1,345,1,383,1.9e-74,233.0,359,1.0724233983286908,<=>
6129,BSU_12360,STM1543,47.912,407,200,2,9,405,10,414,2.85e-135,392.0,422,0.9644549763033176,<=>
6195,BSU_12860,STM3126,26.573,429,251,18,12,399,15,420,9.43e-17,79.3,438,0.9794520547945206,<=>
6327,BSU_12970,STM1800,28.058,278,188,5,41,311,26,298,5.9799999999999995e-34,123.0,319,0.8714733542319749,<=>
6330,BSU_12980,STM3828,25.733,307,189,10,32,316,16,305,1.28e-15,74.3,366,0.8387978142076503,<=>
6339,BSU_13000,STM1742,56.55,313,128,2,2,306,7,319,1.32e-125,360.0,329,0.9513677811550152,<=>
6429,BSU_13040,STM2556,41.519,395,226,3,1,392,1,393,3.05e-103,308.0,399,0.9899749373433584,<=>
6439,BSU_13110,STM1756,45.62,274,143,4,26,299,13,280,9.57e-80,240.0,300,0.9133333333333333,<=>
6441,BSU_13120,STM0321,39.56,364,213,4,4,362,5,366,2.57e-84,257.0,365,0.9972602739726028,<=>
6443,BSU_13130,STM0322,47.666,407,210,2,11,414,9,415,3.13e-127,371.0,415,0.980722891566265,<=>
6448,BSU_13150,STM2920,29.412,136,89,3,8,138,1,134,1.99e-07,44.7,147,0.9251700680272109,<=>
6450,BSU_13160,STM1563,29.268,123,83,2,16,135,20,141,2.63e-11,54.7,136,0.9044117647058824,<=>
6452,BSU_13180,STM3965,47.113,762,382,11,3,755,2,751,0.0,644.0,762,1.0,<=>
6454,BSU_13220,STM0817,28.445,566,329,20,5,513,3,549,2e-41,154.0,547,1.0347349177330896,<=>
6603,BSU_13250,STM1096,45.291,223,117,2,6,228,25,242,3.2599999999999996e-60,187.0,228,0.9780701754385965,<=>
6669,BSU_13420,STM3388,32.027,740,429,16,71,794,1,682,9.070000000000001e-117,366.0,800,0.925,<=>
6697,BSU_13490,STM1844,43.607,305,142,8,4,297,3,288,9.350000000000001e-77,233.0,298,1.023489932885906,<=>
6724,BSU_13540,STM1659,40.252,159,83,5,9,158,11,166,1.25e-30,106.0,165,0.9636363636363636,<=>
6727,BSU_13570,STM0308,32.271,251,161,7,5,253,6,249,9.34e-39,133.0,259,0.9691119691119691,<=>
6730,BSU_13580,STM2402,38.727,377,222,3,9,379,13,386,5.28e-94,285.0,398,0.9472361809045227,<=>
6762,BSU_13680,STM1922,26.394,269,168,10,1,251,10,266,2.45e-17,77.0,261,1.0306513409961686,<=>
6765,BSU_13690,STM1923,27.891,294,181,7,6,270,4,295,8.01e-22,89.4,270,1.0888888888888888,<=>
6766,BSU_13700,STM2660,47.681,690,283,12,80,694,167,853,0.0,603.0,699,0.9871244635193133,<=>
6771,BSU_13720,STM0455,57.143,217,89,2,4,216,2,218,2.15e-90,262.0,219,0.9908675799086758,<=>
6772,BSU_13730,STM2949,35.659,129,67,4,17,141,2,118,1.1e-17,71.2,149,0.8657718120805369,<=>
6827,BSU_13910,STM2432,49.47,566,284,1,4,567,2,567,0.0,548.0,570,0.9929824561403509,<=>
6842,BSU_13960,STM0519,37.546,269,167,1,5,273,3,270,5.72e-60,190.0,288,0.9340277777777778,<=>
6888,BSU_14010,STM2314,31.208,298,181,10,14,293,17,308,2.61e-29,111.0,303,0.9834983498349835,<=>
6987,BSU_14220,STM0402,43.889,180,97,1,5,180,3,182,1.67e-49,156.0,180,1.0,<=>
6992,BSU_14260,STM3994,29.082,196,120,9,5,192,9,193,2.45e-14,65.5,199,0.9849246231155779,<=>
6996,BSU_14280,STM0846,33.161,386,242,7,27,408,30,403,1.09e-47,166.0,430,0.8976744186046511,<=>
6999,BSU_14310,STM0805,33.333,81,50,2,1,77,3,83,6.39e-12,52.8,77,1.051948051948052,<=>
7250,BSU_14380,STM3262,33.184,223,142,4,1,217,1,222,6.87e-25,96.7,251,0.8884462151394422,<=>
7261,BSU_14390,STM1326,31.359,287,192,3,2,283,4,290,5.4299999999999997e-39,136.0,303,0.9471947194719472,<=>
7282,BSU_14430,STM0838,45.763,531,287,1,1,531,1,530,6.52e-180,514.0,540,0.9833333333333333,<=>
7433,BSU_14610,STM0154,47.186,462,235,5,8,464,5,462,1.4299999999999999e-136,399.0,470,0.9829787234042553,<=>
7444,BSU_14630,STM3114,26.094,594,306,24,7,473,102,689,2.12e-28,116.0,490,1.2122448979591838,<=>
7450,BSU_14670,STM2546,33.6,250,162,4,10,257,7,254,2.3e-44,148.0,265,0.9433962264150944,<=>
7453,BSU_14770,STM4009,54.485,602,274,0,6,607,4,605,0.0,692.0,612,0.9836601307189542,<=>
7466,BSU_14830,STM1525,39.145,304,183,2,6,309,7,308,1.82e-75,231.0,309,0.9838187702265372,<=>
7482,BSU_15010,STM3572,31.319,182,121,1,1,182,12,189,1.85e-25,94.7,184,0.9891304347826086,<=>
7484,BSU_15020,STM3725,42.767,159,91,0,1,159,1,159,5.13e-49,152.0,161,0.9875776397515528,<=>
7485,BSU_15040,STM1754,30.169,295,159,5,1,250,1,293,1.54e-36,128.0,260,1.1346153846153846,<=>
7488,BSU_15110,STM0434,28.333,300,195,9,1,291,1,289,1.51e-18,81.3,298,1.0067114093959733,<=>
7490,BSU_15130,STM0119,36.364,143,86,2,1,138,1,143,7.050000000000001e-26,92.8,143,1.0,<=>
7491,BSU_15140,STM0120,45.397,315,156,6,2,309,5,310,2.5600000000000002e-86,259.0,311,1.0128617363344052,<=>
7497,BSU_15170,STM1836,30.551,563,361,13,14,567,17,558,9.219999999999999e-68,229.0,646,0.871517027863777,<=>
7501,BSU_15180,STM0123,37.91,488,278,7,14,484,12,491,1.53e-88,277.0,494,0.9878542510121457,<=>
7507,BSU_15190,STM0125,46.505,329,154,6,9,318,29,354,1.88e-86,261.0,324,1.0154320987654322,<=>
7509,BSU_15200,STM0126,32.594,451,264,13,8,443,5,430,6.95e-54,183.0,451,1.0,<=>
7512,BSU_15210,STM0127,38.71,372,218,3,2,365,33,402,1.15e-82,255.0,366,1.0163934426229508,<=>
7514,BSU_15220,STM0128,29.396,364,239,9,2,363,7,354,1.36e-47,162.0,363,1.002754820936639,<=>
7515,BSU_15230,STM4137,26.224,286,164,8,62,300,45,330,2.3e-18,81.3,303,0.9438943894389439,<=>
7516,BSU_15280,STM0132,35.509,383,231,6,2,370,5,385,1.65e-72,231.0,440,0.8704545454545455,<=>
7519,BSU_15290,STM0133,47.486,358,184,3,25,378,24,381,7.2200000000000005e-99,296.0,382,0.93717277486911,<=>
7614,BSU_15370,STM2661,31.559,263,158,7,13,275,2,242,5.23e-31,113.0,278,0.9460431654676259,<=>
7615,BSU_15380,STM3100,33.772,228,139,6,3,222,4,227,3.23e-32,114.0,230,0.991304347826087,<=>
7618,BSU_15430,STM0046,43.209,935,497,11,2,910,3,929,0.0,761.0,921,1.015200868621064,<=>
7624,BSU_15450,STM0047,31.41,156,100,3,2,153,13,165,9.600000000000001e-21,80.5,154,1.0129870129870129,<=>
7625,BSU_15460,STM2662,41.401,314,166,5,3,302,6,315,7.900000000000001e-73,224.0,303,1.0363036303630364,<=>
7631,BSU_15480,STM2497,43.274,446,223,7,1,434,1,428,8.670000000000001e-121,355.0,435,1.025287356321839,<=>
7640,BSU_15510,STM0066,48.238,369,169,5,5,351,7,375,8.12e-107,315.0,364,1.0137362637362637,<=>
7644,BSU_15520,STM0067,49.63,1080,527,9,1,1071,1,1072,0.0,1050.0,1071,1.0084033613445378,<=>
7647,BSU_15530,STM2549,29.046,241,124,13,35,250,45,263,2.18e-15,70.9,256,0.94140625,<=>
7652,BSU_15550,STM1707,40.625,224,129,2,7,230,18,237,8.42e-44,145.0,239,0.9372384937238494,<=>
7654,BSU_15570,STM2946,32.558,215,129,8,27,233,37,243,1.78e-25,97.4,233,0.9227467811158798,<=>
7664,BSU_15650,STM3763,29.058,881,541,21,17,864,44,873,1.13e-99,329.0,890,0.9898876404494382,<=>
7672,BSU_15660,STM3735,30.241,291,199,3,1,291,1,287,1.25e-33,121.0,291,1.0,<=>
7673,BSU_15680,STM3740,42.786,201,110,2,4,201,3,201,1.6299999999999999e-52,165.0,204,0.9852941176470589,<=>
7675,BSU_15700,STM3730,41.176,408,232,5,2,405,4,407,3.6599999999999997e-90,275.0,406,1.0049261083743843,<=>
7676,BSU_15710,STM4095,33.913,805,452,14,1,801,1,729,1.21e-148,451.0,805,1.0,<=>
7681,BSU_15720,STM3406,47.651,149,75,3,1,147,1,148,3.21e-40,130.0,160,0.93125,<=>
7682,BSU_15730,STM3407,45.118,297,162,1,3,299,6,301,1.29e-86,259.0,317,0.9369085173501577,<=>
7686,BSU_15740,STM3408,33.554,453,267,15,2,446,3,429,4.47e-61,202.0,447,1.0134228187919463,<=>
7689,BSU_15750,STM2525,37.425,334,200,5,27,353,31,362,6.03e-78,242.0,363,0.9201101928374655,<=>
7690,BSU_15780,STM4349,37.124,299,156,12,19,295,63,351,2.83e-50,167.0,298,1.0033557046979866,<=>
7691,BSU_15790,STM3483,51.415,212,101,2,4,214,6,216,9.31e-75,223.0,217,0.9769585253456221,<=>
7703,BSU_15870,STM3744,39.79,666,338,18,11,637,13,654,1.26e-140,424.0,682,0.9765395894428153,<=>
7709,BSU_15890,STM1192,36.615,325,199,2,1,318,4,328,3.9499999999999995e-67,212.0,333,0.975975975975976,<=>
7710,BSU_15900,STM1194,44.481,308,169,2,1,307,1,307,3.5e-81,246.0,317,0.9716088328075709,<=>
7711,BSU_15910,STM1195,51.653,242,113,2,5,246,6,243,3.23e-85,251.0,246,0.983739837398374,<=>
7724,BSU_15920,STM1196,61.039,77,30,0,1,77,1,77,3.43e-25,86.3,77,1.0,<=>
7726,BSU_15930,STM2581,35.683,227,135,4,20,243,6,224,5.55e-37,127.0,249,0.9116465863453815,<=>
7730,BSU_15980,STM2677,54.481,424,192,1,3,425,2,425,5.01e-164,467.0,446,0.9506726457399103,<=>
7732,BSU_15990,STM2676,50.0,74,35,1,3,74,2,75,1.64e-19,72.8,90,0.8222222222222222,<=>
7733,BSU_16020,STM2675,30.233,172,107,4,8,171,16,182,2.52e-22,85.9,174,0.9885057471264368,<=>
7734,BSU_16030,STM2674,46.914,243,129,0,1,243,1,243,3.2200000000000003e-79,236.0,243,1.0,<=>
7735,BSU_16040,STM2673,57.143,112,48,0,1,112,1,112,1.0299999999999999e-40,128.0,115,0.9739130434782609,<=>
7741,BSU_16090,STM0738,55.325,385,172,0,1,385,1,385,5.02e-156,442.0,385,1.0,<=>
7742,BSU_16100,STM0739,65.744,289,99,0,1,289,1,289,6.71e-137,386.0,300,0.9633333333333334,<=>
7745,BSU_16120,STM1714,40.027,752,366,14,1,683,1,736,6.839999999999999e-172,511.0,691,1.0882778581765558,<=>
7756,BSU_16150,STM4092,53.448,174,78,2,7,180,2,172,3.4e-61,185.0,181,0.9613259668508287,<=>
7757,BSU_16160,STM4091,50.649,462,206,4,6,467,4,443,2.18e-164,468.0,467,0.9892933618843683,<=>
7763,BSU_16180,STM1174,26.724,116,77,2,21,128,22,137,6.28e-10,50.8,129,0.8992248062015504,<=>
7764,BSU_16190,STM1175,38.0,150,77,3,1,150,1,134,8.95e-30,102.0,150,1.0,<=>
7766,BSU_16200,STM1968,33.708,89,58,1,19,106,16,104,6.95e-10,49.3,106,0.839622641509434,<=>
7768,BSU_16220,STM1970,32.537,335,216,4,8,338,3,331,3.45e-54,177.0,338,0.9911242603550295,<=>
7769,BSU_16240,STM1972,49.531,426,205,4,15,430,24,449,2.57e-140,406.0,438,0.9726027397260274,<=>
7776,BSU_16290,STM1179,39.623,265,152,5,1,262,1,260,5.05e-56,177.0,264,1.003787878787879,<=>
7780,BSU_16310,STM1976,28.173,323,223,6,1,320,1,317,1.92e-37,134.0,332,0.9728915662650602,<=>
7819,BSU_16350,STM1979,52.358,212,101,0,10,221,32,243,1.53e-76,228.0,221,0.9592760180995475,<=>
7822,BSU_16360,STM1980,52.809,89,42,0,1,89,1,89,5.82e-20,73.9,89,1.0,<=>
7825,BSU_16370,STM1981,25.764,229,167,1,15,243,20,245,4.76e-21,86.7,259,0.8841698841698842,<=>
7828,BSU_16380,STM1914,38.395,349,207,2,13,357,8,352,1.93e-82,253.0,360,0.9694444444444444,<=>
7831,BSU_16390,STM1913,44.395,678,341,12,10,670,26,684,4.4599999999999995e-168,495.0,677,1.0014771048744462,<=>
7838,BSU_16420,STM1917,41.399,343,176,8,2,338,4,327,4.74e-81,248.0,357,0.9607843137254902,<=>
7863,BSU_16430,STM1921,34.949,681,406,12,1,670,3,657,4.7999999999999995e-126,385.0,672,1.0133928571428572,<=>
7869,BSU_16440,STM1920,28.571,140,100,0,7,146,15,154,1.2e-18,75.1,156,0.8974358974358975,<=>
7870,BSU_16470,STM1956,38.053,226,138,1,27,252,16,239,2.14e-50,162.0,254,0.889763779527559,<=>
7874,BSU_16490,STM0216,53.306,242,112,1,1,242,1,241,5.66e-91,265.0,246,0.983739837398374,<=>
7875,BSU_16500,STM0217,48.421,285,135,4,3,287,4,276,3.87e-79,239.0,293,0.9726962457337884,<=>
7876,BSU_16510,STM0218,48.511,235,120,1,3,237,6,239,3.6e-77,230.0,240,0.9791666666666666,<=>
7877,BSU_16520,STM0219,51.724,174,84,0,12,185,12,185,4.04e-61,185.0,185,0.9405405405405406,<=>
7878,BSU_16530,STM0221,49.115,226,115,0,34,259,19,244,2.32e-71,216.0,260,0.8692307692307693,<=>
7880,BSU_16550,STM0220,41.344,387,214,3,1,375,1,386,6.87e-98,294.0,383,1.010443864229765,<=>
7885,BSU_16570,STM0242,50.175,570,275,6,1,563,1,568,0.0,571.0,564,1.0106382978723405,<=>
7904,BSU_16650,STM3285,40.517,116,64,3,4,114,7,122,1.79e-23,85.1,117,0.9914529914529915,<=>
7906,BSU_16670,STM0045,35.691,311,178,8,11,311,8,306,2.63e-55,179.0,316,0.9841772151898734,<=>
7907,BSU_16680,STM3283,55.056,89,40,0,1,89,1,89,6.01e-32,104.0,89,1.0,<=>
7908,BSU_16690,STM3282,51.245,683,327,3,12,691,11,690,0.0,676.0,705,0.9687943262411347,<=>
7916,BSU_16750,STM2369,31.105,344,220,7,1,340,1,331,5.0499999999999997e-48,162.0,346,0.9942196531791907,<=>
7923,BSU_16770,STM2489,47.253,273,142,2,9,280,8,279,1.04e-86,258.0,290,0.9413793103448276,<=>
7974,BSU_16940,STM2829,62.928,321,119,0,3,323,6,326,3.57e-153,432.0,348,0.9224137931034483,<=>
7977,BSU_16990,STM3708,48.529,340,173,2,6,345,1,338,1.54e-114,333.0,347,0.9798270893371758,<=>
7987,BSU_17000,STM3709,41.071,392,227,3,5,392,6,397,4.19e-107,318.0,392,1.0,<=>
7990,BSU_17010,STM0670,44.545,440,239,4,66,502,3,440,2.24e-129,382.0,509,0.8644400785854617,<=>
7992,BSU_17040,STM2909,37.998,879,487,14,1,855,9,853,0.0,601.0,858,1.0244755244755244,<=>
7994,BSU_17080,STM0869,22.826,184,129,3,3,185,7,178,1.71e-09,52.4,205,0.8975609756097561,<=>
8076,BSU_17290,STM1483,40.404,99,55,2,6,102,11,107,1.2e-16,67.0,117,0.8461538461538461,<=>
8083,BSU_17330,STM4360,37.209,301,182,4,8,305,12,308,9.2e-65,204.0,314,0.9585987261146497,<=>
8085,BSU_17370,STM2806,33.043,115,68,4,4,109,5,119,1.42e-14,62.8,130,0.8846153846153846,<=>
8086,BSU_17380,STM2807,44.848,689,370,4,20,700,28,714,0.0,637.0,700,0.9842857142857143,<=>
8095,BSU_17430,STM4362,40.0,395,226,5,9,397,9,398,1.1e-85,265.0,420,0.9404761904761905,<=>
8105,BSU_17460,STM4007,41.649,473,235,12,5,442,2,468,9.78e-106,319.0,444,1.0653153153153154,<=>
8108,BSU_17570,STM4065,33.996,453,279,8,8,451,2,443,9.469999999999999e-81,254.0,463,0.978401727861771,<=>
8116,BSU_17590,STM1488,25.143,350,245,4,9,341,13,362,1.46e-33,126.0,384,0.9114583333333334,<=>
8121,BSU_17600,STM3661,49.312,436,219,2,11,444,4,439,7.2e-161,458.0,445,0.9797752808988764,<=>
8122,BSU_17610,STM3660,36.646,483,293,7,5,483,3,476,4.3e-94,291.0,499,0.9679358717434869,<=>
8155,BSU_17640,STM4247,33.962,371,222,10,12,379,8,358,1.08e-52,176.0,394,0.9416243654822335,<=>
8157,BSU_17660,STM3731,31.25,128,73,6,26,144,30,151,8.69e-07,43.1,144,0.8888888888888888,<=>
8160,BSU_17850,STM4237,33.333,207,125,4,1,203,1,198,6.62e-33,114.0,205,1.0097560975609756,<=>
8163,BSU_17890,STM3076,48.949,666,329,6,5,665,4,663,0.0,640.0,667,0.9985007496251874,<=>
8196,BSU_18000,STM1712,56.402,906,379,5,1,906,1,890,0.0,1013.0,909,0.9966996699669967,<=>
8205,BSU_18040,STM0744,27.523,109,75,1,2,110,21,125,3.63e-08,45.8,121,0.9008264462809917,<=>
8207,BSU_18070,STM3207,34.409,186,120,2,6,190,8,192,1.07e-27,100.0,193,0.9637305699481865,<=>
8208,BSU_18080,STM1078,39.669,121,71,1,8,126,6,126,2.94e-28,98.2,135,0.8962962962962963,<=>
8224,BSU_18190,STM2170,25.258,194,135,3,2,192,6,192,6.31e-10,53.5,198,0.9797979797979798,<=>
8230,BSU_18220,STM0070,36.122,263,161,4,1,259,1,260,3.47e-41,139.0,260,1.0115384615384615,<=>
8251,BSU_18260,STM1356,34.286,385,241,6,1,380,1,378,5.9700000000000004e-64,206.0,380,1.013157894736842,<=>
8346,BSU_18350,STM3300,28.054,442,296,9,37,470,20,447,4.08e-42,153.0,491,0.90020366598778,<=>
8354,BSU_18410,STM3551,41.338,583,295,15,13,572,11,569,3.25e-136,406.0,587,0.9931856899488927,<=>
8401,BSU_18440,STM3331,36.68,488,276,10,7,486,8,470,1.34e-88,276.0,493,0.9898580121703854,<=>
8405,BSU_18450,STM3330,44.114,1478,795,14,12,1473,2,1464,0.0,1219.0,1520,0.9723684210526315,<=>
8463,BSU_18530,STM1502,26.282,156,110,2,12,167,9,159,2.66e-09,51.2,177,0.8813559322033898,<=>
8471,BSU_18550,STM2977,25.0,452,305,12,3,438,2,435,1.9000000000000003e-21,94.0,487,0.9281314168377823,<=>
8482,BSU_18570,STM0611,30.747,696,435,17,11,668,51,737,9.13e-86,282.0,680,1.0235294117647058,<=>
8500,BSU_18610,STM3152,25.087,574,344,17,3,560,9,512,2.06e-34,134.0,561,1.0231729055258467,<=>
8509,BSU_18620,STM1099,26.789,489,334,12,4,480,14,490,1.92e-55,190.0,483,1.0124223602484472,<=>
8543,BSU_18770,STM1862,25.203,246,180,3,11,254,13,256,4.15e-19,82.4,292,0.8424657534246576,<=>
8553,BSU_19050,STM1108,22.745,255,159,6,16,233,36,289,1.66e-10,57.0,241,1.058091286307054,<=>
8599,BSU_19220,STM3958,39.527,592,346,4,5,586,19,608,5.68e-147,435.0,591,1.0016920473773265,<=>
8606,BSU_19230,STM1642,32.447,188,121,4,1,188,1,182,1.98e-31,110.0,208,0.9038461538461539,<=>
8608,BSU_19310,STM3680,43.388,484,258,6,23,495,28,506,1.04e-130,386.0,495,0.9777777777777777,<=>
8623,BSU_19350,STM4195,42.105,304,176,0,13,316,7,310,2.4400000000000003e-73,226.0,321,0.9470404984423676,<=>
8624,BSU_19360,STM0737,45.238,420,201,5,3,416,5,401,2.19e-122,358.0,417,1.0071942446043165,<=>
8627,BSU_19370,STM0736,39.523,964,525,18,1,940,1,930,0.0,655.0,944,1.021186440677966,<=>
8630,BSU_19400,STM0924,38.608,158,74,10,45,189,26,173,7.08e-12,58.5,196,0.8061224489795918,<=>
8643,BSU_19440,STM1425,34.676,447,288,1,5,447,2,448,3.98e-86,268.0,452,0.9889380530973452,<=>
8646,BSU_19480,STM3955,41.017,295,169,2,1,293,1,292,9.74e-72,220.0,298,0.9899328859060402,<=>
8648,BSU_19520,STM3512,51.919,443,200,3,1,439,1,434,4.07e-151,434.0,444,0.9977477477477478,<=>
8663,BSU_19630,STM4570,61.135,229,88,1,4,231,5,233,3.6900000000000003e-100,288.0,233,0.9828326180257511,<=>
8682,BSU_20040,STM2808,43.75,320,168,7,7,322,8,319,2.37e-83,252.0,329,0.9726443768996961,<=>
8692,BSU_20490,STM1053,28.191,188,116,6,1,180,1,177,9.04e-14,64.7,224,0.8392857142857143,<=>
8778,BSU_21680,STM1291,52.066,121,57,1,4,123,16,136,2.83e-41,132.0,143,0.8461538461538461,<=>
8806,BSU_21790,STM3049,50.0,206,100,2,2,205,11,215,9.4e-62,189.0,213,0.9671361502347418,<=>
8807,BSU_21810,STM0087,43.125,160,90,1,1,160,1,159,3.99e-46,145.0,168,0.9523809523809523,<=>
8808,BSU_21820,STM3001,63.636,264,96,0,1,264,1,264,7.000000000000001e-132,370.0,264,1.0,<=>
8809,BSU_21870,STM3904,47.455,609,265,7,1,555,1,608,0.0,543.0,558,1.0913978494623655,<=>
8812,BSU_21890,STM1993,30.698,215,125,6,9,204,9,218,2.35e-22,87.8,205,1.048780487804878,<=>
8813,BSU_21900,STM1341,43.931,173,75,2,2,155,4,173,3.6e-49,154.0,160,1.08125,<=>
8814,BSU_21910,STM4182,47.841,301,154,2,1,299,1,300,9.76e-101,295.0,301,1.0,<=>
8822,BSU_21990,STM0263,30.07,143,71,4,4,125,6,140,2.72e-12,57.4,132,1.0833333333333333,<=>
8831,BSU_22090,STM0161,42.331,326,177,5,1,325,1,316,8.04e-64,202.0,330,0.9878787878787879,<=>
8858,BSU_22130,STM3018,46.043,278,147,2,1,275,1,278,5.5199999999999996e-92,270.0,275,1.010909090909091,<=>
8859,BSU_22140,STM3017,53.937,254,108,4,6,254,4,253,2.99e-89,262.0,254,1.0,<=>
8885,BSU_22340,STM1453,44.34,212,116,2,1,212,1,210,1.58e-54,171.0,219,0.9680365296803652,<=>
8887,BSU_22360,STM1000,35.333,450,247,14,12,423,16,459,1.0999999999999999e-89,277.0,430,1.0465116279069768,<=>
8906,BSU_22410,STM0180,50.0,116,58,0,1,116,1,116,1.48e-37,121.0,127,0.9133858267716536,<=>
8907,BSU_22420,STM0181,39.35,277,166,1,1,275,1,277,3.31e-65,203.0,286,0.9685314685314685,<=>
8908,BSU_22430,STM0182,46.094,256,135,3,9,264,11,263,1.04e-78,236.0,277,0.924187725631769,<=>
8909,BSU_22440,STM4138,26.708,322,227,4,3,324,4,316,4.64e-26,102.0,325,0.9907692307692307,<=>
8918,BSU_22490,STM0064,30.556,252,161,6,1,244,1,246,9.22e-27,102.0,267,0.9438202247191011,<=>
8919,BSU_22600,STM0978,28.77,431,271,13,11,425,14,424,1.04e-38,141.0,428,1.0070093457943925,<=>
8921,BSU_22620,STM0644,28.402,338,232,8,29,360,24,357,3.22e-36,132.0,360,0.9388888888888889,<=>
8929,BSU_22630,STM1727,35.965,228,144,2,10,235,16,243,2.27e-40,137.0,267,0.8539325842696629,<=>
8930,BSU_22640,STM1726,54.78,387,168,4,11,393,9,392,7.1e-150,427.0,400,0.9675,<=>
8935,BSU_22680,STM1723,34.375,416,243,9,96,503,125,518,1.15e-72,237.0,515,0.8077669902912621,<=>
8939,BSU_22700,STM3486,40.751,346,191,7,1,338,1,340,3.72e-80,246.0,362,0.9558011049723757,<=>
8940,BSU_22710,STM2384,37.709,358,192,10,1,357,10,337,5.49e-51,172.0,390,0.9179487179487179,<=>
8941,BSU_22720,STM1918,30.932,236,151,6,13,239,36,268,2.76e-31,114.0,256,0.921875,<=>
8942,BSU_22730,STM2526,48.905,137,70,0,2,138,3,139,2.3e-46,145.0,149,0.9194630872483222,<=>
8943,BSU_22740,STM3305,32.45,302,198,3,49,346,22,321,1.3e-51,171.0,348,0.867816091954023,<=>
8945,BSU_22750,STM3970,36.752,234,144,2,4,233,17,250,1.3499999999999999e-52,167.0,233,1.0042918454935623,<=>
8950,BSU_22780,STM2193,37.895,190,111,4,2,187,33,219,5.37e-35,120.0,190,1.0,<=>
8951,BSU_22790,STM4170,57.303,89,38,0,1,89,1,89,2.21e-33,108.0,92,0.967391304347826,<=>
8955,BSU_22830,STM3700,38.671,331,200,2,4,333,8,336,1.2399999999999999e-84,256.0,345,0.9594202898550724,<=>
8956,BSU_22840,STM2519,38.901,455,248,3,4,430,3,455,1.19e-107,324.0,436,1.0435779816513762,<=>
8971,BSU_22890,STM0980,44.907,216,119,0,7,222,8,223,5.11e-61,188.0,224,0.9642857142857143,<=>
8974,BSU_22960,STM1795,46.269,402,212,2,25,425,39,437,2.31e-122,360.0,427,0.9414519906323185,<=>
8987,BSU_23080,STM1358,54.183,251,115,0,1,251,1,251,1.47e-95,278.0,255,0.984313725490196,<=>
9017,BSU_23120,STM2131,42.373,236,127,4,5,239,9,236,5.04e-55,174.0,240,0.9833333333333333,<=>
9054,BSU_23150,STM1116,25.478,157,107,6,3,158,4,151,2.77e-09,50.8,179,0.8770949720670391,<=>
9056,BSU_23160,STM1719,40.244,246,135,7,2,238,3,245,1.11e-43,146.0,244,1.0081967213114753,<=>
9065,BSU_23250,STM0417,52.258,155,73,1,1,154,1,155,1.28e-56,171.0,154,1.0064935064935066,<=>
9068,BSU_23270,STM1426,39.785,186,108,3,1,183,1,185,1.5500000000000002e-37,127.0,215,0.8651162790697674,<=>
9069,BSU_23280,STM0416,41.644,365,196,4,2,354,3,362,1.21e-86,263.0,361,1.0110803324099722,<=>
9074,BSU_23380,STM3013,31.121,437,260,15,12,431,7,419,2.5e-47,165.0,439,0.9954441913439636,<=>
9084,BSU_23480,STM0637,33.607,366,218,6,36,385,45,401,4.75e-60,197.0,389,0.9408740359897172,<=>
9087,BSU_23490,STM2422,45.306,245,134,0,19,263,25,269,1.1e-77,234.0,271,0.9040590405904059,<=>
9088,BSU_23500,STM4569,46.959,411,184,13,8,390,3,407,2.61e-104,311.0,394,1.0431472081218274,<=>
9089,BSU_23510,STM3044,44.444,297,156,3,4,296,7,298,3.28e-83,249.0,296,1.0033783783783783,<=>
9095,BSU_23520,STM0693,34.058,138,88,1,12,149,8,142,2.34e-20,79.0,149,0.9261744966442953,<=>
9100,BSU_23570,STM4326,47.742,465,240,2,9,470,6,470,1.69e-149,432.0,475,0.9789473684210527,<=>
9103,BSU_23580,STM1294,31.707,328,209,8,2,319,4,326,7.06e-50,166.0,329,0.9969604863221885,<=>
9106,BSU_23610,STM2477,32.787,183,106,7,8,176,6,185,7.23e-19,77.0,185,0.9891891891891892,<=>
9123,BSU_23690,STM1619,25.18,139,84,4,1,125,1,133,0.000203,36.6,156,0.8910256410256411,<=>
9126,BSU_23710,PSLT054,27.481,393,252,13,9,381,4,383,7.460000000000001e-26,105.0,412,0.9538834951456311,<=>
9128,BSU_23730,STM1166,24.471,331,220,9,30,350,31,341,1.71e-11,62.4,410,0.8073170731707318,<=>
9133,BSU_23760,STM4139,49.371,318,159,2,1,318,1,316,8.42e-103,301.0,319,0.9968652037617555,<=>
9135,BSU_23770,STM3802,57.075,424,178,2,15,434,12,435,1.5099999999999999e-159,455.0,448,0.9464285714285714,<=>
9150,BSU_23800,STM0386,30.534,262,180,2,2,262,3,263,3.75e-44,148.0,278,0.9424460431654677,<=>
9152,BSU_23820,STM1436,33.239,352,201,10,4,329,5,348,1.1899999999999999e-48,164.0,338,1.0414201183431953,<=>
9154,BSU_23840,STM2313,48.0,300,155,1,1,299,1,300,2.79e-99,291.0,307,0.9771986970684039,<=>
9156,BSU_23850,STM1886,39.315,496,282,7,1,486,1,487,7.370000000000001e-122,362.0,489,1.0143149284253579,<=>
9157,BSU_23860,STM2081,70.213,470,137,3,1,469,1,468,0.0,687.0,469,1.0021321961620469,<=>
9161,BSU_23870,STM0313,35.569,343,213,5,6,345,2,339,1.29e-65,210.0,414,0.8285024154589372,<=>
9263,BSU_23970,STM0663,39.423,208,119,3,2,202,3,210,3.98e-46,149.0,219,0.9497716894977168,<=>
9274,BSU_23980,STM0830,35.798,257,148,6,3,254,2,246,6.33e-39,133.0,255,1.007843137254902,<=>
9342,BSU_24120,STM0368,43.796,274,150,3,18,287,10,283,1.38e-75,230.0,301,0.9102990033222591,<=>
9344,BSU_24130,STM0370,60.127,474,186,1,2,472,10,483,0.0,604.0,472,1.0042372881355932,<=>
9354,BSU_24170,STM3019,44.501,391,216,1,1,391,1,390,4.4199999999999995e-108,320.0,393,0.9949109414758269,<=>
9390,BSU_24240,STM2684,35.017,574,342,9,1,566,1,551,4.26e-101,314.0,576,0.9965277777777778,<=>
9393,BSU_24250,STM3360,29.371,143,94,4,10,149,14,152,2.45e-11,55.5,149,0.959731543624161,<=>
9394,BSU_24270,STM0422,45.336,611,318,6,12,620,20,616,0.0,533.0,633,0.9652448657187994,<=>
9399,BSU_24280,STM0423,43.206,287,157,4,15,295,12,298,5.1e-56,180.0,296,0.9695945945945946,<=>
9401,BSU_24290,STM0424,42.857,70,39,1,5,73,3,72,7.59e-15,60.5,84,0.8333333333333334,<=>
9402,BSU_24300,STM2512,39.726,438,261,2,4,440,7,442,8.85e-114,339.0,448,0.9776785714285714,<=>
9403,BSU_24310,STM0542,50.538,279,137,1,1,278,1,279,1.18e-95,280.0,283,0.9858657243816255,<=>
9404,BSU_24320,STM0418,37.5,120,66,4,8,121,11,127,4.35e-18,72.0,131,0.916030534351145,<=>
9405,BSU_24340,STM3380,55.856,444,192,3,1,443,1,441,3.5899999999999995e-172,488.0,450,0.9866666666666667,<=>
9410,BSU_24450,STM4334,43.333,180,102,0,5,184,7,186,2.3099999999999997e-48,153.0,185,0.972972972972973,<=>
9426,BSU_24570,STM3055,39.037,374,199,10,1,361,1,358,3.31e-83,254.0,362,1.0331491712707181,<=>
9438,BSU_24720,STM0142,21.893,338,232,7,4,323,73,396,2.68e-13,67.0,323,1.0464396284829722,<=>
9448,BSU_24770,STM2495,30.0,120,77,3,1,116,1,117,8.58e-12,55.1,126,0.9523809523809523,<=>
9450,BSU_24790,STM0997,33.493,209,137,1,1,207,1,209,2.06e-37,127.0,211,0.990521327014218,<=>
9457,BSU_24850,STM0393,30.818,318,182,11,8,310,4,298,1.2800000000000001e-27,106.0,321,0.9906542056074766,<=>
9462,BSU_24890,STM3061,31.395,172,114,2,15,182,8,179,3.07e-22,85.9,187,0.9197860962566845,<=>
9549,BSU_24960,STM3854,59.109,247,101,0,23,269,11,257,1.0100000000000001e-110,317.0,269,0.9182156133828996,<=>
9633,BSU_24970,STM3855,31.183,279,157,9,9,281,38,287,1.76e-30,113.0,294,0.9489795918367347,<=>
9644,BSU_24980,STM3856,28.852,305,185,6,27,306,14,311,1.66e-34,125.0,309,0.9870550161812298,<=>
9662,BSU_25020,STM4055,59.135,208,77,2,1,202,1,206,1.48e-84,246.0,202,1.0297029702970297,<=>
9664,BSU_25070,STM2523,48.696,345,177,0,8,352,8,352,3.22e-115,337.0,377,0.9151193633952255,<=>
9667,BSU_25130,STM2203,33.582,268,164,6,1,260,1,262,1.89e-43,147.0,297,0.9023569023569024,<=>
9675,BSU_25160,STM0049,38.225,293,167,7,1,287,1,285,2.07e-58,187.0,314,0.9331210191082803,<=>
9680,BSU_25200,STM2924,42.991,321,175,4,39,358,1,314,3.44e-79,243.0,371,0.8652291105121294,<=>
9684,BSU_25230,STM0387,34.752,141,91,1,15,154,2,142,4.72e-18,73.6,164,0.8597560975609756,<=>
9685,BSU_25240,STM1348,25.806,279,170,10,3,262,6,266,2.25e-20,85.1,270,1.0333333333333334,<=>
9688,BSU_25260,STM3655,35.354,693,426,10,1,676,1,688,9.72e-133,404.0,679,1.0206185567010309,<=>
9689,BSU_25270,STM3656,63.23,291,101,2,2,286,8,298,6.4099999999999994e-136,384.0,295,0.9864406779661017,<=>
9691,BSU_25290,STM2580,38.87,301,181,3,1,299,1,300,1.76e-76,233.0,301,1.0,<=>
9699,BSU_25320,STM0668,38.931,131,68,3,27,153,23,145,6.24e-24,88.6,157,0.8343949044585988,<=>
9700,BSU_25340,STM0669,51.974,304,139,4,19,316,32,334,4.16e-90,270.0,319,0.9529780564263323,<=>
9707,BSU_25440,STM3094,31.602,231,141,5,19,245,34,251,2.25e-28,105.0,256,0.90234375,<=>
9708,BSU_25450,STM3383,32.268,313,189,9,1,311,1,292,5.49e-33,120.0,311,1.0064308681672025,<=>
9711,BSU_25460,STM0013,51.842,380,169,5,1,372,1,374,1.25e-120,351.0,375,1.0133333333333334,<=>
9714,BSU_25470,STM0012,54.874,636,257,4,1,606,1,636,0.0,669.0,611,1.0409165302782324,<=>
9720,BSU_25500,STM3104,31.053,380,249,7,3,378,8,378,1.57e-60,197.0,379,1.0026385224274406,<=>
9723,BSU_25510,STM2583,58.277,592,246,1,14,605,4,594,0.0,722.0,612,0.9673202614379085,<=>
9735,BSU_25550,STM0043,41.379,87,51,0,1,87,1,87,9.33e-15,60.5,88,0.9886363636363636,<=>
9750,BSU_25640,STM0645,34.272,213,113,5,1,187,1,212,9.150000000000001e-35,119.0,189,1.126984126984127,<=>
9751,BSU_25650,STM3298,40.0,95,56,1,2,96,16,109,9.61e-18,69.3,96,0.9895833333333334,<=>
9753,BSU_25660,STM3401,33.829,269,162,8,5,267,4,262,6.96e-34,121.0,280,0.9607142857142857,<=>
9812,BSU_26500,STM1966,33.333,72,48,0,3,74,6,77,2.01e-10,48.9,75,0.96,<=>
9822,BSU_26590,STM1545,24.814,403,275,11,5,394,17,404,1.4600000000000001e-27,110.0,400,1.0075,<=>
9893,BSU_26650,STM0758,40.187,321,173,8,1,311,1,312,1.1399999999999998e-68,213.0,311,1.0321543408360128,<=>
9934,BSU_26720,STM0959,33.108,148,99,0,2,149,9,156,4.4400000000000004e-29,102.0,157,0.9426751592356688,<=>
9943,BSU_26850,STM0421,35.312,320,177,7,1,304,1,306,3.63e-51,169.0,326,0.9815950920245399,<=>
9989,BSU_26970,STM0615,41.538,390,214,3,1,378,1,388,1.72e-101,303.0,378,1.0317460317460319,<=>
10006,BSU_27010,STM4486,38.05,318,187,2,29,344,26,335,3.49e-69,217.0,349,0.9111747851002865,<=>
10019,BSU_27040,STM1832,60.15,266,105,1,10,274,19,284,1.24e-117,336.0,275,0.9672727272727273,<=>
10023,BSU_27050,STM1831,55.762,269,113,2,1,268,3,266,2.88e-88,260.0,269,1.0,<=>
10034,BSU_27070,STM3772,25.758,132,95,2,4,135,10,138,2.62e-07,44.3,146,0.9041095890410958,<=>
10036,BSU_27080,STM0571,30.415,891,548,19,30,896,28,870,1.9799999999999998e-128,407.0,935,0.9529411764705882,<=>
10063,BSU_27100,STM1270,27.228,202,137,4,7,206,13,206,1.94e-19,79.7,210,0.9619047619047619,<=>
10076,BSU_27200,STM0974,32.616,279,158,7,6,259,12,285,3.9600000000000003e-32,116.0,266,1.0488721804511278,<=>
10098,BSU_27250,STM4100,43.164,373,210,2,2,372,4,376,1.3299999999999998e-104,310.0,379,0.9841688654353562,<=>
10104,BSU_27270,STM0207,53.913,230,105,1,1,230,1,229,6.760000000000001e-86,251.0,231,0.9956709956709957,<=>
10112,BSU_27320,STM3299,42.208,154,87,1,5,156,2,155,2.28e-38,125.0,157,0.9808917197452229,<=>
10115,BSU_27330,STM2122,54.634,205,89,1,6,206,9,213,8.05e-77,227.0,211,0.9715639810426541,<=>
10118,BSU_27340,STM2136,33.254,421,230,9,21,397,3,416,6.45e-68,219.0,422,0.9976303317535545,<=>
10125,BSU_27370,STM1199,31.511,311,188,8,56,360,46,337,3.87e-39,139.0,360,0.8638888888888889,<=>
10126,BSU_27390,STM3097,33.835,133,86,1,3,135,5,135,1.7400000000000003e-21,81.3,138,0.9637681159420289,<=>
10127,BSU_27410,STM2827,45.281,890,453,11,5,878,4,875,0.0,758.0,878,1.0136674259681093,<=>
10132,BSU_27430,STM0828,58.159,239,100,0,1,239,1,239,7e-100,288.0,242,0.987603305785124,<=>
10248,BSU_27500,STM1234,55.769,364,153,4,1,359,16,376,1.26e-141,404.0,371,0.9811320754716981,<=>
10249,BSU_27510,STM2543,43.158,380,207,6,4,378,5,380,2.69e-98,295.0,379,1.0026385224274406,<=>
10255,BSU_27530,STM0962,38.78,410,245,3,1,404,13,422,2.16e-91,280.0,421,0.9738717339667459,<=>
10262,BSU_27550,STM1901,52.941,595,267,7,4,592,2,589,0.0,618.0,592,1.0050675675675675,<=>
10269,BSU_27560,STM2522,44.988,409,218,4,7,412,9,413,7.400000000000001e-124,363.0,424,0.964622641509434,<=>
10274,BSU_27590,STM4028,46.457,127,68,0,1,127,15,141,8.26e-40,127.0,132,0.9621212121212122,<=>
10275,BSU_27600,STM3742,40.195,719,402,8,17,734,12,703,0.0,575.0,734,0.9795640326975477,<=>
10277,BSU_27610,STM0483,54.321,162,74,0,3,164,11,172,1.75e-53,165.0,170,0.9529411764705882,<=>
10284,BSU_27710,STM0405,57.66,359,151,1,19,376,12,370,1.59e-153,435.0,381,0.9422572178477691,<=>
10285,BSU_27720,STM0404,46.667,345,178,5,1,341,1,343,5.1799999999999997e-104,306.0,342,1.0087719298245614,<=>
10287,BSU_27730,STM1894,60.79,329,129,0,3,331,5,333,8.669999999999999e-147,414.0,334,0.9850299401197605,<=>
10290,BSU_27740,STM1895,33.333,207,127,5,1,200,1,203,6.030000000000001e-32,112.0,201,1.0298507462686568,<=>
10291,BSU_27760,STM4434,39.241,395,238,2,17,411,16,408,9.57e-105,314.0,435,0.9080459770114943,<=>
10292,BSU_27770,STM4433,46.547,333,176,1,3,333,2,334,2.43e-108,317.0,341,0.9765395894428153,<=>
10302,BSU_27820,STM1899,50.209,239,113,3,1,237,1,235,2.34e-77,231.0,240,0.9958333333333333,<=>
10305,BSU_27850,STM0756,26.866,335,190,10,45,365,46,339,2.3099999999999998e-30,115.0,368,0.9103260869565217,<=>
10306,BSU_27860,STM0145,42.857,252,142,2,22,272,44,294,6.1e-66,205.0,289,0.8719723183391004,<=>
10307,BSU_27870,STM2641,38.372,516,281,11,6,489,11,521,8.86e-96,298.0,531,0.9717514124293786,<=>
10315,BSU_27920,STM3301,48.555,346,172,2,2,344,3,345,3.73e-98,296.0,428,0.8084112149532711,<=>
10319,BSU_27940,STM3303,62.195,82,30,1,9,89,1,82,1.37e-26,90.9,94,0.8723404255319149,<=>
10320,BSU_27960,STM3304,44.66,103,56,1,1,102,1,103,1.86e-27,94.0,102,1.0098039215686274,<=>
10321,BSU_27990,STM1815,43.223,273,143,5,1,265,1,269,1.1e-76,231.0,268,1.0186567164179106,<=>
10326,BSU_28030,STM3374,57.864,337,135,3,3,334,7,341,5.46e-134,382.0,337,1.0,<=>
10331,BSU_28040,STM3729,35.211,213,138,0,19,231,9,221,3.25e-45,147.0,231,0.922077922077922,<=>
10332,BSU_28050,STM3371,46.995,183,96,1,5,186,4,186,2.0599999999999997e-52,164.0,189,0.9682539682539683,<=>
10334,BSU_28080,STM2365,30.194,361,231,4,23,383,31,370,1.56e-41,149.0,430,0.8395348837209302,<=>
10335,BSU_28090,STM4475,42.573,956,452,15,8,876,1,946,0.0,766.0,880,1.0863636363636364,<=>
10340,BSU_28120,STM0202,54.717,424,190,2,6,427,3,426,1.37e-173,489.0,430,0.986046511627907,<=>
10346,BSU_28130,STM0372,48.75,320,163,1,1,320,1,319,7.430000000000001e-103,301.0,324,0.9876543209876543,<=>
10347,BSU_28150,STM3938,45.724,304,159,4,5,305,11,311,1.8500000000000002e-85,257.0,314,0.9681528662420382,<=>
10348,BSU_28170,STM1777,34.889,407,264,1,1,407,1,406,3.52e-85,265.0,455,0.8945054945054945,<=>
10349,BSU_28190,STM4001,37.569,181,112,1,5,184,8,188,4.0399999999999996e-38,127.0,195,0.9282051282051282,<=>
10353,BSU_28200,STM0450,55.817,765,336,2,9,772,11,774,0.0,874.0,774,0.9883720930232558,<=>
10373,BSU_28220,STM0449,64.0,400,140,4,11,406,13,412,0.0,523.0,420,0.9523809523809523,<=>
10379,BSU_28230,STM0447,34.25,400,245,4,1,397,1,385,7.04e-64,209.0,424,0.9433962264150944,<=>
10380,BSU_28250,STM0110,49.5,200,97,4,2,198,3,201,2.81e-64,194.0,199,1.0050251256281406,<=>
10383,BSU_28260,STM0111,60.0,465,185,1,2,465,1,465,0.0,575.0,472,0.9851694915254238,<=>
10387,BSU_28270,STM0112,54.36,344,154,3,4,345,6,348,2.1e-129,372.0,365,0.9424657534246575,<=>
10389,BSU_28280,STM0113,47.485,497,259,1,2,498,3,497,2.08e-151,440.0,518,0.9594594594594594,<=>
10394,BSU_28300,STM0117,37.888,161,98,2,1,160,1,160,1.0600000000000001e-32,111.0,172,0.936046511627907,<=>
10396,BSU_28310,STM0116,48.718,546,267,6,36,569,1,545,0.0,540.0,574,0.9512195121951219,<=>
10407,BSU_28360,STM3103,47.644,191,97,2,4,192,1,190,5.56e-55,171.0,198,0.9646464646464646,<=>
10408,BSU_28370,STM3734,58.65,237,97,1,1,237,1,236,9.09e-91,265.0,245,0.9673469387755103,<=>
10427,BSU_28430,STM0735,29.384,211,128,7,33,235,33,230,6.230000000000001e-21,85.5,253,0.83399209486166,<=>
10428,BSU_28440,STM4343,33.158,570,341,11,29,579,33,581,1.77e-85,275.0,586,0.9726962457337884,<=>
10436,BSU_28490,STM1946,38.562,612,338,15,6,589,8,609,6.34e-125,378.0,590,1.0372881355932204,<=>
10438,BSU_28500,STM3915,48.077,104,52,1,3,104,5,108,4.5800000000000004e-33,108.0,104,1.0,<=>
10442,BSU_28520,STM0856,40.252,318,179,7,6,318,4,315,2.86e-56,182.0,325,0.9784615384615385,<=>
10453,BSU_28550,STM3389,24.623,199,117,7,10,187,15,201,1.29e-06,44.3,194,1.0257731958762886,<=>
10456,BSU_28560,STM1818,39.858,562,314,12,4,552,2,552,5.18e-124,373.0,560,1.0035714285714286,<=>
10465,BSU_28570,STM4374,22.727,110,83,1,7,116,5,112,1.66e-06,41.6,134,0.8208955223880597,<=>
10467,BSU_28630,STM1338,39.506,810,467,13,1,803,1,794,5.129999999999999e-170,508.0,804,1.007462686567164,<=>
10468,BSU_28640,STM1337,48.607,323,152,4,20,342,19,327,5.96e-113,328.0,344,0.938953488372093,<=>
10472,BSU_28670,STM0210,26.154,390,242,9,7,365,10,384,8.26e-38,137.0,368,1.059782608695652,<=>
10474,BSU_28690,STM2286,23.756,442,272,20,18,440,1,396,1.01e-15,75.5,444,0.9954954954954955,<=>
10475,BSU_28710,STM0600,44.894,568,284,6,1,540,32,598,5.930000000000001e-157,464.0,598,0.9498327759197325,<=>
10486,BSU_28780,STM0101,60.173,231,89,2,1,228,1,231,2.75e-96,278.0,229,1.0087336244541485,<=>
10491,BSU_28790,STM0103,31.284,553,345,12,1,530,1,541,1.2700000000000001e-86,276.0,560,0.9875,<=>
10496,BSU_28800,STM0102,53.131,495,228,3,6,496,6,500,0.0,566.0,496,0.9979838709677419,<=>
10499,BSU_28850,STM1336,58.12,117,49,0,1,117,1,117,8.3e-38,121.0,119,0.9831932773109243,<=>
10500,BSU_28860,STM1335,51.613,62,30,0,1,62,1,62,4.59e-15,60.1,66,0.9393939393939394,<=>
10501,BSU_28870,STM1334,51.429,140,67,1,31,169,2,141,1.38e-42,136.0,173,0.8092485549132948,<=>
10506,BSU_28920,STM2158,34.855,241,147,6,1,237,1,235,4.67e-40,135.0,241,1.0,<=>
10526,BSU_28930,STM2159,34.418,584,348,9,3,580,5,559,1.17e-99,311.0,593,0.984822934232715,<=>
10528,BSU_28940,STM3950,22.963,270,155,7,1,258,10,238,1.88e-10,56.6,260,1.0384615384615385,<=>
10539,BSU_29000,STM0415,47.619,147,77,0,1,147,1,147,5.62e-42,134.0,152,0.9671052631578947,<=>
10544,BSU_29040,STM0257,52.865,384,180,1,11,393,4,387,7.11e-134,386.0,396,0.9696969696969697,<=>
10568,BSU_29060,STM0140,40.556,180,104,1,1,180,1,177,2.8699999999999997e-40,133.0,197,0.9137055837563451,<=>
10570,BSU_29080,STM3726,39.927,273,159,3,1,273,1,268,6.53e-61,191.0,276,0.9891304347826086,<=>
10572,BSU_29090,STM3999,40.52,923,489,15,7,876,9,924,0.0,594.0,880,1.0488636363636363,<=>
10601,BSU_29110,STM4059,42.982,228,126,3,4,231,3,226,6.48e-49,157.0,240,0.95,<=>
10634,BSU_29120,STM3359,30.476,315,187,16,7,305,2,300,1.81e-24,98.2,312,1.0096153846153846,<=>
10635,BSU_29130,STM1238,66.351,422,125,3,3,422,10,416,0.0,565.0,423,0.9976359338061466,<=>
10637,BSU_29140,STM0369,37.903,372,221,4,7,372,22,389,2.84e-83,256.0,372,1.0,<=>
10639,BSU_29150,STM1280,35.938,128,81,1,17,144,17,143,1.49e-21,82.0,154,0.8311688311688312,<=>
10643,BSU_29180,STM1378,52.954,474,217,4,1,472,1,470,1.7499999999999999e-172,494.0,585,0.8102564102564103,<=>
10647,BSU_29190,STM4062,56.918,318,136,1,1,317,2,319,1.33e-128,367.0,319,0.9968652037617555,<=>
10648,BSU_29200,STM0232,53.526,312,142,1,5,313,6,317,6.93e-116,335.0,325,0.96,<=>
10649,BSU_29210,STM2366,47.49,259,133,1,21,276,16,274,1.88e-81,245.0,290,0.8931034482758621,<=>
10652,BSU_29230,STM0231,37.759,1160,666,21,3,1113,6,1158,0.0,728.0,1115,1.0403587443946187,<=>
10779,BSU_29400,STM1625,26.263,297,207,9,1,289,11,303,1.71e-19,84.0,308,0.9642857142857143,<=>
10830,BSU_29440,STM4123,48.791,455,232,1,4,457,3,457,1.3800000000000001e-157,451.0,461,0.9869848156182213,<=>
10833,BSU_29450,STM3290,28.502,414,250,16,5,387,34,432,1.3400000000000002e-35,133.0,403,1.0272952853598014,<=>
10834,BSU_29460,STM0803,42.759,145,82,1,15,159,12,155,1.1900000000000002e-37,124.0,170,0.8529411764705882,<=>
10836,BSU_29470,STM2057,54.592,392,176,1,3,394,4,393,4.8300000000000004e-160,453.0,395,0.9924050632911392,<=>
10840,BSU_29490,STM1682,41.463,164,93,2,4,164,5,168,2.39e-40,131.0,167,0.9820359281437125,<=>
10848,BSU_29550,STM1472,24.057,557,360,25,4,528,36,561,2.62e-17,82.0,529,1.052930056710775,<=>
10861,BSU_29600,STM0399,40.898,423,245,4,1,423,1,418,1.0400000000000001e-107,323.0,445,0.950561797752809,<=>
10873,BSU_29660,STM3416,49.048,210,93,5,1,200,1,206,2.27e-61,187.0,200,1.05,<=>
10874,BSU_29670,STM1449,54.118,425,187,4,2,422,4,424,7.3e-167,472.0,422,1.0071090047393365,<=>
10875,BSU_29680,STM4275,36.752,585,329,14,20,572,53,628,3.35e-114,351.0,572,1.0227272727272727,<=>
10888,BSU_29740,STM4094,35.758,330,211,1,5,334,11,339,1.2e-68,215.0,334,0.9880239520958084,<=>
10910,BSU_29860,STM1612,31.285,358,228,10,3,348,6,357,4.5399999999999996e-42,147.0,357,1.0028011204481793,<=>
10927,BSU_29990,STM3851,41.86,430,241,6,1,429,60,481,7.59e-105,317.0,432,0.9953703703703703,<=>
11007,BSU_30035,STM2222,40.773,233,130,5,1,231,1,227,9.43e-47,152.0,239,0.9748953974895398,<=>
11011,BSU_30060,STM3588,34.739,403,243,9,1,403,1,383,2.32e-66,214.0,420,0.9595238095238096,<=>
11015,BSU_30070,STM0074,29.707,478,317,10,28,493,34,504,2.5500000000000002e-59,201.0,512,0.93359375,<=>
11046,BSU_30200,STM0794,35.254,295,185,5,30,319,17,310,7.82e-59,190.0,335,0.8805970149253731,<=>
11047,BSU_30210,STM0797,35.437,206,125,6,4,204,5,207,3.15e-26,99.0,231,0.8917748917748918,<=>
11052,BSU_30230,STM0793,34.152,448,268,8,1,444,1,425,8.52e-86,266.0,448,1.0,<=>
11086,BSU_30300,STM4298,48.984,443,212,4,3,431,6,448,3.29e-146,421.0,432,1.025462962962963,<=>
11089,BSU_30320,STM0648,43.453,863,416,13,3,802,5,858,0.0,692.0,804,1.0733830845771144,<=>
11407,BSU_30480,STM3329,39.933,298,165,4,23,315,14,302,8.5e-79,240.0,322,0.9254658385093167,<=>
11409,BSU_30520,STM3399,42.604,169,90,1,4,165,7,175,6.47e-38,125.0,171,0.9883040935672515,<=>
11412,BSU_30530,STM0400,53.187,455,213,0,3,457,2,456,1.23e-168,479.0,463,0.9827213822894169,<=>
11426,BSU_30540,STM0680,28.543,508,286,18,1,471,1,468,6.7e-48,173.0,632,0.8037974683544303,<=>
11430,BSU_30550,STM3090,63.104,393,131,3,5,397,3,381,0.0,508.0,400,0.9825,<=>
11431,BSU_30560,STM3500,48.771,529,253,8,9,526,18,539,1.0299999999999998e-170,490.0,527,1.0037950664136623,<=>
11521,BSU_30670,STM2817,37.748,151,90,2,1,148,1,150,1.95e-32,110.0,157,0.9617834394904459,<=>
11523,BSU_30700,STM0469,40.506,79,44,2,1,78,1,77,4.88e-14,58.5,82,0.9634146341463414,<=>
11530,BSU_30740,STM2864,30.769,286,170,7,12,295,23,282,2.71e-29,110.0,295,0.9694915254237289,<=>
11535,BSU_30760,STM2862,44.068,236,129,2,4,236,6,241,8.049999999999999e-69,210.0,250,0.944,<=>
11622,BSU_30770,STM2861,28.571,308,195,6,5,306,10,298,1.65e-32,119.0,306,1.0065359477124183,<=>
11625,BSU_30780,STM3697,24.86,358,215,11,27,358,57,386,5.120000000000001e-22,93.6,371,0.9649595687331537,<=>
11641,BSU_30800,STM2307,68.75,272,82,3,3,271,14,285,5.36e-139,390.0,271,1.003690036900369,<=>
11645,BSU_30810,STM2308,29.752,242,157,4,20,260,10,239,2.87e-25,98.2,274,0.8832116788321168,<=>
11650,BSU_30820,STM2309,29.319,573,363,11,9,569,10,552,7.110000000000001e-70,232.0,580,0.9879310344827587,<=>
11680,BSU_30940,STM3534,44.528,795,424,5,15,797,24,813,0.0,657.0,798,0.9962406015037594,<=>
11682,BSU_30950,STM3535,37.423,489,273,10,1,472,1,473,1.35e-96,297.0,484,1.0103305785123966,<=>
11684,BSU_30970,STM3536,39.259,405,212,8,6,377,21,424,2.3799999999999998e-95,288.0,380,1.0657894736842106,<=>
11686,BSU_30980,STM3538,43.344,616,327,8,10,610,109,717,7.17e-174,509.0,627,0.9824561403508771,<=>
11691,BSU_31010,STM3199,26.441,503,295,19,23,470,29,511,2.16e-20,91.3,509,0.9882121807465619,<=>
11693,BSU_31050,STM2973,36.872,358,222,4,25,381,14,368,9.100000000000001e-64,206.0,402,0.8905472636815921,<=>
11719,BSU_31150,STM3205,46.183,262,133,3,5,264,7,262,1.54e-79,239.0,276,0.9492753623188406,<=>
11723,BSU_31170,STM3223,45.399,326,176,1,1,326,1,324,2.03e-101,298.0,328,0.9939024390243902,<=>
11731,BSU_31180,STM4046,60.0,415,165,1,3,417,5,418,0.0,534.0,424,0.9787735849056604,<=>
11732,BSU_31190,STM4043,58.252,103,43,0,1,103,1,103,5.42e-43,133.0,104,0.9903846153846154,<=>
11733,BSU_31200,STM4047,41.756,467,255,5,5,463,8,465,6.7e-120,357.0,485,0.9628865979381444,<=>
11738,BSU_31210,STM2837,36.948,249,149,5,5,249,5,249,1.58e-45,150.0,258,0.9651162790697675,<=>
11829,BSU_31370,STM3164,40.162,371,214,7,1,368,1,366,7.23e-88,268.0,387,0.958656330749354,<=>
11844,BSU_31400,STM2331,32.787,366,218,13,33,382,46,399,6.3e-44,154.0,386,0.9481865284974094,<=>
11856,BSU_31440,STM1557,37.949,390,236,3,1,384,1,390,1.41e-85,263.0,387,1.0077519379844961,<=>
11888,BSU_31480,STM1154,38.961,385,232,2,2,385,18,400,2.87e-72,228.0,392,0.9821428571428571,<=>
11905,BSU_31520,STM4304,34.766,535,334,2,2,528,12,539,2.03e-113,344.0,533,1.00375234521576,<=>
11914,BSU_31530,STM4303,44.958,238,128,2,1,235,1,238,1.41e-66,203.0,235,1.0127659574468084,<=>
12077,BSU_31580,STM0057,32.42,438,285,5,14,442,6,441,3.69e-75,239.0,448,0.9776785714285714,<=>
12087,BSU_31670,STM0599,42.975,121,68,1,4,124,17,136,8.39e-27,94.4,126,0.9603174603174603,<=>
12106,BSU_31760,STM1293,29.05,179,92,8,2,153,3,173,3.41e-09,51.2,183,0.9781420765027322,<=>
12108,BSU_31800,STM2493,27.129,317,213,9,36,344,34,340,1.1900000000000001e-32,122.0,369,0.8590785907859079,<=>
12123,BSU_31959,STM0587,36.667,60,38,0,1,60,3,62,3.58e-15,60.5,69,0.8695652173913043,<=>
12142,BSU_31970,STM0597,49.833,299,132,3,1,299,1,281,3.25e-99,290.0,312,0.9583333333333334,<=>
12144,BSU_31980,STM0596,46.84,538,267,8,5,532,5,533,1.74e-162,470.0,539,0.9981447124304267,<=>
12153,BSU_31990,STM0595,35.787,394,231,7,12,395,9,390,1.27e-74,234.0,398,0.9899497487437185,<=>
12157,BSU_32000,STM0598,40.377,265,138,2,1,260,1,250,1.56e-64,199.0,261,1.0153256704980842,<=>
12172,BSU_32050,STM4477,34.216,491,306,7,7,490,11,491,2.7e-83,264.0,500,0.982,<=>
12180,BSU_32130,STM0141,31.454,337,208,9,7,322,11,345,3.7e-47,159.0,326,1.0337423312883436,<=>
12185,BSU_32160,STM0204,40.0,105,63,0,4,108,23,127,7.33e-27,94.0,120,0.875,<=>
12188,BSU_32170,STM3947,35.336,283,170,6,5,284,3,275,7.999999999999999e-54,173.0,284,0.9964788732394366,<=>
12198,BSU_32240,STM0003,27.586,290,192,8,7,281,1,287,3.9900000000000006e-27,105.0,309,0.9385113268608414,<=>
12209,BSU_32290,STM0681,30.924,249,168,2,3,251,2,246,2.11e-41,139.0,256,0.97265625,<=>
12211,BSU_32330,STM0633,52.083,288,135,3,1,286,28,314,3.92e-102,299.0,298,0.9664429530201343,<=>
12218,BSU_32410,STM0523,35.78,436,272,5,1,430,1,434,1.91e-96,294.0,446,0.9775784753363229,<=>
12220,BSU_32430,STM3747,32.235,425,264,7,14,421,41,458,1.64e-57,193.0,449,0.9465478841870824,<=>
12227,BSU_32460,STM1097,36.842,114,64,3,4,114,28,136,3.26e-20,77.0,114,1.0,<=>
12229,BSU_32530,STM0527,47.772,404,211,0,9,412,6,409,1.26e-134,389.0,412,0.9805825242718447,<=>
12232,BSU_32550,STM4230,52.28,329,138,5,1,323,1,316,1.49e-116,340.0,367,0.896457765667575,<=>
12329,BSU_32570,STM3600,38.351,279,161,5,1,270,3,279,1.6300000000000002e-56,180.0,284,0.9823943661971831,<=>
12344,BSU_32590,STM3556,30.612,294,187,7,2,288,7,290,6.88e-36,127.0,292,1.0068493150684932,<=>
12350,BSU_32610,STM3601,44.3,307,167,2,24,328,21,325,5.4299999999999996e-92,274.0,328,0.9359756097560976,<=>
12358,BSU_32630,STM1803,24.344,419,246,17,5,366,4,408,2.23e-11,61.6,372,1.1263440860215055,<=>
12359,BSU_32670,STM1370,41.09,477,257,7,11,465,21,495,2.85e-126,373.0,465,1.0258064516129033,<=>
12361,BSU_32680,STM2542,31.618,136,69,5,11,141,3,119,2.58e-16,67.8,147,0.9251700680272109,<=>
12362,BSU_32690,STM1373,49.495,396,199,1,3,397,5,400,1.19e-148,424.0,406,0.9753694581280788,<=>
12368,BSU_32710,STM1371,53.252,246,113,1,6,249,2,247,9.639999999999999e-95,276.0,261,0.9425287356321839,<=>
12442,BSU_32730,STM0245,34.082,267,165,8,6,270,11,268,1.46e-38,133.0,274,0.9744525547445255,<=>
12445,BSU_32740,STM0512,43.662,213,117,1,10,222,7,216,5.2499999999999997e-39,131.0,222,0.9594594594594594,<=>
12460,BSU_32750,STM0247,48.547,344,173,2,1,341,1,343,3.1e-113,330.0,341,1.0087976539589443,<=>
12547,BSU_32800,STM3054,45.669,127,68,1,2,127,3,129,4.37e-38,122.0,127,1.0,<=>
12548,BSU_32810,STM2482,26.316,114,81,2,3,115,2,113,4.64e-08,45.1,118,0.9661016949152542,<=>
12554,BSU_32830,STM3982,47.208,394,194,6,1,389,1,385,2.07e-114,336.0,391,1.0076726342710998,<=>
12601,BSU_32920,STM1523,35.461,282,177,3,1,279,1,280,6.590000000000001e-57,182.0,295,0.9559322033898305,<=>
12642,BSU_32940,STM0590,50.988,253,124,0,9,261,11,263,9.640000000000001e-99,287.0,275,0.92,<=>
12739,BSU_32990,STM0831,22.963,135,100,2,17,150,33,164,2.66e-09,50.4,153,0.8823529411764706,<=>
12744,BSU_33000,STM3349,33.766,385,206,15,81,456,12,356,7.569999999999999e-42,149.0,458,0.8406113537117904,<=>
12800,BSU_33040,STM1469,62.719,456,169,1,4,458,5,460,0.0,603.0,462,0.987012987012987,<=>
12831,BSU_33120,STM1690,24.444,180,136,0,2,181,3,182,1.05e-10,56.6,225,0.8,<=>
12926,BSU_33180,STM3142,23.625,309,193,12,42,314,26,327,1.99e-16,75.9,314,0.9840764331210191,<=>
12940,BSU_33200,STM2668,31.752,274,185,2,15,288,16,287,1.0999999999999999e-42,145.0,292,0.9383561643835616,<=>
13181,BSU_33330,STM1477,32.189,466,279,12,5,467,3,434,1.71e-58,196.0,469,0.9936034115138592,<=>
13195,BSU_33380,STM0781,35.808,229,139,4,36,258,29,255,2.71e-43,145.0,260,0.8807692307692307,<=>
13196,BSU_33390,STM0782,38.164,207,128,0,20,226,11,217,6.120000000000001e-37,126.0,230,0.9,<=>
13207,BSU_33400,STM1676,47.49,259,128,5,11,262,6,263,3.14e-76,231.0,276,0.9384057971014492,<=>
13214,BSU_33420,STM4269,37.044,548,317,11,1,526,1,542,1.2e-102,321.0,670,0.817910447761194,<=>
13215,BSU_33430,STM2947,53.321,557,254,3,10,565,12,563,0.0,627.0,571,0.9754816112084063,<=>
13217,BSU_33440,STM2948,43.428,601,323,6,9,605,12,599,5.6e-177,511.0,605,0.9933884297520661,<=>
13224,BSU_33460,STM0205,31.25,208,123,8,6,202,6,204,5.26e-13,62.4,202,1.0297029702970297,<=>
13226,BSU_33490,STM3576,37.11,706,410,17,4,698,48,730,1.7799999999999998e-128,395.0,702,1.0056980056980056,<=>
13233,BSU_33500,STM0353,45.884,741,379,8,79,802,15,750,0.0,617.0,802,0.9239401496259352,<=>
13246,BSU_33530,STM1462,37.429,350,217,1,7,356,23,370,1.12e-94,284.0,358,0.9776536312849162,<=>
13256,BSU_33570,STM1653,44.444,99,55,0,4,102,7,105,1.7199999999999998e-23,84.7,119,0.8319327731092437,<=>
13272,BSU_33600,STM2688,40.397,151,89,1,3,152,8,158,5.76e-40,129.0,156,0.967948717948718,<=>
13273,BSU_33610,STM4368,38.292,726,437,7,20,737,33,755,2.18e-174,519.0,779,0.9319640564826701,<=>
13310,BSU_33730,STM1491,45.867,375,182,9,1,364,1,365,4.3e-110,325.0,381,0.984251968503937,<=>
13397,BSU_33800,STM1494,41.053,190,109,2,24,211,45,233,2.42e-41,138.0,229,0.8296943231441049,<=>
13404,BSU_33810,STM1493,31.655,278,164,7,36,297,28,295,5.12e-39,136.0,303,0.9174917491749175,<=>
13406,BSU_33820,STM1492,40.952,210,119,1,7,211,6,215,7.64e-44,143.0,217,0.967741935483871,<=>
13499,BSU_33850,STM1748,33.654,208,135,2,2,207,5,211,2.48e-35,121.0,211,0.985781990521327,<=>
13502,BSU_33900,STM2952,63.85,426,147,3,1,421,1,424,0.0,527.0,430,0.9906976744186047,<=>
13503,BSU_33910,STM3704,50.781,512,246,5,1,509,3,511,3.12e-179,511.0,511,1.0019569471624266,<=>
13504,BSU_33920,STM4081,40.323,248,147,1,1,248,1,247,2.97e-62,193.0,253,0.9802371541501976,<=>
13505,BSU_33930,STM3069,47.475,396,194,6,1,394,1,384,1.36e-115,339.0,394,1.0050761421319796,<=>
13506,BSU_33940,STM1290,55.856,333,144,2,1,332,1,331,4.79e-137,389.0,335,0.9940298507462687,<=>
13556,BSU_33980,STM3276,54.434,327,147,2,7,332,4,329,6.2e-125,358.0,336,0.9732142857142857,<=>
13557,BSU_33990,STM2281,34.572,269,168,4,1,266,1,264,1.03e-53,174.0,292,0.9212328767123288,<=>
13599,BSU_34000,STM4395,27.09,299,185,11,14,290,21,308,2.32e-06,45.4,305,0.980327868852459,<=>
13727,BSU_34140,STM4227,34.364,291,172,6,9,283,9,296,5.390000000000001e-44,148.0,283,1.028268551236749,<=>
13735,BSU_34160,STM4229,29.245,424,260,14,1,414,4,397,3.06e-38,139.0,421,1.007125890736342,<=>
13750,BSU_34180,STM0151,30.556,216,139,3,1,210,22,232,1.17e-24,95.1,219,0.9863013698630136,<=>
13764,BSU_34190,STM3692,55.124,566,231,6,3,563,4,551,0.0,580.0,563,1.0053285968028418,<=>
13775,BSU_34280,STM3707,31.778,343,186,12,5,322,8,327,3.18e-38,136.0,344,0.997093023255814,<=>
13803,BSU_34390,STM1623,34.681,470,268,15,5,454,8,458,1.6900000000000002e-72,235.0,489,0.9611451942740287,<=>
13805,BSU_34430,STM4510,26.891,238,147,5,2,225,5,229,7.7e-23,90.1,227,1.0484581497797356,<=>
13821,BSU_34490,STM4338,44.118,102,53,2,1,98,1,102,5.22e-20,75.5,111,0.918918918918919,<=>
13827,BSU_34540,STM0448,69.792,192,58,0,1,192,14,205,7.61e-101,287.0,197,0.9746192893401016,<=>
13875,BSU_34660,STM1781,39.147,539,299,8,10,527,16,546,5.28e-108,330.0,530,1.0169811320754718,<=>
13877,BSU_34680,STM3646,46.417,321,164,3,2,319,1,316,1.21e-101,299.0,325,0.9876923076923076,<=>
14022,BSU_34740,STM2431,45.783,83,45,0,1,83,1,83,9.240000000000001e-21,75.9,85,0.9764705882352941,<=>
14029,BSU_34770,STM3323,41.319,288,155,5,11,292,3,282,7.480000000000001e-72,220.0,295,0.976271186440678,<=>
14034,BSU_34790,STM0958,37.963,324,188,7,1,313,1,322,6.359999999999999e-68,212.0,316,1.0253164556962024,<=>
14128,BSU_34860,STM2078,48.705,193,93,1,12,204,16,202,1.31e-54,170.0,209,0.9234449760765551,<=>
14129,BSU_34870,STM2077,48.438,256,128,1,1,252,1,256,1.04e-78,235.0,252,1.0158730158730158,<=>
14131,BSU_34880,STM2076,35.124,242,147,4,6,240,2,240,9.999999999999999e-43,142.0,245,0.9877551020408163,<=>
14133,BSU_34890,STM2075,38.916,203,111,5,4,204,6,197,4.22e-34,117.0,212,0.9575471698113207,<=>
14135,BSU_34910,STM2072,39.036,415,245,3,10,421,17,426,8.05e-93,284.0,427,0.9718969555035128,<=>
14144,BSU_34970,STM3482,28.27,237,145,3,4,215,5,241,6.77e-23,90.1,216,1.0972222222222223,<=>
14148,BSU_34990,STM3002,29.924,264,160,7,8,248,11,272,4.79e-26,100.0,269,0.9814126394052045,<=>
14149,BSU_35010,STM0683,29.894,378,252,7,12,385,9,377,3.97e-40,144.0,396,0.9545454545454546,<=>
14150,BSU_35020,STM0684,40.417,240,137,3,1,234,1,240,1.55e-64,199.0,242,0.9917355371900827,<=>
14186,BSU_35160,STM4254,60.403,942,367,4,3,939,1,941,0.0,1149.0,957,0.9843260188087775,<=>
14223,BSU_35170,STM0798,59.009,666,265,2,1,658,1,666,0.0,793.0,661,1.0075642965204237,<=>
14252,BSU_35260,STM3570,46.948,213,113,0,1,213,1,213,2.6199999999999997e-68,206.0,228,0.9342105263157895,<=>
14341,BSU_35300,STM0136,49.557,902,388,9,1,839,2,899,0.0,851.0,841,1.0725326991676576,<=>
14346,BSU_35330,STM1961,37.069,116,66,2,9,117,9,124,3.91e-18,72.4,133,0.8721804511278195,<=>
14347,BSU_35340,STM1960,23.152,514,307,21,7,494,8,459,5.69e-11,61.6,498,1.0321285140562249,<=>
14353,BSU_35370,STM2826,41.667,60,35,0,1,60,1,60,3.89e-17,65.5,74,0.8108108108108109,<=>
14354,BSU_35400,STM1184,25.723,311,190,12,1,281,1,300,1.23e-17,78.6,298,1.0436241610738255,<=>
14359,BSU_35450,STM3510,24.201,219,135,10,39,240,22,226,8.12e-07,45.4,240,0.9125,<=>
14398,BSU_35510,STM3985,33.52,179,117,1,18,194,17,195,3.13e-31,110.0,217,0.8248847926267281,<=>
14413,BSU_35600,STM2102,28.785,469,324,4,3,466,2,465,3.2000000000000005e-73,236.0,483,0.9710144927536232,<=>
14417,BSU_35660,STM3920,54.839,372,153,3,4,363,1,369,2.44e-137,394.0,380,0.9789473684210527,<=>
14418,BSU_35670,STM1752,45.205,292,149,4,2,284,6,295,1.45e-76,233.0,292,1.0,<=>
14494,BSU_35710,STM0722,22.857,280,181,10,1,272,1,253,6.72e-05,40.4,275,1.018181818181818,<=>
14498,BSU_35750,STM3929,30.303,231,152,6,5,230,11,237,4.2e-33,118.0,256,0.90234375,<=>
14501,BSU_35830,STM3091,39.278,443,262,4,2,439,11,451,1.13e-96,296.0,457,0.9693654266958425,<=>
14542,BSU_35910,STM1555,32.237,304,195,6,1,295,1,302,1.1599999999999999e-42,147.0,326,0.9325153374233128,<=>
14559,BSU_35920,STM3885,37.667,300,177,2,3,292,6,305,2.48e-47,158.0,293,1.023890784982935,<=>
14567,BSU_35930,STM3881,45.07,142,64,2,1,131,1,139,1.35e-40,129.0,131,1.083969465648855,<=>
14569,BSU_35940,STM3882,47.551,490,255,2,3,491,5,493,1.66e-157,454.0,493,0.9939148073022313,<=>
14711,BSU_35950,STM3883,51.757,313,149,2,11,321,9,321,5.81e-101,296.0,322,0.9720496894409938,<=>
14715,BSU_35960,STM3884,54.717,265,118,2,39,301,28,292,2.25e-98,288.0,305,0.8688524590163934,<=>
14729,BSU_35990,STM0085,40.828,169,85,3,3,165,2,161,1.31e-38,127.0,175,0.9657142857142857,<=>
14742,BSU_36020,STM1487,40.078,257,139,4,1,249,3,252,1.2299999999999999e-55,179.0,302,0.8509933774834437,<=>
14781,BSU_36110,STM1001,33.071,127,77,3,12,133,3,126,3.69e-14,63.2,158,0.8037974683544303,<=>
14826,BSU_36170,STM4168,29.612,206,133,7,21,223,10,206,3.07e-25,96.3,238,0.865546218487395,<=>
14842,BSU_36300,STM0164,32.937,252,153,5,1,243,1,245,1.4200000000000002e-32,117.0,258,0.9767441860465116,<=>
14866,BSU_36360,STM3410,54.264,129,51,2,4,125,6,133,1.43e-37,121.0,130,0.9923076923076923,<=>
14867,BSU_36370,STM0227,48.921,139,69,1,2,138,8,146,3.31e-44,139.0,141,0.9858156028368794,<=>
14882,BSU_36450,STM2280,37.533,381,237,1,5,384,3,383,8.17e-87,266.0,396,0.9621212121212122,<=>
14896,BSU_36470,STM0522,38.298,423,257,4,50,469,2,423,2.26e-101,308.0,490,0.863265306122449,<=>
14918,BSU_36490,STM1902,46.561,189,94,3,5,188,2,188,4.84e-56,172.0,189,1.0,<=>
14920,BSU_36510,STM0463,46.384,401,207,5,5,401,31,427,3.75e-112,332.0,404,0.9925742574257426,<=>
14921,BSU_36520,STM2561,41.071,112,66,0,5,116,1,112,3.81e-28,96.7,116,0.9655172413793104,<=>
14930,BSU_36560,STM1590,28.221,163,115,2,1,162,1,162,1.09e-16,70.5,163,1.0,<=>
14933,BSU_36590,STM1739,27.984,486,340,6,2,482,6,486,5.61e-66,217.0,482,1.008298755186722,<=>
14942,BSU_36700,STM0802,33.432,338,214,6,5,341,2,329,1.84e-53,176.0,341,0.9912023460410557,<=>
14943,BSU_36710,STM4038,28.794,257,172,5,11,260,23,275,2.01e-25,98.6,262,0.9809160305343512,<=>
14944,BSU_36760,STM3307,50.474,422,204,4,1,420,1,419,8.69e-137,396.0,436,0.9678899082568807,<=>
14945,BSU_36800,STM3864,33.594,128,84,1,3,129,4,131,2.2399999999999998e-23,85.9,132,0.9696969696969697,<=>
14946,BSU_36810,STM3865,64.392,469,158,4,1,469,1,460,0.0,606.0,473,0.9915433403805497,<=>
14951,BSU_36820,STM3866,37.282,287,179,1,1,286,1,287,6.550000000000001e-66,205.0,287,1.0,<=>
14952,BSU_36830,STM3867,54.902,510,217,3,1,497,1,510,0.0,567.0,502,1.0159362549800797,<=>
14957,BSU_36840,STM3868,23.353,167,126,2,6,172,7,171,1.36e-12,60.1,181,0.9226519337016574,<=>
14958,BSU_36850,STM3869,31.25,160,96,4,14,166,4,156,6.98e-14,62.8,170,0.9411764705882353,<=>
14960,BSU_36870,STM3871,30.645,248,117,10,27,244,49,271,9.790000000000001e-21,85.5,244,1.0163934426229508,<=>
14961,BSU_36890,STM2498,52.381,210,94,2,3,209,2,208,1.92e-75,223.0,209,1.0047846889952152,<=>
14963,BSU_36900,STM2555,57.635,406,168,2,8,410,12,416,1.7499999999999998e-165,468.0,415,0.9783132530120482,<=>
14964,BSU_36930,STM2117,30.405,148,96,3,3,149,5,146,1.61e-13,61.2,150,0.9866666666666667,<=>
14965,BSU_36940,STM1834,27.429,175,121,2,14,182,26,200,2.04e-12,60.1,185,0.9459459459459459,<=>
14971,BSU_37000,STM2385,32.453,265,147,9,1,247,13,263,5.4699999999999996e-30,112.0,288,0.9201388888888888,<=>
14974,BSU_37010,STM1776,50.284,352,171,2,1,351,5,353,4.56e-122,353.0,356,0.9887640449438202,<=>
14977,BSU_37020,STM0235,65.079,126,44,0,3,128,4,129,1.3600000000000002e-57,172.0,128,0.984375,<=>
14978,BSU_37050,STM1566,44.771,545,296,4,35,577,17,558,2.03e-164,478.0,582,0.936426116838488,<=>
14980,BSU_37060,STM1750,30.435,184,111,7,16,188,10,187,1.19e-16,72.0,195,0.9435897435897436,<=>
14981,BSU_37070,STM4096,45.455,66,35,1,1,65,1,66,1.02e-20,74.3,66,1.0,<=>
14983,BSU_37080,STM3917,56.563,419,174,4,4,415,1,418,1.59e-171,484.0,427,0.9812646370023419,<=>
14988,BSU_37090,STM4085,49.541,327,152,1,1,314,1,327,1.07e-108,317.0,321,1.0186915887850467,<=>
14991,BSU_37110,STM4109,36.792,212,131,2,1,210,1,211,6.55e-46,149.0,212,1.0,<=>
14994,BSU_37120,STM3253,44.526,274,147,3,1,272,1,271,7.27e-80,240.0,285,0.9614035087719298,<=>
15029,BSU_37150,STM2953,57.885,539,214,3,2,530,3,538,0.0,631.0,535,1.0074766355140188,<=>
15041,BSU_37230,STM0984,36.538,520,315,7,58,571,72,582,1.2599999999999998e-104,324.0,575,0.9043478260869565,<=>
15127,BSU_37250,STM1580,38.426,216,129,4,9,222,12,225,1.83e-39,132.0,223,0.968609865470852,<=>
15130,BSU_37270,STM1763,59.298,484,193,3,1,482,1,482,0.0,641.0,487,0.9938398357289527,<=>
15147,BSU_37280,STM1764,52.446,1247,554,15,7,1227,2,1235,0.0,1348.0,1228,1.015472312703583,<=>
15170,BSU_37320,STM1765,25.346,434,249,16,15,386,44,464,1.66e-20,90.1,395,1.09873417721519,<=>
15176,BSU_37330,STM1909,26.656,604,368,22,1,556,1,577,7.71e-39,147.0,556,1.0863309352517985,<=>
15255,BSU_37480,STM4549,48.701,154,77,2,1,154,1,152,2.74e-49,153.0,157,0.9808917197452229,<=>
15257,BSU_37490,STM3078,35.636,275,168,5,16,285,27,297,9.67e-47,156.0,290,0.9482758620689655,<=>
15259,BSU_37500,STM0166,36.786,280,169,4,4,276,6,284,7.97e-69,212.0,276,1.0144927536231885,<=>
15269,BSU_37560,STM1333,47.525,606,316,2,7,610,4,609,0.0,614.0,638,0.9498432601880877,<=>
15273,BSU_37570,STM1574,29.736,417,273,5,19,425,8,414,6.36e-34,130.0,466,0.8948497854077253,<=>
15289,BSU_37650,STM2201,35.246,244,153,3,6,249,8,246,1.89e-42,144.0,299,0.8160535117056856,<=>
15390,BSU_37760,STM2200,44.156,462,235,6,8,451,13,469,2.21e-131,386.0,470,0.9829787234042553,<=>
15418,BSU_37820,STM2096,35.581,267,155,7,3,253,2,267,2.36e-47,157.0,283,0.9434628975265018,<=>
15421,BSU_37830,STM3922,48.204,334,151,4,3,314,2,335,1.67e-105,309.0,315,1.0603174603174603,<=>
15431,BSU_37840,STM2095,43.46,237,130,4,2,235,5,240,6.18e-64,198.0,246,0.9634146341463414,<=>
15440,BSU_37890,STM2297,44.297,377,206,3,8,384,10,382,1.89e-113,333.0,389,0.9691516709511568,<=>
15445,BSU_37930,STM2981,34.167,120,78,1,2,121,4,122,4.88e-17,68.9,123,0.975609756097561,<=>
15446,BSU_37940,STM0524,28.894,443,278,14,4,429,10,432,3.3e-36,135.0,440,1.0068181818181818,<=>
15462,BSU_37970,STM2647,51.389,216,103,2,8,221,6,221,2.16e-78,232.0,225,0.96,<=>
15475,BSU_38060,STM3476,34.241,257,163,3,1,256,1,252,2e-39,135.0,256,1.00390625,<=>
15483,BSU_38150,STM0441,45.128,195,107,0,6,200,8,202,2.4e-56,174.0,204,0.9558823529411765,<=>
15484,BSU_38160,STM0442,50.704,639,307,5,13,646,14,649,0.0,649.0,649,0.9845916795069337,<=>
15486,BSU_38200,STM0774,40.979,388,214,9,1,384,3,379,4.29e-99,296.0,390,0.9948717948717949,<=>
15489,BSU_38240,STM4273,46.139,518,268,4,2,512,32,545,1.02e-156,454.0,513,1.0097465886939572,<=>
15494,BSU_38290,STM4163,32.24,183,118,3,27,207,20,198,2.12e-20,82.8,222,0.8243243243243243,<=>
15495,BSU_38300,STM2147,39.271,247,146,3,6,252,11,253,1.49e-44,149.0,272,0.9080882352941176,<=>
15496,BSU_38310,STM4270,38.356,292,177,3,1,291,1,290,5.860000000000001e-72,221.0,301,0.9700996677740864,<=>
15538,BSU_38320,STM2181,36.937,111,66,3,12,119,14,123,2.16e-12,57.0,128,0.8671875,<=>
15540,BSU_38330,STM2182,39.07,215,131,0,7,221,8,222,4.25e-43,142.0,225,0.9555555555555556,<=>
15543,BSU_38340,STM3113,23.398,359,242,12,25,356,19,371,1.9e-06,46.6,399,0.899749373433584,<=>
15546,BSU_38360,STM1080,33.077,390,252,6,4,389,12,396,3.56e-57,189.0,396,0.9848484848484849,<=>
15548,BSU_38370,STM1435,36.22,127,73,5,4,125,2,125,1.07e-11,55.5,126,1.007936507936508,<=>
15563,BSU_38490,STM4090,26.059,307,219,3,11,310,2,307,2.6200000000000003e-21,89.4,311,0.9871382636655949,<=>
15584,BSU_38560,STM1316,53.258,445,205,3,1,442,1,445,4.0699999999999997e-171,485.0,442,1.006787330316742,<=>
15586,BSU_38570,STM1314,41.0,100,59,0,3,102,15,114,3.82e-22,81.3,110,0.9090909090909091,<=>
15587,BSU_38580,STM1313,34.047,467,254,15,1,437,1,443,5.14e-69,223.0,452,1.0331858407079646,<=>
15588,BSU_38590,STM1312,45.055,91,48,1,2,92,5,93,7.6e-19,72.0,102,0.8921568627450981,<=>
15589,BSU_38600,STM4448,28.25,623,416,15,25,634,25,629,1.45e-66,227.0,641,0.9719188767550702,<=>
15594,BSU_38640,STM0436,27.747,364,245,12,13,367,2,356,4.03e-09,55.1,400,0.91,<=>
15767,BSU_38740,STM0957,31.721,517,325,6,63,559,73,581,3.5299999999999997e-81,263.0,567,0.9118165784832452,<=>
15841,BSU_38750,STM0741,32.703,370,214,4,4,338,7,376,2.16e-63,203.0,338,1.0946745562130178,<=>
15845,BSU_38760,STM1792,38.604,487,234,5,6,434,7,486,5.549999999999999e-104,317.0,468,1.0405982905982907,<=>
15946,BSU_38860,STM0776,58.333,336,139,1,1,335,1,336,5.54e-146,412.0,339,0.9911504424778761,<=>
16002,BSU_38910,STM2246,38.164,207,118,3,7,210,8,207,6.319999999999999e-42,138.0,218,0.9495412844036697,<=>
16031,BSU_38920,STM1227,55.087,403,178,3,3,404,2,402,3.19e-155,441.0,410,0.9829268292682927,<=>
16047,BSU_39010,STM1835,33.597,253,152,8,10,258,3,243,7.990000000000001e-32,115.0,282,0.8971631205673759,<=>
16049,BSU_39050,STM1318,55.409,684,281,8,18,684,65,741,0.0,764.0,686,0.9970845481049563,<=>
16073,BSU_39350,STM0791,47.78,473,242,3,30,497,32,504,9.799999999999999e-147,427.0,508,0.9311023622047244,<=>
16075,BSU_39370,STM0787,41.595,351,204,1,62,411,56,406,1.07e-89,275.0,421,0.833729216152019,<=>
16076,BSU_39380,STM0788,25.746,268,170,9,46,305,58,304,1.08e-16,76.3,319,0.8401253918495298,<=>
16090,BSU_39400,STM4568,45.658,403,213,4,5,402,6,407,4.94e-109,326.0,433,0.930715935334873,<=>
16091,BSU_39410,STM2409,60.847,378,142,2,21,392,22,399,8.439999999999999e-152,432.0,393,0.9618320610687023,<=>
16092,BSU_39420,STM4567,33.491,212,129,5,6,205,20,231,4.2e-21,85.9,223,0.9506726457399103,<=>
16093,BSU_39430,STM4073,26.984,315,208,10,4,310,14,314,9.93e-28,107.0,313,1.0063897763578276,<=>
16094,BSU_39450,STM2460,43.276,409,192,7,1,370,1,408,1.04e-94,286.0,370,1.1054054054054054,<=>
16204,BSU_39550,STM3831,51.504,266,129,0,3,268,4,269,2.3e-90,266.0,270,0.9851851851851852,<=>
16348,BSU_39680,STM4427,36.162,271,169,3,1,268,2,271,7.709999999999999e-55,176.0,278,0.9748201438848921,<=>
16351,BSU_39690,STM4436,42.905,296,157,3,1,287,1,293,1.07e-89,266.0,289,1.0242214532871972,<=>
16353,BSU_39700,STM4425,49.852,337,168,1,1,337,1,336,5.15e-131,375.0,344,0.9796511627906976,<=>
16373,BSU_39720,STM4424,62.457,293,108,2,3,293,10,302,3.6499999999999997e-134,379.0,297,0.9865319865319865,<=>
16374,BSU_39730,STM4431,53.953,645,287,3,3,637,2,646,0.0,720.0,637,1.012558869701727,<=>
16392,BSU_39750,STM4420,49.799,249,124,1,20,268,15,262,1.0199999999999999e-82,246.0,271,0.9188191881918819,<=>
16393,BSU_39760,STM4421,47.639,487,246,4,4,482,1,486,2.08e-159,459.0,487,1.0,<=>
16447,BSU_39820,STM0487,38.268,635,362,12,4,626,15,631,1.77e-145,433.0,626,1.0143769968051117,<=>
16480,BSU_39970,STM2192,30.075,399,231,13,11,389,2,372,4.34e-34,127.0,402,0.9925373134328358,<=>
16503,BSU_40040,STM2959,59.367,379,154,0,1,379,1,379,1.33e-151,430.0,382,0.9921465968586387,<=>
16507,BSU_40050,STM3357,27.861,201,127,6,22,217,17,204,7.71e-12,60.1,243,0.8271604938271605,<=>
16528,BSU_40090,STM0608,66.31,187,63,0,1,187,1,187,1.14e-96,275.0,187,1.0,<=>
16531,BSU_40100,STM0609,55.405,518,221,4,2,509,1,518,0.0,579.0,509,1.0176817288801572,<=>
16537,BSU_40110,STM3051,65.409,477,161,2,3,479,5,477,0.0,671.0,479,0.9958246346555324,<=>
16587,BSU_40230,STM0641,31.447,159,104,3,1,159,1,154,1.5e-26,95.5,159,1.0,<=>
16621,BSU_40350,STM2361,36.184,456,279,6,11,456,14,467,3.04e-96,295.0,461,0.9891540130151844,<=>
16698,BSU_40420,STM4366,48.14,430,221,2,2,429,3,432,5.12e-145,417.0,430,1.0,<=>
16699,BSU_40440,STM4246,45.558,439,232,6,8,440,25,462,5.8300000000000005e-133,389.0,454,0.9669603524229075,<=>
16700,BSU_40480,STM1278,41.944,391,220,4,4,392,7,392,8.08e-77,240.0,402,0.972636815920398,<=>
16703,BSU_40500,STM4394,32.667,150,98,3,1,148,1,149,6.63e-18,72.4,149,1.0067114093959733,<=>
16819,BSU_40660,STM1486,43.194,382,217,0,1,382,24,405,5.15e-97,293.0,404,0.9455445544554455,<=>
16871,BSU_40680,STM2312,26.667,135,93,3,12,142,17,149,1.08e-08,48.1,147,0.9183673469387755,<=>
16907,BSU_40840,STM2179,30.144,418,271,10,20,428,11,416,3.1800000000000004e-35,133.0,451,0.926829268292683,<=>
16928,BSU_40850,STM0472,60.87,184,70,2,2,184,1,183,5.670000000000001e-79,230.0,184,1.0,<=>
16944,BSU_40880,STM1302,31.203,266,159,8,1,246,1,262,2.39e-33,119.0,252,1.0555555555555556,<=>
16945,BSU_40890,STM4393,58.209,67,28,0,11,77,6,72,7.72e-26,87.8,79,0.8481012658227848,<=>
16947,BSU_40900,STM4256,33.708,178,104,5,2,172,6,176,2.51e-19,77.8,172,1.0348837209302326,<=>
16949,BSU_40920,STM1784,54.372,366,164,1,1,366,1,363,9.09e-146,414.0,366,1.0,<=>
16979,BSU_41000,STM3873,33.333,210,128,3,10,219,9,206,6.46e-35,121.0,239,0.8786610878661087,<=>
16980,BSU_41010,STM3874,52.083,624,294,4,8,627,7,629,0.0,632.0,628,0.9936305732484076,<=>
16981,BSU_41020,STM3843,33.047,466,288,9,2,459,5,454,1.09e-78,249.0,459,1.0152505446623095,<=>
16986,BSU_41050,STM3840,29.825,114,70,3,6,114,11,119,9.31e-09,47.0,116,0.9827586206896551,<=>
